Time,Solar Radiation (W/M^2)
01/09/2022 14:10,214
01/09/2022 14:25,427
01/09/2022 14:39,448
01/09/2022 14:54,561
01/09/2022 15:09,428
01/09/2022 15:24,363
01/09/2022 15:39,329
01/09/2022 15:53,529
01/09/2022 16:08,579
01/09/2022 16:23,221
01/09/2022 16:38,257
01/09/2022 16:53,290
01/09/2022 16:54,260
01/09/2022 17:08,222
01/09/2022 17:23,227
01/09/2022 17:38,212
01/09/2022 17:53,471
01/09/2022 18:08,589
01/09/2022 18:22,624
01/09/2022 18:37,699
01/09/2022 18:52,497
01/09/2022 19:07,124
01/09/2022 19:22,147
01/09/2022 19:36,148
01/09/2022 19:51,261
01/09/2022 20:06,320
01/09/2022 20:21,274
01/09/2022 20:36,248
01/09/2022 20:51,168
01/09/2022 21:05,215
01/09/2022 21:20,216
01/09/2022 21:35,189
01/09/2022 21:50,74
01/09/2022 22:05,18
01/09/2022 22:20,8
01/09/2022 22:34,4
01/09/2022 22:49,2
01/09/2022 23:04,1
01/09/2022 23:19,0
01/09/2022 23:34,0
01/09/2022 23:49,0
02/09/2022 00:03,0
02/09/2022 00:18,0
02/09/2022 00:33,0
02/09/2022 00:48,0
02/09/2022 01:03,0
02/09/2022 01:18,0
02/09/2022 01:32,0
02/09/2022 01:47,0
02/09/2022 02:02,0
02/09/2022 02:17,0
02/09/2022 02:32,0
02/09/2022 02:48,0
02/09/2022 03:01,0
02/09/2022 03:16,0
02/09/2022 03:31,0
02/09/2022 03:46,0
02/09/2022 04:01,0
02/09/2022 04:15,0
02/09/2022 04:30,0
02/09/2022 04:45,0
02/09/2022 05:00,0
02/09/2022 05:15,0
02/09/2022 05:30,0
02/09/2022 05:44,0
02/09/2022 05:59,0
02/09/2022 06:14,0
02/09/2022 06:44,0
02/09/2022 06:59,0
02/09/2022 07:13,0
02/09/2022 07:28,0
02/09/2022 07:43,0
02/09/2022 07:58,0
02/09/2022 08:13,1
02/09/2022 08:28,3
02/09/2022 08:42,6
02/09/2022 08:57,18
02/09/2022 09:12,23
02/09/2022 09:27,32
02/09/2022 09:42,35
02/09/2022 09:57,72
02/09/2022 10:11,97
02/09/2022 10:26,151
02/09/2022 10:41,146
02/09/2022 10:56,129
02/09/2022 11:11,155
02/09/2022 11:40,184
02/09/2022 11:55,349
02/09/2022 12:10,441
02/09/2022 12:25,525
02/09/2022 12:40,209
02/09/2022 12:55,396
02/09/2022 13:09,439
02/09/2022 13:24,542
02/09/2022 13:39,397
02/09/2022 13:54,245
02/09/2022 14:09,557
02/09/2022 14:24,585
02/09/2022 14:38,573
02/09/2022 14:53,273
02/09/2022 15:08,662
02/09/2022 15:23,520
02/09/2022 15:38,597
02/09/2022 15:53,687
02/09/2022 16:07,622
02/09/2022 16:22,394
02/09/2022 16:37,357
02/09/2022 16:52,617
02/09/2022 17:07,548
02/09/2022 17:22,588
02/09/2022 17:36,572
02/09/2022 17:51,560
02/09/2022 18:06,544
02/09/2022 18:21,520
02/09/2022 18:36,485
02/09/2022 18:50,455
02/09/2022 19:05,423
02/09/2022 19:20,395
02/09/2022 19:35,363
02/09/2022 19:50,331
02/09/2022 20:05,301
02/09/2022 20:19,267
02/09/2022 20:34,233
02/09/2022 21:19,140
02/09/2022 21:34,109
02/09/2022 21:48,50
02/09/2022 22:03,24
02/09/2022 22:18,14
02/09/2022 22:33,6
02/09/2022 22:48,4
02/09/2022 23:03,1
02/09/2022 23:17,0
02/09/2022 23:32,0
02/09/2022 23:47,0
03/09/2022 00:02,0
03/09/2022 00:17,0
03/09/2022 00:32,0
03/09/2022 00:46,0
03/09/2022 01:01,0
03/09/2022 01:16,0
03/09/2022 01:31,0
03/09/2022 01:46,0
03/09/2022 02:01,0
03/09/2022 02:15,0
03/09/2022 02:30,0
03/09/2022 02:45,0
03/09/2022 03:00,0
03/09/2022 03:15,0
03/09/2022 03:30,0
03/09/2022 03:44,0
03/09/2022 03:59,0
03/09/2022 04:14,0
03/09/2022 04:29,0
03/09/2022 04:44,0
03/09/2022 04:59,0
03/09/2022 05:13,0
03/09/2022 05:28,0
03/09/2022 05:43,0
03/09/2022 05:58,0
03/09/2022 06:13,0
03/09/2022 06:28,0
03/09/2022 06:42,0
03/09/2022 06:57,0
03/09/2022 07:12,0
03/09/2022 07:27,0
03/09/2022 07:42,0
03/09/2022 07:57,0
03/09/2022 08:11,2
03/09/2022 08:26,5
03/09/2022 08:41,8
03/09/2022 08:56,12
03/09/2022 09:11,15
03/09/2022 09:25,18
03/09/2022 09:40,21
03/09/2022 09:55,23
03/09/2022 10:10,25
03/09/2022 10:25,26
03/09/2022 10:40,28
03/09/2022 11:09,31
03/09/2022 11:24,33
03/09/2022 11:39,165
03/09/2022 11:54,314
03/09/2022 12:09,199
03/09/2022 12:23,188
03/09/2022 12:53,128
03/09/2022 13:08,141
03/09/2022 13:23,178
03/09/2022 13:38,146
03/09/2022 13:52,144
03/09/2022 14:07,210
03/09/2022 14:22,219
03/09/2022 14:37,198
03/09/2022 14:52,248
03/09/2022 15:07,233
03/09/2022 15:21,227
03/09/2022 15:36,197
03/09/2022 15:51,188
03/09/2022 16:06,165
03/09/2022 16:21,180
03/09/2022 16:36,173
03/09/2022 16:50,155
03/09/2022 17:05,148
03/09/2022 17:20,154
03/09/2022 17:35,131
03/09/2022 17:50,126
03/09/2022 18:05,133
03/09/2022 18:19,151
03/09/2022 18:34,151
03/09/2022 18:49,134
03/09/2022 19:04,122
03/09/2022 19:19,138
03/09/2022 19:34,156
03/09/2022 19:48,173
03/09/2022 20:03,250
03/09/2022 20:18,199
03/09/2022 20:33,122
03/09/2022 20:48,110
03/09/2022 21:03,44
03/09/2022 21:17,36
03/09/2022 21:32,24
03/09/2022 21:47,16
03/09/2022 22:02,10
03/09/2022 22:17,7
03/09/2022 22:32,4
03/09/2022 22:46,2
03/09/2022 23:01,1
03/09/2022 23:16,0
03/09/2022 23:31,0
03/09/2022 23:46,0
04/09/2022 00:01,0
04/09/2022 00:15,0
04/09/2022 00:30,0
04/09/2022 00:45,0
04/09/2022 01:00,0
04/09/2022 01:15,0
04/09/2022 01:30,0
04/09/2022 01:44,0
04/09/2022 01:59,0
04/09/2022 02:14,0
04/09/2022 02:29,0
04/09/2022 02:44,0
04/09/2022 02:46,0
04/09/2022 03:00,0
04/09/2022 03:15,0
04/09/2022 03:30,0
04/09/2022 03:45,0
04/09/2022 04:00,0
04/09/2022 04:14,0
04/09/2022 04:29,0
04/09/2022 04:44,0
04/09/2022 04:59,0
04/09/2022 05:14,0
04/09/2022 05:29,0
04/09/2022 05:43,0
04/09/2022 05:58,0
04/09/2022 06:13,0
04/09/2022 06:28,0
04/09/2022 06:43,0
04/09/2022 06:58,0
04/09/2022 07:12,0
04/09/2022 07:27,0
04/09/2022 07:42,0
04/09/2022 07:57,0
04/09/2022 08:12,0
04/09/2022 08:27,3
04/09/2022 08:41,10
04/09/2022 08:56,19
04/09/2022 09:11,21
04/09/2022 09:26,20
04/09/2022 09:41,27
04/09/2022 09:56,36
04/09/2022 10:10,45
04/09/2022 10:25,52
04/09/2022 10:40,46
04/09/2022 10:55,46
04/09/2022 11:10,67
04/09/2022 11:25,100
04/09/2022 11:39,121
04/09/2022 11:54,131
04/09/2022 12:09,131
04/09/2022 12:24,143
04/09/2022 12:39,148
04/09/2022 12:54,118
04/09/2022 13:08,107
04/09/2022 13:23,87
04/09/2022 13:38,87
04/09/2022 13:53,68
04/09/2022 14:08,72
04/09/2022 14:23,90
04/09/2022 14:37,71
04/09/2022 14:52,85
04/09/2022 15:07,74
04/09/2022 15:22,79
04/09/2022 15:37,63
04/09/2022 15:52,62
04/09/2022 16:06,89
04/09/2022 16:21,98
04/09/2022 16:36,103
04/09/2022 16:51,106
04/09/2022 17:06,122
04/09/2022 17:21,158
04/09/2022 17:35,146
04/09/2022 17:50,129
04/09/2022 18:05,101
04/09/2022 18:20,109
04/09/2022 18:35,69
04/09/2022 18:49,49
04/09/2022 19:04,32
04/09/2022 19:19,23
04/09/2022 19:34,27
04/09/2022 19:49,51
04/09/2022 20:04,45
04/09/2022 20:18,36
04/09/2022 20:33,31
04/09/2022 20:48,34
04/09/2022 21:03,36
04/09/2022 21:18,34
04/09/2022 21:33,27
04/09/2022 21:47,21
04/09/2022 22:02,11
04/09/2022 22:17,5
04/09/2022 22:32,3
04/09/2022 22:47,0
04/09/2022 23:02,0
04/09/2022 23:16,0
04/09/2022 23:31,0
04/09/2022 23:46,0
05/09/2022 00:01,0
05/09/2022 00:16,0
05/09/2022 00:31,0
05/09/2022 00:45,0
05/09/2022 01:00,0
05/09/2022 01:15,0
05/09/2022 01:30,0
05/09/2022 01:45,0
05/09/2022 02:00,0
05/09/2022 02:14,0
05/09/2022 02:29,0
05/09/2022 02:44,0
05/09/2022 02:59,0
05/09/2022 03:14,0
05/09/2022 03:29,0
05/09/2022 03:43,0
05/09/2022 03:58,0
05/09/2022 04:13,0
05/09/2022 04:28,0
05/09/2022 04:43,0
05/09/2022 04:58,0
05/09/2022 05:12,0
05/09/2022 05:27,0
05/09/2022 05:42,0
05/09/2022 05:45,0
05/09/2022 06:00,0
05/09/2022 06:15,0
05/09/2022 06:29,0
05/09/2022 06:44,0
05/09/2022 06:59,0
05/09/2022 07:14,0
05/09/2022 07:29,0
05/09/2022 07:43,0
05/09/2022 07:58,0
05/09/2022 08:13,1
05/09/2022 08:28,4
05/09/2022 08:43,8
05/09/2022 08:58,12
05/09/2022 09:12,15
05/09/2022 09:27,18
05/09/2022 09:42,21
05/09/2022 09:57,23
05/09/2022 10:12,26
05/09/2022 10:26,28
05/09/2022 10:41,30
05/09/2022 10:56,31
05/09/2022 11:11,33
05/09/2022 11:26,34
05/09/2022 11:40,139
05/09/2022 11:55,312
05/09/2022 12:10,335
05/09/2022 12:25,368
05/09/2022 12:40,395
05/09/2022 12:54,410
05/09/2022 13:09,447
05/09/2022 13:24,470
05/09/2022 13:39,493
05/09/2022 13:54,512
05/09/2022 14:08,530
05/09/2022 14:23,549
05/09/2022 14:38,560
05/09/2022 14:53,575
05/09/2022 15:08,581
05/09/2022 15:11,588
05/09/2022 15:26,595
05/09/2022 15:40,599
05/09/2022 15:55,592
05/09/2022 16:10,576
05/09/2022 16:25,591
05/09/2022 16:40,582
05/09/2022 16:54,576
05/09/2022 17:09,568
05/09/2022 17:39,539
05/09/2022 17:54,512
05/09/2022 18:09,492
05/09/2022 18:23,463
05/09/2022 18:38,445
05/09/2022 18:53,423
05/09/2022 19:08,401
05/09/2022 19:23,376
05/09/2022 19:38,348
05/09/2022 19:52,261
05/09/2022 20:07,203
05/09/2022 20:22,173
05/09/2022 20:37,136
05/09/2022 20:52,85
05/09/2022 21:07,63
05/09/2022 21:21,61
05/09/2022 21:36,57
05/09/2022 21:51,32
05/09/2022 22:06,13
05/09/2022 22:21,7
05/09/2022 22:36,5
05/09/2022 22:50,3
05/09/2022 23:05,0
05/09/2022 23:10,0
05/09/2022 23:25,0
05/09/2022 23:40,0
05/09/2022 23:54,0
06/09/2022 00:09,0
06/09/2022 00:24,0
06/09/2022 00:39,0
06/09/2022 00:54,0
06/09/2022 01:09,0
06/09/2022 01:23,0
06/09/2022 01:38,0
06/09/2022 01:53,0
06/09/2022 02:08,0
06/09/2022 02:23,0
06/09/2022 02:37,0
06/09/2022 02:52,0
06/09/2022 03:07,0
06/09/2022 03:22,0
06/09/2022 03:37,0
06/09/2022 03:51,0
06/09/2022 04:06,0
06/09/2022 04:21,0
06/09/2022 04:36,0
06/09/2022 04:51,0
06/09/2022 05:05,0
06/09/2022 05:20,0
06/09/2022 05:35,0
06/09/2022 05:50,0
06/09/2022 06:05,0
06/09/2022 06:19,0
06/09/2022 06:49,0
06/09/2022 07:04,0
06/09/2022 07:19,0
06/09/2022 07:33,0
06/09/2022 07:48,0
06/09/2022 08:03,0
06/09/2022 08:18,1
06/09/2022 08:33,4
06/09/2022 08:47,9
06/09/2022 09:02,18
06/09/2022 09:17,27
06/09/2022 09:32,33
06/09/2022 09:33,36
06/09/2022 09:48,38
06/09/2022 10:03,41
06/09/2022 10:18,45
06/09/2022 10:33,53
06/09/2022 10:34,55
06/09/2022 10:48,54
06/09/2022 11:03,49
06/09/2022 11:18,45
06/09/2022 11:33,45
06/09/2022 11:48,210
06/09/2022 12:02,227
06/09/2022 12:17,304
06/09/2022 12:32,325
06/09/2022 12:47,359
06/09/2022 13:02,411
06/09/2022 13:16,448
06/09/2022 13:31,438
06/09/2022 13:46,455
06/09/2022 14:01,535
06/09/2022 14:16,498
06/09/2022 14:30,570
06/09/2022 14:45,568
06/09/2022 14:47,562
06/09/2022 15:02,552
06/09/2022 15:16,588
06/09/2022 15:31,599
06/09/2022 15:46,593
06/09/2022 16:01,585
06/09/2022 16:16,583
06/09/2022 16:30,598
06/09/2022 16:45,579
06/09/2022 17:00,566
06/09/2022 17:15,549
06/09/2022 17:30,561
06/09/2022 17:45,542
06/09/2022 17:59,467
06/09/2022 18:14,488
06/09/2022 18:29,444
06/09/2022 18:44,424
06/09/2022 18:59,403
06/09/2022 19:14,369
06/09/2022 19:28,346
06/09/2022 19:43,313
06/09/2022 19:58,270
06/09/2022 20:13,250
06/09/2022 20:28,226
06/09/2022 20:43,197
06/09/2022 20:57,166
06/09/2022 21:12,134
06/09/2022 21:27,104
06/09/2022 21:42,76
06/09/2022 21:57,33
06/09/2022 22:12,11
06/09/2022 22:26,6
06/09/2022 22:41,2
06/09/2022 22:56,0
06/09/2022 23:11,0
06/09/2022 23:26,0
06/09/2022 23:41,0
06/09/2022 23:55,0
07/09/2022 00:10,0
07/09/2022 00:25,0
07/09/2022 00:40,0
07/09/2022 00:55,0
07/09/2022 01:39,0
07/09/2022 01:54,0
07/09/2022 02:09,0
07/09/2022 02:24,0
07/09/2022 02:39,0
07/09/2022 02:53,0
07/09/2022 03:08,0
07/09/2022 03:23,0
07/09/2022 03:38,0
07/09/2022 03:53,0
07/09/2022 04:07,0
07/09/2022 04:22,0
07/09/2022 04:37,0
07/09/2022 04:52,0
07/09/2022 05:07,0
07/09/2022 05:22,0
07/09/2022 05:36,0
07/09/2022 05:51,0
07/09/2022 06:06,0
07/09/2022 06:21,0
07/09/2022 06:36,0
07/09/2022 06:51,0
07/09/2022 07:05,0
07/09/2022 07:20,0
07/09/2022 07:35,0
07/09/2022 07:50,0
07/09/2022 08:05,0
07/09/2022 08:20,1
07/09/2022 08:34,3
07/09/2022 08:49,7
07/09/2022 09:04,12
07/09/2022 09:19,15
07/09/2022 09:34,14
07/09/2022 09:49,17
07/09/2022 10:03,26
07/09/2022 10:18,38
07/09/2022 10:33,61
07/09/2022 10:48,68
07/09/2022 11:03,79
07/09/2022 11:18,89
07/09/2022 11:32,97
07/09/2022 11:47,251
07/09/2022 12:02,366
07/09/2022 12:17,392
07/09/2022 12:32,390
07/09/2022 12:47,433
07/09/2022 13:01,450
07/09/2022 13:16,458
07/09/2022 13:31,474
07/09/2022 13:46,491
07/09/2022 14:01,515
07/09/2022 14:16,542
07/09/2022 14:30,542
07/09/2022 14:45,523
07/09/2022 15:00,562
07/09/2022 15:15,597
07/09/2022 15:30,592
07/09/2022 15:45,596
07/09/2022 15:59,626
07/09/2022 16:14,497
07/09/2022 16:29,496
07/09/2022 16:44,514
07/09/2022 16:59,578
07/09/2022 17:14,561
07/09/2022 17:28,553
07/09/2022 17:43,536
07/09/2022 17:58,492
07/09/2022 18:13,478
07/09/2022 18:28,451
07/09/2022 18:43,402
07/09/2022 18:57,405
07/09/2022 19:12,385
07/09/2022 19:27,351
07/09/2022 19:42,317
07/09/2022 19:57,268
07/09/2022 20:11,201
07/09/2022 20:26,146
07/09/2022 20:41,162
07/09/2022 20:56,83
07/09/2022 21:11,63
07/09/2022 21:26,55
07/09/2022 21:40,39
07/09/2022 21:55,25
07/09/2022 22:10,16
07/09/2022 22:25,5
07/09/2022 22:40,1
07/09/2022 22:55,0
07/09/2022 23:09,0
07/09/2022 23:24,0
07/09/2022 23:39,0
07/09/2022 23:54,0
08/09/2022 00:09,0
08/09/2022 00:24,0
08/09/2022 00:38,0
08/09/2022 00:53,0
08/09/2022 01:08,0
08/09/2022 01:23,0
08/09/2022 01:38,0
08/09/2022 01:53,0
08/09/2022 02:07,0
08/09/2022 02:22,0
08/09/2022 02:37,0
08/09/2022 02:52,0
08/09/2022 03:07,0
08/09/2022 03:22,0
08/09/2022 03:36,0
08/09/2022 03:51,0
08/09/2022 04:06,0
08/09/2022 04:21,0
08/09/2022 04:36,0
08/09/2022 04:51,0
08/09/2022 05:05,0
08/09/2022 05:20,0
08/09/2022 05:35,0
08/09/2022 05:50,0
08/09/2022 06:05,0
08/09/2022 06:20,0
08/09/2022 06:34,0
08/09/2022 06:49,0
08/09/2022 07:04,0
08/09/2022 07:19,0
08/09/2022 07:34,0
08/09/2022 07:49,0
08/09/2022 08:03,0
08/09/2022 08:18,0
08/09/2022 08:33,2
08/09/2022 08:48,5
08/09/2022 09:03,10
08/09/2022 09:09,14
08/09/2022 09:24,21
08/09/2022 09:38,31
08/09/2022 09:53,42
08/09/2022 10:08,55
08/09/2022 10:23,66
08/09/2022 10:38,88
08/09/2022 10:52,94
08/09/2022 11:07,98
08/09/2022 11:22,121
08/09/2022 11:37,129
08/09/2022 11:52,220
08/09/2022 12:06,200
08/09/2022 12:21,320
08/09/2022 12:36,122
08/09/2022 12:51,121
08/09/2022 13:06,125
08/09/2022 13:20,135
08/09/2022 13:35,147
08/09/2022 13:50,158
08/09/2022 14:05,121
08/09/2022 14:20,201
08/09/2022 14:34,289
08/09/2022 14:49,362
08/09/2022 15:04,403
08/09/2022 15:19,562
08/09/2022 15:34,454
08/09/2022 15:49,384
08/09/2022 16:03,359
08/09/2022 16:18,231
08/09/2022 16:33,227
08/09/2022 16:48,196
08/09/2022 17:03,198
08/09/2022 17:18,224
08/09/2022 17:32,204
08/09/2022 17:47,570
08/09/2022 18:02,646
08/09/2022 18:17,392
08/09/2022 18:32,288
08/09/2022 18:47,278
08/09/2022 19:01,333
08/09/2022 19:16,300
08/09/2022 19:31,252
08/09/2022 19:46,146
08/09/2022 20:01,76
08/09/2022 20:16,48
08/09/2022 20:30,32
08/09/2022 20:45,25
08/09/2022 21:00,17
08/09/2022 21:15,11
08/09/2022 21:30,9
08/09/2022 21:44,7
08/09/2022 21:59,9
08/09/2022 22:14,8
08/09/2022 22:29,2
08/09/2022 22:44,0
08/09/2022 22:59,0
08/09/2022 23:13,0
08/09/2022 23:28,0
08/09/2022 23:43,0
08/09/2022 23:58,0
09/09/2022 00:13,0
09/09/2022 00:28,0
09/09/2022 00:42,0
09/09/2022 00:57,0
09/09/2022 01:12,0
09/09/2022 01:27,0
09/09/2022 01:42,0
09/09/2022 01:57,0
09/09/2022 02:11,0
09/09/2022 02:26,0
09/09/2022 02:41,0
09/09/2022 02:56,0
09/09/2022 03:11,0
09/09/2022 03:26,0
09/09/2022 03:40,0
09/09/2022 03:55,0
09/09/2022 04:10,0
09/09/2022 04:25,0
09/09/2022 04:26,0
09/09/2022 04:41,0
09/09/2022 04:56,0
09/09/2022 05:11,0
09/09/2022 05:15,0
09/09/2022 05:30,0
09/09/2022 05:44,0
09/09/2022 05:59,0
09/09/2022 06:14,0
09/09/2022 06:29,0
09/09/2022 06:44,0
09/09/2022 06:58,0
09/09/2022 07:13,0
09/09/2022 07:28,0
09/09/2022 07:58,0
09/09/2022 08:12,0
09/09/2022 08:42,0
09/09/2022 08:57,0
09/09/2022 09:12,0
09/09/2022 09:27,2
09/09/2022 09:41,4
09/09/2022 09:56,5
09/09/2022 10:11,6
09/09/2022 10:26,7
09/09/2022 10:41,8
09/09/2022 10:55,9
09/09/2022 11:10,15
09/09/2022 11:25,17
09/09/2022 11:40,17
09/09/2022 11:55,21
09/09/2022 12:09,17
09/09/2022 12:24,16
09/09/2022 12:39,20
09/09/2022 12:54,25
09/09/2022 13:09,20
09/09/2022 13:24,17
09/09/2022 13:38,17
09/09/2022 13:53,17
09/09/2022 14:08,24
09/09/2022 14:23,19
09/09/2022 14:38,22
09/09/2022 14:53,23
09/09/2022 15:07,27
09/09/2022 15:22,35
09/09/2022 15:37,30
09/09/2022 16:07,40
09/09/2022 16:22,44
09/09/2022 16:36,52
09/09/2022 16:51,52
09/09/2022 17:06,41
09/09/2022 17:21,30
09/09/2022 17:36,34
09/09/2022 18:05,31
09/09/2022 18:20,30
09/09/2022 18:35,25
09/09/2022 18:50,29
09/09/2022 19:05,29
09/09/2022 19:19,18
09/09/2022 19:34,10
09/09/2022 19:49,7
09/09/2022 20:04,7
09/09/2022 20:19,12
09/09/2022 20:34,14
09/09/2022 20:48,11
09/09/2022 21:03,13
09/09/2022 21:18,8
09/09/2022 21:33,3
09/09/2022 21:48,2
09/09/2022 22:03,1
09/09/2022 22:07,0
09/09/2022 22:22,0
09/09/2022 22:37,0
09/09/2022 22:52,0
09/09/2022 23:07,0
09/09/2022 23:21,0
09/09/2022 23:36,0
09/09/2022 23:51,0
10/09/2022 00:06,0
10/09/2022 00:21,0
10/09/2022 00:50,0
10/09/2022 01:05,0
10/09/2022 01:20,0
10/09/2022 01:35,0
10/09/2022 01:50,0
10/09/2022 02:04,0
10/09/2022 02:19,0
10/09/2022 02:34,0
10/09/2022 02:49,0
10/09/2022 03:04,0
10/09/2022 03:18,0
10/09/2022 03:33,0
10/09/2022 03:48,0
10/09/2022 03:50,0
10/09/2022 04:05,0
10/09/2022 04:20,0
10/09/2022 04:35,0
10/09/2022 04:49,0
10/09/2022 05:04,0
10/09/2022 05:19,0
10/09/2022 05:34,0
10/09/2022 05:49,0
10/09/2022 06:03,0
10/09/2022 06:18,0
10/09/2022 06:48,0
10/09/2022 07:03,0
10/09/2022 07:17,0
10/09/2022 07:32,0
10/09/2022 08:02,0
10/09/2022 08:32,0
10/09/2022 08:46,0
10/09/2022 09:01,1
10/09/2022 09:04,2
10/09/2022 09:19,3
10/09/2022 09:34,4
10/09/2022 09:49,6
10/09/2022 10:03,7
10/09/2022 10:18,4
10/09/2022 10:48,20
10/09/2022 11:03,31
10/09/2022 11:17,64
10/09/2022 11:32,53
10/09/2022 11:47,59
10/09/2022 12:02,96
10/09/2022 12:17,130
10/09/2022 12:31,157
10/09/2022 12:46,125
10/09/2022 13:01,127
10/09/2022 13:16,111
10/09/2022 13:31,85
10/09/2022 13:46,64
10/09/2022 14:00,125
10/09/2022 14:15,202
10/09/2022 14:30,159
10/09/2022 14:45,188
10/09/2022 15:00,312
10/09/2022 15:14,295
10/09/2022 15:29,212
10/09/2022 15:44,136
10/09/2022 15:59,188
10/09/2022 16:14,209
10/09/2022 16:28,150
10/09/2022 16:43,123
10/09/2022 16:58,127
10/09/2022 17:13,134
10/09/2022 17:28,149
10/09/2022 17:42,133
10/09/2022 17:57,108
10/09/2022 18:12,74
10/09/2022 18:27,96
10/09/2022 18:42,64
10/09/2022 18:56,42
10/09/2022 19:11,38
10/09/2022 19:26,31
10/09/2022 19:41,25
10/09/2022 19:56,24
10/09/2022 20:10,22
10/09/2022 20:25,20
10/09/2022 20:40,28
10/09/2022 20:55,29
10/09/2022 21:10,26
10/09/2022 21:24,12
10/09/2022 21:39,7
10/09/2022 21:41,2
10/09/2022 21:56,2
10/09/2022 22:10,3
10/09/2022 22:25,1
10/09/2022 22:40,0
10/09/2022 22:55,0
10/09/2022 23:10,0
10/09/2022 23:24,0
10/09/2022 23:39,0
10/09/2022 23:54,0
11/09/2022 00:09,0
11/09/2022 00:24,0
11/09/2022 00:39,0
11/09/2022 00:53,0
11/09/2022 01:08,0
11/09/2022 01:23,0
11/09/2022 01:38,0
11/09/2022 01:53,0
11/09/2022 02:07,0
11/09/2022 02:22,0
11/09/2022 02:37,0
11/09/2022 02:52,0
11/09/2022 03:07,0
11/09/2022 03:21,0
11/09/2022 03:36,0
11/09/2022 03:51,0
11/09/2022 04:06,0
11/09/2022 04:21,0
11/09/2022 04:35,0
11/09/2022 04:50,0
11/09/2022 05:20,0
11/09/2022 05:35,0
11/09/2022 05:49,0
11/09/2022 06:04,0
11/09/2022 06:19,0
11/09/2022 06:34,0
11/09/2022 06:49,0
11/09/2022 07:03,0
11/09/2022 07:18,0
11/09/2022 07:33,0
11/09/2022 07:48,0
11/09/2022 08:03,0
11/09/2022 08:17,0
11/09/2022 08:32,1
11/09/2022 08:47,3
11/09/2022 09:02,8
11/09/2022 09:17,15
11/09/2022 09:31,20
11/09/2022 09:46,23
11/09/2022 10:01,26
11/09/2022 10:16,39
11/09/2022 10:31,36
11/09/2022 10:33,29
11/09/2022 10:48,29
11/09/2022 11:03,32
11/09/2022 11:18,32
11/09/2022 11:33,33
11/09/2022 11:47,73
11/09/2022 12:02,288
11/09/2022 12:17,319
11/09/2022 12:32,347
11/09/2022 12:47,374
11/09/2022 13:02,400
11/09/2022 13:16,427
11/09/2022 13:23,444
11/09/2022 13:38,459
11/09/2022 13:53,478
11/09/2022 14:23,514
11/09/2022 14:38,528
11/09/2022 14:52,539
11/09/2022 15:22,555
11/09/2022 15:52,558
11/09/2022 16:06,573
11/09/2022 16:21,427
11/09/2022 16:36,558
11/09/2022 16:51,559
11/09/2022 17:06,533
11/09/2022 17:20,509
11/09/2022 17:35,493
11/09/2022 17:50,478
11/09/2022 18:05,457
11/09/2022 18:20,434
11/09/2022 18:34,410
11/09/2022 18:49,385
11/09/2022 19:04,358
11/09/2022 19:19,330
11/09/2022 19:34,300
11/09/2022 19:48,270
11/09/2022 20:03,237
11/09/2022 20:18,206
11/09/2022 20:33,173
11/09/2022 20:48,135
11/09/2022 21:02,118
11/09/2022 21:17,91
11/09/2022 21:32,65
11/09/2022 21:47,19
11/09/2022 22:02,7
11/09/2022 22:16,2
11/09/2022 22:31,0
11/09/2022 22:46,0
11/09/2022 23:01,0
11/09/2022 23:16,0
11/09/2022 23:30,0
11/09/2022 23:45,0
12/09/2022 00:00,0
12/09/2022 00:15,0
12/09/2022 00:30,0
12/09/2022 00:44,0
12/09/2022 00:59,0
12/09/2022 01:14,0
12/09/2022 01:29,0
12/09/2022 01:44,0
12/09/2022 01:59,0
12/09/2022 02:13,0
12/09/2022 02:28,0
12/09/2022 02:43,0
12/09/2022 02:58,0
12/09/2022 03:13,0
12/09/2022 03:27,0
12/09/2022 03:42,0
12/09/2022 03:57,0
12/09/2022 04:27,0
12/09/2022 04:41,0
12/09/2022 04:56,0
12/09/2022 05:11,0
12/09/2022 05:26,0
12/09/2022 05:41,0
12/09/2022 05:55,0
12/09/2022 06:10,0
12/09/2022 06:25,0
12/09/2022 06:40,0
12/09/2022 06:55,0
12/09/2022 06:58,0
12/09/2022 07:12,0
12/09/2022 07:27,0
12/09/2022 07:42,0
12/09/2022 07:43,0
12/09/2022 07:58,0
12/09/2022 08:13,0
12/09/2022 08:27,0
12/09/2022 08:42,1
12/09/2022 08:57,4
12/09/2022 09:12,10
12/09/2022 09:27,18
12/09/2022 09:41,27
12/09/2022 09:56,37
12/09/2022 10:11,37
12/09/2022 10:26,60
12/09/2022 10:41,58
12/09/2022 10:55,53
12/09/2022 11:10,54
12/09/2022 11:25,55
12/09/2022 11:40,60
12/09/2022 11:55,60
12/09/2022 12:09,56
12/09/2022 12:24,65
12/09/2022 12:39,101
12/09/2022 12:54,128
12/09/2022 13:09,115
12/09/2022 13:23,94
12/09/2022 13:38,89
12/09/2022 13:53,92
12/09/2022 14:08,129
12/09/2022 14:23,129
12/09/2022 14:37,112
12/09/2022 14:52,128
12/09/2022 15:07,129
12/09/2022 15:22,145
12/09/2022 15:37,86
12/09/2022 15:51,97
12/09/2022 16:06,83
12/09/2022 16:21,127
12/09/2022 16:36,113
12/09/2022 16:51,161
12/09/2022 17:05,97
12/09/2022 17:20,138
12/09/2022 17:35,98
12/09/2022 17:50,86
12/09/2022 18:19,59
12/09/2022 18:34,46
12/09/2022 18:49,77
12/09/2022 19:04,109
12/09/2022 19:19,73
12/09/2022 19:34,59
12/09/2022 19:48,45
12/09/2022 20:03,51
12/09/2022 20:18,36
12/09/2022 20:33,28
12/09/2022 20:48,26
12/09/2022 21:02,18
12/09/2022 21:17,12
12/09/2022 21:32,7
12/09/2022 21:47,5
12/09/2022 21:48,3
12/09/2022 22:03,2
12/09/2022 22:18,1
12/09/2022 22:32,0
12/09/2022 22:47,0
12/09/2022 23:02,0
12/09/2022 23:17,0
12/09/2022 23:32,0
12/09/2022 23:46,0
13/09/2022 00:01,0
13/09/2022 00:16,0
13/09/2022 00:31,0
13/09/2022 00:46,0
13/09/2022 01:01,0
13/09/2022 01:15,0
13/09/2022 01:30,0
13/09/2022 01:45,0
13/09/2022 02:00,0
13/09/2022 02:15,0
13/09/2022 02:29,0
13/09/2022 02:44,0
13/09/2022 02:59,0
13/09/2022 03:01,0
13/09/2022 03:16,0
13/09/2022 03:31,0
13/09/2022 03:45,0
13/09/2022 04:00,0
13/09/2022 04:15,0
13/09/2022 04:30,0
13/09/2022 04:45,0
13/09/2022 04:59,0
13/09/2022 05:14,0
13/09/2022 05:29,0
13/09/2022 05:44,0
13/09/2022 05:59,0
13/09/2022 06:13,0
13/09/2022 06:28,0
13/09/2022 06:43,0
13/09/2022 06:58,0
13/09/2022 07:13,0
13/09/2022 07:27,0
13/09/2022 07:42,0
13/09/2022 07:57,0
13/09/2022 08:12,0
13/09/2022 08:27,0
13/09/2022 08:41,3
13/09/2022 08:56,6
13/09/2022 09:11,13
13/09/2022 09:26,18
13/09/2022 09:41,28
13/09/2022 09:56,38
13/09/2022 10:10,54
13/09/2022 10:25,74
13/09/2022 10:40,89
13/09/2022 10:55,101
13/09/2022 11:10,111
13/09/2022 11:24,121
13/09/2022 11:39,150
13/09/2022 11:54,133
13/09/2022 12:24,182
13/09/2022 12:38,229
13/09/2022 12:53,214
13/09/2022 13:08,285
13/09/2022 13:23,297
13/09/2022 13:38,261
13/09/2022 13:52,281
13/09/2022 14:07,517
13/09/2022 14:22,518
13/09/2022 14:37,415
13/09/2022 14:52,446
13/09/2022 15:06,240
13/09/2022 15:21,365
13/09/2022 15:36,408
13/09/2022 15:51,545
13/09/2022 16:06,543
13/09/2022 16:20,316
13/09/2022 16:35,314
13/09/2022 16:36,395
13/09/2022 16:51,551
13/09/2022 17:06,385
13/09/2022 17:21,517
13/09/2022 17:36,659
13/09/2022 17:50,548
13/09/2022 18:05,196
13/09/2022 18:20,424
13/09/2022 18:35,344
13/09/2022 18:50,421
13/09/2022 19:05,316
13/09/2022 19:19,207
13/09/2022 19:34,142
13/09/2022 19:49,227
13/09/2022 20:04,221
13/09/2022 20:19,190
13/09/2022 20:33,155
13/09/2022 20:48,117
13/09/2022 21:03,91
13/09/2022 21:18,59
13/09/2022 21:33,18
13/09/2022 21:48,11
13/09/2022 22:02,5
13/09/2022 22:17,2
13/09/2022 22:19,0
13/09/2022 22:34,0
13/09/2022 22:49,0
13/09/2022 23:03,0
13/09/2022 23:18,0
13/09/2022 23:33,0
13/09/2022 23:48,0
14/09/2022 00:03,0
14/09/2022 00:17,0
14/09/2022 00:32,0
14/09/2022 00:47,0
14/09/2022 01:02,0
14/09/2022 01:17,0
14/09/2022 01:32,0
14/09/2022 01:46,0
14/09/2022 02:01,0
14/09/2022 02:02,0
14/09/2022 02:17,0
14/09/2022 02:32,0
14/09/2022 02:47,0
14/09/2022 03:02,0
14/09/2022 03:31,0
14/09/2022 03:46,0
14/09/2022 04:01,0
14/09/2022 04:02,0
14/09/2022 04:32,0
14/09/2022 04:47,0
14/09/2022 05:02,0
14/09/2022 05:16,0
14/09/2022 05:31,0
14/09/2022 05:46,0
14/09/2022 06:01,0
14/09/2022 06:16,0
14/09/2022 06:30,0
14/09/2022 06:45,0
14/09/2022 07:00,0
14/09/2022 07:15,0
14/09/2022 07:30,0
14/09/2022 07:44,0
14/09/2022 07:59,0
14/09/2022 08:14,0
14/09/2022 08:29,0
14/09/2022 08:44,2
14/09/2022 08:58,5
14/09/2022 09:13,9
14/09/2022 09:28,12
14/09/2022 09:43,16
14/09/2022 09:58,19
14/09/2022 10:12,24
14/09/2022 10:27,36
14/09/2022 10:42,56
14/09/2022 10:45,62
14/09/2022 11:00,58
14/09/2022 11:14,100
14/09/2022 11:29,157
14/09/2022 11:44,125
14/09/2022 11:59,146
14/09/2022 12:14,152
14/09/2022 12:28,286
14/09/2022 12:43,227
14/09/2022 12:58,448
14/09/2022 13:13,292
14/09/2022 13:28,416
14/09/2022 13:42,320
14/09/2022 13:57,440
14/09/2022 14:12,365
14/09/2022 14:27,439
14/09/2022 14:29,526
14/09/2022 14:44,469
14/09/2022 14:59,530
14/09/2022 15:14,561
14/09/2022 15:28,545
14/09/2022 15:43,547
14/09/2022 15:58,552
14/09/2022 16:13,536
14/09/2022 16:28,389
14/09/2022 16:42,549
14/09/2022 16:57,459
14/09/2022 17:12,458
14/09/2022 17:27,280
14/09/2022 17:42,121
14/09/2022 17:56,158
14/09/2022 18:11,203
14/09/2022 18:26,337
14/09/2022 18:41,288
14/09/2022 18:56,254
14/09/2022 19:11,353
14/09/2022 19:25,307
14/09/2022 19:40,270
14/09/2022 19:55,235
14/09/2022 20:10,206
14/09/2022 20:25,174
14/09/2022 20:39,146
14/09/2022 20:54,117
14/09/2022 21:09,85
14/09/2022 21:24,61
14/09/2022 21:39,14
14/09/2022 21:53,7
14/09/2022 22:08,3
14/09/2022 22:23,0
14/09/2022 22:38,0
14/09/2022 22:53,0
14/09/2022 23:07,0
14/09/2022 23:22,0
14/09/2022 23:37,0
14/09/2022 23:52,0
15/09/2022 00:07,0
15/09/2022 00:21,0
15/09/2022 00:36,0
15/09/2022 00:51,0
15/09/2022 01:06,0
15/09/2022 01:21,0
15/09/2022 01:35,0
15/09/2022 01:50,0
15/09/2022 02:05,0
15/09/2022 02:20,0
15/09/2022 02:35,0
15/09/2022 02:49,0
15/09/2022 03:04,0
15/09/2022 03:19,0
15/09/2022 03:34,0
15/09/2022 03:49,0
15/09/2022 04:03,0
15/09/2022 04:18,0
15/09/2022 04:33,0
15/09/2022 04:48,0
15/09/2022 05:03,0
15/09/2022 05:18,0
15/09/2022 05:32,0
15/09/2022 05:47,0
15/09/2022 06:02,0
15/09/2022 06:17,0
15/09/2022 06:32,0
15/09/2022 06:46,0
15/09/2022 07:01,0
15/09/2022 07:16,0
15/09/2022 07:31,0
15/09/2022 07:46,0
15/09/2022 08:00,0
15/09/2022 08:15,0
15/09/2022 08:30,0
15/09/2022 08:45,2
15/09/2022 09:00,5
15/09/2022 09:14,9
15/09/2022 09:29,12
15/09/2022 09:44,16
15/09/2022 09:59,19
15/09/2022 10:14,21
15/09/2022 10:28,23
15/09/2022 10:43,25
15/09/2022 10:58,26
15/09/2022 11:13,28
15/09/2022 11:28,30
15/09/2022 11:42,32
15/09/2022 11:57,89
15/09/2022 12:12,299
15/09/2022 12:27,327
15/09/2022 12:42,354
15/09/2022 12:56,380
15/09/2022 13:11,405
15/09/2022 13:26,429
15/09/2022 13:41,452
15/09/2022 13:56,473
15/09/2022 14:10,489
15/09/2022 14:25,509
15/09/2022 14:40,498
15/09/2022 14:55,529
15/09/2022 15:10,534
15/09/2022 15:25,511
15/09/2022 15:39,523
15/09/2022 15:54,495
15/09/2022 16:09,493
15/09/2022 16:24,453
15/09/2022 16:39,465
15/09/2022 16:54,485
15/09/2022 17:08,518
15/09/2022 17:23,494
15/09/2022 17:38,475
15/09/2022 17:53,460
15/09/2022 18:08,437
15/09/2022 18:23,401
15/09/2022 18:37,385
15/09/2022 18:52,341
15/09/2022 19:07,329
15/09/2022 19:22,303
15/09/2022 19:23,285
15/09/2022 19:38,259
15/09/2022 19:52,213
15/09/2022 20:07,178
15/09/2022 20:22,101
15/09/2022 20:37,57
15/09/2022 20:52,62
15/09/2022 21:07,39
15/09/2022 21:21,31
15/09/2022 21:36,18
15/09/2022 21:51,6
15/09/2022 22:06,2
15/09/2022 22:21,0
15/09/2022 22:36,0
15/09/2022 22:50,0
15/09/2022 23:05,0
15/09/2022 23:20,0
15/09/2022 23:35,0
15/09/2022 23:50,0
16/09/2022 00:05,0
16/09/2022 00:19,0
16/09/2022 00:34,0
16/09/2022 00:49,0
16/09/2022 01:04,0
16/09/2022 01:19,0
16/09/2022 01:34,0
16/09/2022 01:48,0
16/09/2022 02:03,0
16/09/2022 02:18,0
16/09/2022 02:33,0
16/09/2022 02:48,0
16/09/2022 03:03,0
16/09/2022 03:17,0
16/09/2022 03:32,0
16/09/2022 03:47,0
16/09/2022 04:02,0
16/09/2022 04:17,0
16/09/2022 04:32,0
16/09/2022 04:35,0
16/09/2022 04:49,0
16/09/2022 05:04,0
16/09/2022 05:19,0
16/09/2022 05:34,0
16/09/2022 05:49,0
16/09/2022 06:03,0
16/09/2022 06:18,0
16/09/2022 06:33,0
16/09/2022 06:48,0
16/09/2022 07:03,0
16/09/2022 07:18,0
16/09/2022 07:32,0
16/09/2022 07:33,0
16/09/2022 07:48,0
16/09/2022 08:03,0
16/09/2022 08:18,0
16/09/2022 08:32,0
16/09/2022 08:47,0
16/09/2022 09:02,2
16/09/2022 09:17,6
16/09/2022 09:32,11
16/09/2022 09:47,17
16/09/2022 10:01,23
16/09/2022 10:16,28
16/09/2022 10:31,30
16/09/2022 10:46,32
16/09/2022 11:00,34
16/09/2022 11:15,36
16/09/2022 11:30,75
16/09/2022 11:45,73
16/09/2022 12:00,168
16/09/2022 12:14,157
16/09/2022 12:44,129
16/09/2022 12:59,154
16/09/2022 13:14,137
16/09/2022 13:29,119
16/09/2022 13:43,118
16/09/2022 13:58,129
16/09/2022 14:13,122
16/09/2022 14:28,118
16/09/2022 14:43,144
16/09/2022 14:57,137
16/09/2022 15:12,148
16/09/2022 15:27,179
16/09/2022 15:57,191
16/09/2022 16:11,249
16/09/2022 16:26,248
16/09/2022 16:41,202
16/09/2022 16:56,140
16/09/2022 17:11,116
16/09/2022 17:15,89
16/09/2022 17:30,91
16/09/2022 17:45,114
16/09/2022 17:59,160
16/09/2022 18:14,118
16/09/2022 18:29,112
16/09/2022 18:44,53
16/09/2022 18:59,73
16/09/2022 19:13,85
16/09/2022 19:28,94
16/09/2022 19:43,106
16/09/2022 19:58,77
16/09/2022 20:13,64
16/09/2022 20:27,52
16/09/2022 20:42,28
16/09/2022 20:57,19
16/09/2022 21:12,13
16/09/2022 21:27,7
16/09/2022 21:41,1
16/09/2022 21:56,0
16/09/2022 22:11,0
16/09/2022 22:15,0
16/09/2022 22:30,0
16/09/2022 22:45,0
16/09/2022 22:59,0
16/09/2022 23:14,0
16/09/2022 23:29,0
16/09/2022 23:32,0
16/09/2022 23:47,0
17/09/2022 00:02,0
17/09/2022 00:17,0
17/09/2022 00:31,0
17/09/2022 00:46,0
17/09/2022 00:49,0
17/09/2022 01:04,0
17/09/2022 01:19,0
17/09/2022 01:34,0
17/09/2022 01:35,0
17/09/2022 01:50,0
17/09/2022 02:04,0
17/09/2022 02:19,0
17/09/2022 02:34,0
17/09/2022 02:49,0
17/09/2022 03:04,0
17/09/2022 03:18,0
17/09/2022 03:33,0
17/09/2022 03:48,0
17/09/2022 04:03,0
17/09/2022 04:18,0
17/09/2022 04:32,0
17/09/2022 04:47,0
17/09/2022 05:02,0
17/09/2022 05:17,0
17/09/2022 05:32,0
17/09/2022 05:46,0
17/09/2022 06:01,0
17/09/2022 06:16,0
17/09/2022 06:46,0
17/09/2022 07:00,0
17/09/2022 07:03,0
17/09/2022 07:17,0
17/09/2022 07:33,0
17/09/2022 07:47,0
17/09/2022 08:02,0
17/09/2022 08:17,0
17/09/2022 08:31,0
17/09/2022 08:46,0
17/09/2022 08:49,1
17/09/2022 09:03,3
17/09/2022 09:18,7
17/09/2022 09:33,12
17/09/2022 09:48,22
17/09/2022 10:03,42
17/09/2022 10:17,60
17/09/2022 10:32,81
17/09/2022 10:47,86
17/09/2022 11:02,90
17/09/2022 11:17,104
17/09/2022 11:31,100
17/09/2022 11:46,118
17/09/2022 12:01,155
17/09/2022 12:16,163
17/09/2022 12:31,199
17/09/2022 12:45,185
17/09/2022 13:00,201
17/09/2022 13:15,215
17/09/2022 13:17,236
17/09/2022 13:32,238
17/09/2022 13:46,289
17/09/2022 14:16,333
17/09/2022 14:31,427
17/09/2022 14:46,390
17/09/2022 15:00,389
17/09/2022 15:15,363
17/09/2022 15:30,300
17/09/2022 15:45,336
17/09/2022 16:00,238
17/09/2022 16:14,245
17/09/2022 16:29,305
17/09/2022 16:44,344
17/09/2022 16:59,504
17/09/2022 17:14,454
17/09/2022 17:28,482
17/09/2022 17:43,500
17/09/2022 17:58,457
17/09/2022 18:13,524
17/09/2022 18:28,560
17/09/2022 18:42,486
17/09/2022 18:57,389
17/09/2022 19:12,412
17/09/2022 19:27,324
17/09/2022 19:42,169
17/09/2022 19:57,92
17/09/2022 20:11,72
17/09/2022 20:26,64
17/09/2022 20:41,53
17/09/2022 20:56,37
17/09/2022 21:11,25
17/09/2022 21:26,16
17/09/2022 21:27,12
17/09/2022 21:42,9
17/09/2022 21:56,4
17/09/2022 22:11,1
17/09/2022 22:26,0
17/09/2022 22:41,0
17/09/2022 22:56,0
17/09/2022 23:10,0
17/09/2022 23:25,0
17/09/2022 23:40,0
17/09/2022 23:55,0
18/09/2022 00:10,0
18/09/2022 00:24,0
18/09/2022 00:39,0
18/09/2022 00:54,0
18/09/2022 01:09,0
18/09/2022 01:24,0
18/09/2022 01:38,0
18/09/2022 01:53,0
18/09/2022 02:08,0
18/09/2022 02:23,0
18/09/2022 02:38,0
18/09/2022 02:52,0
18/09/2022 03:07,0
18/09/2022 03:22,0
18/09/2022 03:37,0
18/09/2022 03:52,0
18/09/2022 04:06,0
18/09/2022 04:21,0
18/09/2022 04:36,0
18/09/2022 04:51,0
18/09/2022 05:06,0
18/09/2022 05:20,0
18/09/2022 05:22,0
18/09/2022 05:37,0
18/09/2022 05:51,0
18/09/2022 06:06,0
18/09/2022 06:21,0
18/09/2022 06:36,0
18/09/2022 06:51,0
18/09/2022 07:05,0
18/09/2022 07:08,0
18/09/2022 07:23,0
18/09/2022 07:37,0
18/09/2022 07:52,0
18/09/2022 08:07,0
18/09/2022 08:22,0
18/09/2022 08:37,0
18/09/2022 08:51,0
18/09/2022 09:06,2
18/09/2022 09:21,4
18/09/2022 09:36,7
18/09/2022 09:51,11
18/09/2022 09:55,13
18/09/2022 10:09,24
18/09/2022 10:24,32
18/09/2022 10:39,44
18/09/2022 10:54,55
18/09/2022 11:09,58
18/09/2022 11:23,66
18/09/2022 11:38,106
18/09/2022 11:53,132
18/09/2022 12:08,149
18/09/2022 12:23,179
18/09/2022 12:37,184
18/09/2022 12:52,143
18/09/2022 13:07,166
18/09/2022 13:22,139
18/09/2022 13:37,118
18/09/2022 13:52,158
18/09/2022 14:21,161
18/09/2022 14:36,173
18/09/2022 14:51,164
18/09/2022 15:06,161
18/09/2022 15:20,162
18/09/2022 15:35,167
18/09/2022 15:50,131
18/09/2022 16:05,108
18/09/2022 16:20,140
18/09/2022 16:34,131
18/09/2022 16:49,191
18/09/2022 17:04,168
18/09/2022 17:19,108
18/09/2022 17:34,112
18/09/2022 17:48,118
18/09/2022 18:03,118
18/09/2022 18:18,84
18/09/2022 18:33,74
18/09/2022 18:48,67
18/09/2022 19:02,66
18/09/2022 19:17,68
18/09/2022 19:32,57
18/09/2022 19:47,25
18/09/2022 20:02,12
18/09/2022 20:16,6
18/09/2022 20:31,4
18/09/2022 20:46,3
18/09/2022 21:01,2
18/09/2022 21:16,2
18/09/2022 21:30,0
18/09/2022 21:45,0
18/09/2022 22:00,0
18/09/2022 22:15,0
18/09/2022 22:30,0
18/09/2022 22:44,0
18/09/2022 22:59,0
18/09/2022 23:14,0
18/09/2022 23:29,0
18/09/2022 23:44,0
18/09/2022 23:59,0
19/09/2022 00:13,0
19/09/2022 00:28,0
19/09/2022 00:43,0
19/09/2022 00:58,0
19/09/2022 01:13,0
19/09/2022 01:27,0
19/09/2022 01:42,0
19/09/2022 01:57,0
19/09/2022 02:12,0
19/09/2022 02:27,0
19/09/2022 02:41,0
19/09/2022 02:56,0
19/09/2022 03:11,0
19/09/2022 03:26,0
19/09/2022 03:41,0
19/09/2022 03:55,0
19/09/2022 04:10,0
19/09/2022 04:25,0
19/09/2022 04:40,0
19/09/2022 04:55,0
19/09/2022 05:09,0
19/09/2022 05:24,0
19/09/2022 05:39,0
19/09/2022 05:54,0
19/09/2022 06:09,0
19/09/2022 06:23,0
19/09/2022 06:38,0
19/09/2022 06:53,0
19/09/2022 07:08,0
19/09/2022 07:23,0
19/09/2022 07:37,0
19/09/2022 07:52,0
19/09/2022 08:07,0
19/09/2022 08:22,0
19/09/2022 08:37,0
19/09/2022 08:51,0
19/09/2022 09:06,1
19/09/2022 09:21,1
19/09/2022 09:36,8
19/09/2022 09:51,6
19/09/2022 10:05,12
19/09/2022 10:20,12
19/09/2022 10:35,15
19/09/2022 10:50,40
19/09/2022 11:05,53
19/09/2022 11:20,35
19/09/2022 11:34,44
19/09/2022 11:49,52
19/09/2022 12:04,69
19/09/2022 12:19,61
19/09/2022 12:34,78
19/09/2022 12:48,70
19/09/2022 13:03,83
19/09/2022 13:18,66
19/09/2022 13:33,66
19/09/2022 13:48,45
19/09/2022 14:02,36
19/09/2022 14:17,42
19/09/2022 14:32,73
19/09/2022 14:47,53
19/09/2022 15:02,65
19/09/2022 15:16,79
19/09/2022 15:31,81
19/09/2022 15:46,100
19/09/2022 16:01,104
19/09/2022 16:16,101
19/09/2022 16:30,97
19/09/2022 16:45,100
19/09/2022 17:00,97
19/09/2022 17:15,81
19/09/2022 17:30,142
19/09/2022 17:44,91
19/09/2022 17:59,75
19/09/2022 18:14,53
19/09/2022 18:29,38
19/09/2022 18:44,32
19/09/2022 18:58,24
19/09/2022 19:13,17
19/09/2022 19:28,17
19/09/2022 19:43,20
19/09/2022 19:58,32
19/09/2022 19:59,37
19/09/2022 20:13,57
19/09/2022 20:28,55
19/09/2022 20:43,44
19/09/2022 20:58,16
19/09/2022 21:13,4
19/09/2022 21:27,1
19/09/2022 21:42,0
19/09/2022 21:57,0
19/09/2022 22:12,0
19/09/2022 22:27,0
19/09/2022 22:41,0
19/09/2022 22:56,0
19/09/2022 23:11,0
19/09/2022 23:26,0
19/09/2022 23:41,0
19/09/2022 23:55,0
20/09/2022 00:10,0
20/09/2022 00:25,0
20/09/2022 00:40,0
20/09/2022 00:55,0
20/09/2022 01:09,0
20/09/2022 01:24,0
20/09/2022 01:39,0
20/09/2022 01:54,0
20/09/2022 02:09,0
20/09/2022 02:38,0
20/09/2022 02:53,0
20/09/2022 03:08,0
20/09/2022 03:23,0
20/09/2022 03:38,0
20/09/2022 03:52,0
20/09/2022 04:07,0
20/09/2022 04:22,0
20/09/2022 04:37,0
20/09/2022 04:52,0
20/09/2022 05:06,0
20/09/2022 05:21,0
20/09/2022 05:36,0
20/09/2022 05:51,0
20/09/2022 06:06,0
20/09/2022 06:20,0
20/09/2022 06:35,0
20/09/2022 06:50,0
20/09/2022 07:05,0
20/09/2022 07:20,0
20/09/2022 07:34,0
20/09/2022 07:49,0
20/09/2022 08:04,0
20/09/2022 08:19,0
20/09/2022 08:34,0
20/09/2022 08:48,0
20/09/2022 09:03,0
20/09/2022 09:18,1
20/09/2022 09:33,4
20/09/2022 09:48,6
20/09/2022 10:02,13
20/09/2022 10:17,18
20/09/2022 10:32,29
20/09/2022 10:47,38
20/09/2022 11:02,50
20/09/2022 11:16,39
20/09/2022 11:31,38
20/09/2022 11:46,44
20/09/2022 12:01,49
20/09/2022 12:16,47
20/09/2022 12:30,66
20/09/2022 12:45,91
20/09/2022 13:00,63
20/09/2022 13:15,87
20/09/2022 13:30,83
20/09/2022 13:45,62
20/09/2022 13:59,74
20/09/2022 14:14,81
20/09/2022 14:29,70
20/09/2022 14:59,53
20/09/2022 15:13,66
20/09/2022 15:28,51
20/09/2022 15:43,47
20/09/2022 15:58,67
20/09/2022 16:13,64
20/09/2022 16:27,44
20/09/2022 16:42,44
20/09/2022 16:57,89
20/09/2022 17:12,51
20/09/2022 17:27,46
20/09/2022 17:41,34
20/09/2022 17:56,40
20/09/2022 18:11,25
20/09/2022 18:26,41
20/09/2022 18:41,33
20/09/2022 18:55,24
20/09/2022 19:10,43
20/09/2022 19:25,26
20/09/2022 19:40,17
20/09/2022 19:55,10
20/09/2022 20:09,44
20/09/2022 20:24,52
20/09/2022 20:39,54
20/09/2022 20:54,26
20/09/2022 21:09,7
20/09/2022 21:23,5
20/09/2022 21:38,3
20/09/2022 21:53,1
20/09/2022 22:08,0
20/09/2022 22:23,0
20/09/2022 22:37,0
20/09/2022 22:52,0
20/09/2022 23:07,0
20/09/2022 23:22,0
20/09/2022 23:37,0
20/09/2022 23:51,0
21/09/2022 00:06,0
21/09/2022 00:21,0
21/09/2022 00:36,0
21/09/2022 00:51,0
21/09/2022 01:06,0
21/09/2022 01:20,0
21/09/2022 01:22,0
21/09/2022 01:37,0
21/09/2022 01:38,0
21/09/2022 01:53,0
21/09/2022 02:08,0
21/09/2022 02:23,0
21/09/2022 02:38,0
21/09/2022 02:52,0
21/09/2022 03:07,0
21/09/2022 03:22,0
21/09/2022 03:37,0
21/09/2022 03:52,0
21/09/2022 04:06,0
21/09/2022 04:21,0
21/09/2022 04:36,0
21/09/2022 04:51,0
21/09/2022 05:06,0
21/09/2022 05:21,0
21/09/2022 05:35,0
21/09/2022 05:50,0
21/09/2022 06:05,0
21/09/2022 06:20,0
21/09/2022 06:35,0
21/09/2022 06:49,0
21/09/2022 07:04,0
21/09/2022 07:19,0
21/09/2022 07:34,0
21/09/2022 07:49,0
21/09/2022 08:03,0
21/09/2022 08:18,0
21/09/2022 08:33,0
21/09/2022 08:48,0
21/09/2022 09:03,2
21/09/2022 09:17,9
21/09/2022 09:32,16
21/09/2022 09:47,22
21/09/2022 10:02,31
21/09/2022 10:17,41
21/09/2022 10:46,44
21/09/2022 11:01,37
21/09/2022 11:16,29
21/09/2022 11:31,47
21/09/2022 11:45,48
21/09/2022 12:00,41
21/09/2022 12:15,87
21/09/2022 12:30,103
21/09/2022 12:45,117
21/09/2022 12:59,193
21/09/2022 13:14,91
21/09/2022 13:29,53
21/09/2022 13:44,76
21/09/2022 13:59,48
21/09/2022 14:13,77
21/09/2022 14:28,102
21/09/2022 14:43,94
21/09/2022 14:58,126
21/09/2022 15:13,73
21/09/2022 15:28,99
21/09/2022 15:31,126
21/09/2022 15:46,220
21/09/2022 16:00,248
21/09/2022 16:15,224
21/09/2022 16:30,233
21/09/2022 16:45,187
21/09/2022 17:00,538
21/09/2022 17:14,325
21/09/2022 17:29,172
21/09/2022 17:44,369
21/09/2022 18:14,267
21/09/2022 18:28,141
21/09/2022 18:43,109
21/09/2022 18:58,92
21/09/2022 19:28,107
21/09/2022 19:43,112
21/09/2022 19:57,78
21/09/2022 20:12,42
21/09/2022 20:27,19
21/09/2022 20:42,11
21/09/2022 20:57,6
21/09/2022 21:12,5
21/09/2022 21:26,3
21/09/2022 21:56,0
21/09/2022 22:11,0
21/09/2022 22:26,0
21/09/2022 22:41,0
21/09/2022 22:55,0
21/09/2022 23:10,0
21/09/2022 23:25,0
21/09/2022 23:40,0
21/09/2022 23:55,0
21/09/2022 23:58,0
22/09/2022 00:13,0
22/09/2022 00:14,0
22/09/2022 00:29,0
22/09/2022 00:44,0
22/09/2022 00:59,0
22/09/2022 01:13,0
22/09/2022 01:28,0
22/09/2022 01:43,0
22/09/2022 01:58,0
22/09/2022 02:13,0
22/09/2022 02:28,0
22/09/2022 02:42,0
22/09/2022 02:57,0
22/09/2022 03:12,0
22/09/2022 03:27,0
22/09/2022 03:42,0
22/09/2022 03:56,0
22/09/2022 04:11,0
22/09/2022 04:26,0
22/09/2022 04:41,0
22/09/2022 04:56,0
22/09/2022 05:10,0
22/09/2022 05:25,0
22/09/2022 05:40,0
22/09/2022 05:55,0
22/09/2022 06:10,0
22/09/2022 06:24,0
22/09/2022 06:39,0
22/09/2022 06:54,0
22/09/2022 07:09,0
22/09/2022 07:24,0
22/09/2022 07:38,0
22/09/2022 07:53,0
22/09/2022 08:08,0
22/09/2022 08:23,0
22/09/2022 08:38,0
22/09/2022 08:52,0
22/09/2022 09:07,1
22/09/2022 09:22,5
22/09/2022 09:37,17
22/09/2022 09:52,40
22/09/2022 10:06,38
22/09/2022 10:21,60
22/09/2022 10:36,68
22/09/2022 10:51,73
22/09/2022 11:06,120
22/09/2022 11:20,122
22/09/2022 11:35,129
22/09/2022 11:50,182
22/09/2022 12:05,167
22/09/2022 12:20,167
22/09/2022 12:34,406
22/09/2022 12:49,499
22/09/2022 13:04,431
22/09/2022 13:19,363
22/09/2022 13:34,188
22/09/2022 13:49,229
22/09/2022 14:03,160
22/09/2022 14:18,148
22/09/2022 14:33,168
22/09/2022 14:48,180
22/09/2022 15:03,149
22/09/2022 15:17,112
22/09/2022 15:32,153
22/09/2022 15:47,172
22/09/2022 16:02,181
22/09/2022 16:17,170
22/09/2022 16:31,150
22/09/2022 16:46,234
22/09/2022 17:01,225
22/09/2022 17:16,246
22/09/2022 17:31,231
22/09/2022 17:45,439
22/09/2022 18:00,382
22/09/2022 18:15,239
22/09/2022 18:30,177
22/09/2022 18:45,126
22/09/2022 18:59,114
22/09/2022 19:14,87
22/09/2022 19:29,46
22/09/2022 19:44,58
22/09/2022 19:59,29
22/09/2022 20:13,34
22/09/2022 20:28,37
22/09/2022 20:43,37
22/09/2022 20:58,21
22/09/2022 21:13,8
22/09/2022 21:16,3
22/09/2022 21:46,0
22/09/2022 22:01,0
22/09/2022 22:16,0
22/09/2022 22:30,0
22/09/2022 22:45,0
22/09/2022 23:00,0
22/09/2022 23:15,0
22/09/2022 23:30,0
22/09/2022 23:44,0
22/09/2022 23:59,0
23/09/2022 00:14,0
23/09/2022 00:29,0
23/09/2022 00:44,0
23/09/2022 00:58,0
23/09/2022 01:13,0
23/09/2022 01:28,0
23/09/2022 01:43,0
23/09/2022 01:49,0
23/09/2022 02:04,0
23/09/2022 02:18,0
23/09/2022 02:33,0
23/09/2022 02:34,0
23/09/2022 02:49,0
23/09/2022 03:04,0
23/09/2022 03:18,0
23/09/2022 03:33,0
23/09/2022 03:48,0
23/09/2022 04:03,0
23/09/2022 04:18,0
23/09/2022 04:23,0
23/09/2022 04:38,0
23/09/2022 04:53,0
23/09/2022 05:08,0
23/09/2022 05:23,0
23/09/2022 05:37,0
23/09/2022 05:41,0
23/09/2022 05:55,0
23/09/2022 06:10,0
23/09/2022 06:25,0
23/09/2022 06:40,0
23/09/2022 06:55,0
23/09/2022 07:09,0
23/09/2022 07:24,0
23/09/2022 07:39,0
23/09/2022 07:54,0
23/09/2022 08:09,0
23/09/2022 08:23,0
23/09/2022 08:38,0
23/09/2022 08:53,0
23/09/2022 09:08,0
23/09/2022 09:23,2
23/09/2022 09:37,5
23/09/2022 09:52,11
23/09/2022 10:07,19
23/09/2022 10:22,36
23/09/2022 10:37,41
23/09/2022 11:06,89
23/09/2022 11:21,78
23/09/2022 11:36,44
23/09/2022 11:51,48
23/09/2022 12:05,85
23/09/2022 12:20,341
23/09/2022 12:35,199
23/09/2022 12:50,215
23/09/2022 13:19,208
23/09/2022 13:34,122
23/09/2022 13:49,133
23/09/2022 14:04,89
23/09/2022 14:19,100
23/09/2022 14:33,143
23/09/2022 14:48,154
23/09/2022 15:03,138
23/09/2022 15:18,206
23/09/2022 15:33,212
23/09/2022 15:48,198
23/09/2022 16:02,282
23/09/2022 16:17,216
23/09/2022 16:32,168
23/09/2022 16:47,229
23/09/2022 17:02,298
23/09/2022 17:16,290
23/09/2022 17:31,356
23/09/2022 18:01,337
23/09/2022 18:16,362
23/09/2022 18:30,245
23/09/2022 18:45,198
23/09/2022 19:00,192
23/09/2022 19:15,108
23/09/2022 19:30,103
23/09/2022 19:44,113
23/09/2022 19:47,129
23/09/2022 20:02,184
23/09/2022 20:16,53
23/09/2022 20:31,35
23/09/2022 20:46,56
23/09/2022 21:01,21
23/09/2022 21:16,7
23/09/2022 21:30,2
23/09/2022 21:45,0
23/09/2022 22:00,0
23/09/2022 22:15,0
23/09/2022 22:30,0
23/09/2022 22:44,0
23/09/2022 22:59,0
23/09/2022 23:14,0
23/09/2022 23:29,0
23/09/2022 23:44,0
23/09/2022 23:58,0
24/09/2022 00:13,0
24/09/2022 00:28,0
24/09/2022 00:43,0
24/09/2022 00:58,0
24/09/2022 01:12,0
24/09/2022 01:27,0
24/09/2022 01:57,0
24/09/2022 02:12,0
24/09/2022 02:26,0
24/09/2022 02:41,0
24/09/2022 02:56,0
24/09/2022 03:11,0
24/09/2022 03:26,0
24/09/2022 03:40,0
24/09/2022 03:55,0
24/09/2022 04:10,0
24/09/2022 04:25,0
24/09/2022 04:40,0
24/09/2022 04:55,0
24/09/2022 05:09,0
24/09/2022 05:24,0
24/09/2022 05:39,0
24/09/2022 05:54,0
24/09/2022 06:09,0
24/09/2022 06:23,0
24/09/2022 06:38,0
24/09/2022 06:53,0
24/09/2022 07:08,0
24/09/2022 07:23,0
24/09/2022 07:37,0
24/09/2022 07:42,0
24/09/2022 07:57,0
24/09/2022 08:11,0
24/09/2022 08:26,0
24/09/2022 08:41,0
24/09/2022 08:56,0
24/09/2022 09:02,0
24/09/2022 09:17,0
24/09/2022 09:32,0
24/09/2022 09:47,4
24/09/2022 10:01,3
24/09/2022 10:16,2
24/09/2022 10:31,5
24/09/2022 10:46,9
24/09/2022 11:01,7
24/09/2022 11:15,5
24/09/2022 11:30,6
24/09/2022 11:45,12
24/09/2022 12:00,7
24/09/2022 12:15,10
24/09/2022 12:29,6
24/09/2022 12:44,19
24/09/2022 12:59,33
24/09/2022 13:14,26
24/09/2022 13:29,17
24/09/2022 13:43,21
24/09/2022 13:58,25
24/09/2022 14:13,18
24/09/2022 14:28,26
24/09/2022 14:43,24
24/09/2022 14:45,43
24/09/2022 15:00,46
24/09/2022 15:15,36
24/09/2022 15:29,53
24/09/2022 15:44,59
24/09/2022 15:59,49
24/09/2022 16:14,84
24/09/2022 16:29,106
24/09/2022 16:43,107
24/09/2022 16:58,97
24/09/2022 17:13,68
24/09/2022 17:28,40
24/09/2022 17:43,29
24/09/2022 17:57,23
24/09/2022 18:12,23
24/09/2022 18:27,24
24/09/2022 18:42,21
24/09/2022 18:57,15
24/09/2022 19:11,13
24/09/2022 19:26,12
24/09/2022 19:41,12
24/09/2022 19:56,7
24/09/2022 20:11,4
24/09/2022 20:25,3
24/09/2022 20:40,3
24/09/2022 20:55,1
24/09/2022 21:10,0
24/09/2022 21:25,0
24/09/2022 21:40,0
24/09/2022 21:54,0
24/09/2022 22:09,0
24/09/2022 22:24,0
24/09/2022 22:39,0
24/09/2022 22:54,0
24/09/2022 22:56,0
24/09/2022 23:26,0
24/09/2022 23:40,0
24/09/2022 23:55,0
25/09/2022 00:10,0
25/09/2022 00:25,0
25/09/2022 00:40,0
25/09/2022 00:54,0
25/09/2022 01:09,0
25/09/2022 01:24,0
25/09/2022 01:39,0
25/09/2022 01:54,0
25/09/2022 02:08,0
25/09/2022 02:23,0
25/09/2022 02:38,0
25/09/2022 03:08,0
25/09/2022 03:23,0
25/09/2022 03:37,0
25/09/2022 03:52,0
25/09/2022 04:07,0
25/09/2022 04:22,0
25/09/2022 04:37,0
25/09/2022 04:51,0
25/09/2022 05:06,0
25/09/2022 05:21,0
25/09/2022 05:36,0
25/09/2022 05:51,0
25/09/2022 06:05,0
25/09/2022 06:20,0
25/09/2022 06:35,0
25/09/2022 06:50,0
25/09/2022 07:05,0
25/09/2022 07:19,0
25/09/2022 07:34,0
25/09/2022 07:49,0
25/09/2022 08:04,0
25/09/2022 08:19,0
25/09/2022 08:33,0
25/09/2022 08:48,0
25/09/2022 09:03,0
25/09/2022 09:18,2
25/09/2022 09:33,6
25/09/2022 09:47,10
25/09/2022 10:02,15
25/09/2022 10:17,19
25/09/2022 10:32,21
25/09/2022 10:47,55
25/09/2022 11:01,65
25/09/2022 11:16,67
25/09/2022 11:31,65
25/09/2022 11:46,78
25/09/2022 12:01,81
25/09/2022 12:15,160
25/09/2022 12:30,280
25/09/2022 12:45,311
25/09/2022 13:00,356
25/09/2022 13:15,358
25/09/2022 13:30,370
25/09/2022 13:44,356
25/09/2022 13:59,424
25/09/2022 14:14,434
25/09/2022 14:29,442
25/09/2022 14:44,453
25/09/2022 14:58,461
25/09/2022 15:13,468
25/09/2022 15:28,472
25/09/2022 15:43,474
25/09/2022 15:58,473
25/09/2022 16:12,470
25/09/2022 16:27,464
25/09/2022 16:42,459
25/09/2022 16:57,449
25/09/2022 17:12,433
25/09/2022 17:26,418
25/09/2022 17:41,402
25/09/2022 17:56,382
25/09/2022 18:11,358
25/09/2022 18:26,337
25/09/2022 18:40,310
25/09/2022 18:55,280
25/09/2022 19:10,252
25/09/2022 19:25,224
25/09/2022 19:40,191
25/09/2022 19:43,172
25/09/2022 19:58,154
25/09/2022 20:13,122
25/09/2022 20:28,87
25/09/2022 20:42,57
25/09/2022 20:57,22
25/09/2022 21:12,8
25/09/2022 21:27,4
25/09/2022 21:29,2
25/09/2022 21:44,1
25/09/2022 21:59,0
25/09/2022 22:14,0
25/09/2022 22:29,0
25/09/2022 22:43,0
25/09/2022 22:58,0
25/09/2022 23:28,0
25/09/2022 23:43,0
25/09/2022 23:57,0
26/09/2022 00:12,0
26/09/2022 00:27,0
26/09/2022 00:42,0
26/09/2022 00:57,0
26/09/2022 00:59,0
26/09/2022 01:14,0
26/09/2022 01:28,0
26/09/2022 01:43,0
26/09/2022 01:58,0
26/09/2022 02:28,0
26/09/2022 02:42,0
26/09/2022 02:57,0
26/09/2022 03:12,0
26/09/2022 03:27,0
26/09/2022 03:42,0
26/09/2022 03:56,0
26/09/2022 04:11,0
26/09/2022 04:26,0
26/09/2022 04:41,0
26/09/2022 04:56,0
26/09/2022 05:10,0
26/09/2022 05:40,0
26/09/2022 05:55,0
26/09/2022 06:10,0
26/09/2022 06:24,0
26/09/2022 06:39,0
26/09/2022 06:54,0
26/09/2022 07:09,0
26/09/2022 07:24,0
26/09/2022 07:38,0
26/09/2022 07:53,0
26/09/2022 08:08,0
26/09/2022 08:23,0
26/09/2022 08:38,0
26/09/2022 08:53,0
26/09/2022 09:07,1
26/09/2022 09:22,5
26/09/2022 09:37,18
26/09/2022 09:52,19
26/09/2022 10:07,30
26/09/2022 10:21,35
26/09/2022 10:36,33
26/09/2022 10:51,46
26/09/2022 11:06,31
26/09/2022 11:21,42
26/09/2022 11:35,56
26/09/2022 11:50,60
26/09/2022 12:05,52
26/09/2022 12:20,147
26/09/2022 12:35,278
26/09/2022 12:49,306
26/09/2022 13:04,331
26/09/2022 13:19,353
26/09/2022 13:34,379
26/09/2022 13:49,406
26/09/2022 14:03,372
26/09/2022 14:18,339
26/09/2022 14:33,580
26/09/2022 14:48,550
26/09/2022 15:03,517
26/09/2022 15:17,458
26/09/2022 15:32,483
26/09/2022 15:47,483
26/09/2022 16:02,538
26/09/2022 16:17,594
26/09/2022 16:31,228
26/09/2022 16:35,219
26/09/2022 16:49,268
26/09/2022 17:04,298
26/09/2022 17:19,216
26/09/2022 17:34,152
26/09/2022 17:49,158
26/09/2022 18:03,108
26/09/2022 18:18,73
26/09/2022 18:33,61
26/09/2022 18:48,203
26/09/2022 19:03,172
26/09/2022 19:17,193
26/09/2022 19:32,201
26/09/2022 19:47,170
26/09/2022 20:02,135
26/09/2022 20:17,112
26/09/2022 20:31,76
26/09/2022 20:46,25
26/09/2022 21:01,7
26/09/2022 21:16,3
26/09/2022 21:31,1
26/09/2022 21:45,0
26/09/2022 22:00,0
26/09/2022 22:15,0
26/09/2022 22:30,0
26/09/2022 22:45,0
26/09/2022 22:59,0
26/09/2022 23:14,0
26/09/2022 23:29,0
26/09/2022 23:44,0
26/09/2022 23:59,0
27/09/2022 00:14,0
27/09/2022 00:28,0
27/09/2022 00:43,0
27/09/2022 00:58,0
27/09/2022 01:13,0
27/09/2022 01:28,0
27/09/2022 01:42,0
27/09/2022 01:57,0
27/09/2022 02:12,0
27/09/2022 02:27,0
27/09/2022 02:42,0
27/09/2022 02:56,0
27/09/2022 03:11,0
27/09/2022 03:26,0
27/09/2022 03:41,0
27/09/2022 03:56,0
27/09/2022 04:10,0
27/09/2022 04:25,0
27/09/2022 04:40,0
27/09/2022 04:55,0
27/09/2022 05:24,0
27/09/2022 05:39,0
27/09/2022 05:54,0
27/09/2022 06:09,0
27/09/2022 06:24,0
27/09/2022 06:38,0
27/09/2022 06:53,0
27/09/2022 07:08,0
27/09/2022 07:23,0
27/09/2022 07:38,0
27/09/2022 07:52,0
27/09/2022 08:07,0
27/09/2022 08:22,0
27/09/2022 08:37,0
27/09/2022 08:52,0
27/09/2022 09:06,0
27/09/2022 09:21,7
27/09/2022 09:36,16
27/09/2022 09:51,11
27/09/2022 10:06,11
27/09/2022 10:20,20
27/09/2022 10:35,31
27/09/2022 10:50,37
27/09/2022 11:05,45
27/09/2022 11:20,64
27/09/2022 11:34,80
27/09/2022 11:49,58
27/09/2022 12:04,54
27/09/2022 12:07,62
27/09/2022 12:22,68
27/09/2022 12:37,91
27/09/2022 12:52,112
27/09/2022 13:06,115
27/09/2022 13:21,132
27/09/2022 13:36,135
27/09/2022 13:51,143
27/09/2022 14:06,210
27/09/2022 14:20,194
27/09/2022 14:35,166
27/09/2022 14:50,169
27/09/2022 15:05,180
27/09/2022 15:20,185
27/09/2022 15:34,162
27/09/2022 15:49,146
27/09/2022 15:52,146
27/09/2022 16:06,150
27/09/2022 16:21,159
27/09/2022 16:36,168
27/09/2022 16:51,171
27/09/2022 17:06,171
27/09/2022 17:20,176
27/09/2022 17:35,176
27/09/2022 17:50,174
27/09/2022 18:05,183
27/09/2022 18:20,170
27/09/2022 18:35,124
27/09/2022 18:49,86
27/09/2022 19:04,76
27/09/2022 19:19,62
27/09/2022 19:20,54
27/09/2022 19:35,49
27/09/2022 19:50,40
27/09/2022 20:04,28
27/09/2022 20:19,25
27/09/2022 20:34,16
27/09/2022 20:49,12
27/09/2022 21:04,7
27/09/2022 21:18,2
27/09/2022 21:33,0
27/09/2022 21:48,0
27/09/2022 22:03,0
27/09/2022 22:18,0
27/09/2022 22:32,0
27/09/2022 22:47,0
27/09/2022 23:02,0
27/09/2022 23:17,0
27/09/2022 23:32,0
27/09/2022 23:46,0
27/09/2022 23:50,0
28/09/2022 00:05,0
28/09/2022 00:20,0
28/09/2022 00:35,0
28/09/2022 00:35,0
28/09/2022 00:50,0
28/09/2022 01:05,0
28/09/2022 01:20,0
28/09/2022 01:21,0
28/09/2022 01:36,0
28/09/2022 01:50,0
28/09/2022 02:05,0
28/09/2022 02:20,0
28/09/2022 02:35,0
28/09/2022 02:50,0
28/09/2022 03:04,0
28/09/2022 03:19,0
28/09/2022 03:34,0
28/09/2022 03:49,0
28/09/2022 04:04,0
28/09/2022 04:18,0
28/09/2022 04:33,0
28/09/2022 04:48,0
28/09/2022 05:03,0
28/09/2022 05:18,0
28/09/2022 05:32,0
28/09/2022 05:47,0
28/09/2022 06:02,0
28/09/2022 06:17,0
28/09/2022 06:32,0
28/09/2022 06:46,0
28/09/2022 07:01,0
28/09/2022 07:02,0
28/09/2022 07:32,0
28/09/2022 07:47,0
28/09/2022 08:02,0
28/09/2022 08:16,0
28/09/2022 08:31,0
28/09/2022 08:46,0
28/09/2022 09:01,0
28/09/2022 09:16,0
28/09/2022 09:30,1
28/09/2022 09:45,3
28/09/2022 10:00,7
28/09/2022 10:15,12
28/09/2022 10:30,16
28/09/2022 10:45,23
28/09/2022 10:59,33
28/09/2022 11:14,36
28/09/2022 11:29,45
28/09/2022 11:44,49
28/09/2022 11:59,57
28/09/2022 12:13,65
28/09/2022 12:28,64
28/09/2022 12:43,67
28/09/2022 12:58,77
28/09/2022 13:13,51
28/09/2022 13:27,61
28/09/2022 13:42,70
28/09/2022 13:57,67
28/09/2022 14:12,104
28/09/2022 14:27,110
28/09/2022 14:41,125
28/09/2022 14:56,110
28/09/2022 15:11,137
28/09/2022 15:26,118
28/09/2022 15:41,115
28/09/2022 15:55,134
28/09/2022 16:10,94
28/09/2022 16:25,112
28/09/2022 16:40,148
28/09/2022 16:55,124
28/09/2022 17:24,82
28/09/2022 17:39,104
28/09/2022 17:54,104
28/09/2022 18:09,86
28/09/2022 18:23,73
28/09/2022 18:38,84
28/09/2022 18:53,88
28/09/2022 19:08,43
28/09/2022 19:23,44
28/09/2022 19:37,122
28/09/2022 19:52,39
28/09/2022 20:07,20
28/09/2022 20:22,16
28/09/2022 20:37,10
28/09/2022 20:52,7
28/09/2022 21:06,4
28/09/2022 21:21,1
28/09/2022 21:36,0
28/09/2022 21:51,0
28/09/2022 22:06,0
28/09/2022 22:20,0
28/09/2022 22:35,0
28/09/2022 22:50,0
28/09/2022 23:05,0
28/09/2022 23:20,0
28/09/2022 23:34,0
28/09/2022 23:49,0
29/09/2022 00:04,0
29/09/2022 00:19,0
29/09/2022 00:34,0
29/09/2022 00:49,0
29/09/2022 01:03,0
29/09/2022 01:18,0
29/09/2022 01:33,0
29/09/2022 01:48,0
29/09/2022 02:03,0
29/09/2022 02:18,0
29/09/2022 02:32,0
29/09/2022 02:47,0
29/09/2022 03:02,0
29/09/2022 03:17,0
29/09/2022 03:32,0
29/09/2022 03:47,0
29/09/2022 04:01,0
29/09/2022 04:16,0
29/09/2022 04:31,0
29/09/2022 04:46,0
29/09/2022 05:01,0
29/09/2022 05:16,0
29/09/2022 05:30,0
29/09/2022 05:45,0
29/09/2022 06:00,0
29/09/2022 06:15,0
29/09/2022 06:30,0
29/09/2022 06:45,0
29/09/2022 06:59,0
29/09/2022 07:14,0
29/09/2022 07:29,0
29/09/2022 07:44,0
29/09/2022 07:59,0
29/09/2022 08:13,0
29/09/2022 08:28,0
29/09/2022 08:43,0
29/09/2022 08:58,0
29/09/2022 09:13,0
29/09/2022 09:28,0
29/09/2022 09:42,0
29/09/2022 09:57,0
29/09/2022 10:27,6
29/09/2022 10:42,10
29/09/2022 10:57,14
29/09/2022 11:11,10
29/09/2022 11:26,8
29/09/2022 11:41,8
29/09/2022 12:11,23
29/09/2022 12:26,22
29/09/2022 12:40,24
29/09/2022 12:55,26
29/09/2022 13:10,25
29/09/2022 13:25,33
29/09/2022 13:40,31
29/09/2022 13:55,24
29/09/2022 14:09,31
29/09/2022 14:24,37
29/09/2022 14:39,36
29/09/2022 14:54,34
29/09/2022 15:09,29
29/09/2022 15:24,30
29/09/2022 15:38,29
29/09/2022 15:53,41
29/09/2022 16:08,46
29/09/2022 16:23,49
29/09/2022 16:38,48
29/09/2022 16:53,29
29/09/2022 17:07,37
29/09/2022 17:22,24
29/09/2022 17:37,31
29/09/2022 17:52,41
29/09/2022 18:07,24
29/09/2022 18:22,54
29/09/2022 18:36,25
29/09/2022 18:51,16
29/09/2022 19:36,15
29/09/2022 20:05,11
29/09/2022 20:09,7
29/09/2022 20:24,4
29/09/2022 20:38,2
29/09/2022 20:53,0
29/09/2022 21:08,0
29/09/2022 21:23,0
29/09/2022 21:38,0
29/09/2022 21:53,0
29/09/2022 22:07,0
29/09/2022 22:22,0
29/09/2022 22:37,0
29/09/2022 22:52,0
29/09/2022 23:07,0
29/09/2022 23:22,0
29/09/2022 23:36,0
29/09/2022 23:51,0
30/09/2022 00:06,0
30/09/2022 00:21,0
30/09/2022 00:36,0
30/09/2022 00:37,0
30/09/2022 00:52,0
30/09/2022 01:07,0
30/09/2022 01:21,0
30/09/2022 01:36,0
30/09/2022 01:51,0
30/09/2022 02:06,0
30/09/2022 02:21,0
30/09/2022 02:36,0
30/09/2022 02:50,0
30/09/2022 03:05,0
30/09/2022 03:20,0
30/09/2022 03:35,0
30/09/2022 03:50,0
30/09/2022 04:05,0
30/09/2022 04:19,0
30/09/2022 04:34,0
30/09/2022 04:49,0
30/09/2022 05:04,0
30/09/2022 05:19,0
30/09/2022 05:34,0
30/09/2022 05:48,0
30/09/2022 06:03,0
30/09/2022 06:18,0
30/09/2022 06:33,0
30/09/2022 06:48,0
30/09/2022 07:03,0
30/09/2022 07:17,0
30/09/2022 07:32,0
30/09/2022 07:47,0
30/09/2022 08:02,0
30/09/2022 08:17,0
30/09/2022 08:32,0
30/09/2022 08:35,0
30/09/2022 08:50,0
30/09/2022 09:05,0
30/09/2022 09:20,0
30/09/2022 09:34,0
30/09/2022 09:49,2
30/09/2022 10:19,18
30/09/2022 10:34,17
30/09/2022 10:48,18
30/09/2022 11:03,22
30/09/2022 11:18,22
30/09/2022 11:33,22
30/09/2022 11:48,34
30/09/2022 12:02,54
30/09/2022 12:17,99
30/09/2022 12:32,107
30/09/2022 12:47,142
30/09/2022 12:51,117
30/09/2022 13:05,134
30/09/2022 13:20,192
30/09/2022 13:35,391
30/09/2022 13:50,422
30/09/2022 14:05,203
30/09/2022 14:19,160
30/09/2022 14:34,117
30/09/2022 14:49,99
30/09/2022 15:04,126
30/09/2022 15:20,188
30/09/2022 15:35,194
30/09/2022 15:50,270
30/09/2022 16:05,425
30/09/2022 16:19,529
30/09/2022 16:34,246
30/09/2022 16:49,159
30/09/2022 17:04,305
30/09/2022 17:19,514
30/09/2022 17:33,340
30/09/2022 18:03,137
30/09/2022 18:18,109
30/09/2022 18:33,92
30/09/2022 18:47,75
30/09/2022 19:02,73
30/09/2022 19:17,76
30/09/2022 19:32,58
30/09/2022 19:47,36
30/09/2022 20:01,26
30/09/2022 20:02,21
30/09/2022 20:17,17
30/09/2022 20:32,9
30/09/2022 20:47,4
30/09/2022 21:01,2
30/09/2022 21:16,1
30/09/2022 21:31,0
30/09/2022 21:46,0
30/09/2022 22:01,0
30/09/2022 22:15,0
30/09/2022 22:30,0
30/09/2022 22:45,0
30/09/2022 23:00,0
30/09/2022 23:15,0
30/09/2022 23:30,0
30/09/2022 23:44,0
30/09/2022 23:59,0
01/10/2022 00:14,0
01/10/2022 00:29,0
01/10/2022 00:44,0
01/10/2022 00:58,0
01/10/2022 01:28,0
01/10/2022 01:43,0
01/10/2022 01:58,0
01/10/2022 02:12,0
01/10/2022 02:27,0
01/10/2022 02:42,0
01/10/2022 02:57,0
01/10/2022 03:12,0
01/10/2022 03:27,0
01/10/2022 03:41,0
01/10/2022 03:56,0
01/10/2022 04:11,0
01/10/2022 04:26,0
01/10/2022 04:41,0
01/10/2022 04:56,0
01/10/2022 05:10,0
01/10/2022 05:25,0
01/10/2022 05:40,0
01/10/2022 05:55,0
01/10/2022 06:10,0
01/10/2022 06:25,0
01/10/2022 06:39,0
01/10/2022 06:54,0
01/10/2022 07:24,0
01/10/2022 07:39,0
01/10/2022 07:53,0
01/10/2022 08:23,0
01/10/2022 08:38,0
01/10/2022 08:53,0
01/10/2022 09:08,0
01/10/2022 09:22,0
01/10/2022 09:37,0
01/10/2022 09:52,2
01/10/2022 10:07,6
01/10/2022 10:22,16
01/10/2022 10:37,31
01/10/2022 10:51,53
01/10/2022 11:21,111
01/10/2022 11:36,98
01/10/2022 11:51,75
01/10/2022 12:06,87
01/10/2022 12:20,99
01/10/2022 12:35,101
01/10/2022 13:05,100
01/10/2022 13:20,92
01/10/2022 13:35,99
01/10/2022 13:49,80
01/10/2022 14:04,111
01/10/2022 14:19,70
01/10/2022 14:34,36
01/10/2022 14:49,34
01/10/2022 15:04,64
01/10/2022 15:18,83
01/10/2022 15:33,85
01/10/2022 15:48,84
01/10/2022 16:03,80
01/10/2022 16:18,113
01/10/2022 16:33,117
01/10/2022 16:47,88
01/10/2022 17:02,82
01/10/2022 17:17,66
01/10/2022 17:32,68
01/10/2022 17:47,65
01/10/2022 18:02,67
01/10/2022 18:16,85
01/10/2022 18:31,60
01/10/2022 18:46,71
01/10/2022 19:01,69
01/10/2022 19:16,32
01/10/2022 19:17,26
01/10/2022 19:31,24
01/10/2022 19:46,30
01/10/2022 20:01,22
01/10/2022 20:16,31
01/10/2022 20:31,27
01/10/2022 20:46,12
01/10/2022 21:00,3
01/10/2022 21:15,0
01/10/2022 21:30,0
01/10/2022 21:45,0
01/10/2022 22:00,0
01/10/2022 22:14,0
01/10/2022 22:29,0
01/10/2022 22:44,0
01/10/2022 22:59,0
01/10/2022 23:14,0
01/10/2022 23:29,0
01/10/2022 23:43,0
01/10/2022 23:58,0
02/10/2022 00:13,0
02/10/2022 00:47,0
02/10/2022 01:01,0
02/10/2022 01:16,0
02/10/2022 01:31,0
02/10/2022 01:46,0
02/10/2022 02:01,0
02/10/2022 02:15,0
02/10/2022 02:30,0
02/10/2022 02:45,0
02/10/2022 03:00,0
02/10/2022 03:15,0
02/10/2022 03:29,0
02/10/2022 03:44,0
02/10/2022 03:59,0
02/10/2022 04:14,0
02/10/2022 04:29,0
02/10/2022 04:43,0
02/10/2022 04:58,0
02/10/2022 05:13,0
02/10/2022 05:28,0
02/10/2022 05:43,0
02/10/2022 05:57,0
02/10/2022 06:12,0
02/10/2022 06:27,0
02/10/2022 06:42,0
02/10/2022 06:57,0
02/10/2022 07:11,0
02/10/2022 07:26,0
02/10/2022 07:41,0
02/10/2022 07:56,0
02/10/2022 08:11,0
02/10/2022 08:25,0
02/10/2022 08:40,0
02/10/2022 09:10,0
02/10/2022 09:25,0
02/10/2022 09:40,1
02/10/2022 09:54,2
02/10/2022 10:09,5
02/10/2022 10:24,9
02/10/2022 10:39,10
02/10/2022 10:54,12
02/10/2022 11:08,25
02/10/2022 11:23,21
02/10/2022 11:38,36
02/10/2022 11:53,49
02/10/2022 12:08,66
02/10/2022 12:22,79
02/10/2022 12:52,184
02/10/2022 13:07,257
02/10/2022 13:22,224
02/10/2022 13:36,119
02/10/2022 13:51,163
02/10/2022 14:06,155
02/10/2022 14:21,187
02/10/2022 14:36,147
02/10/2022 14:51,305
02/10/2022 15:20,169
02/10/2022 15:35,319
02/10/2022 15:50,480
02/10/2022 16:05,438
02/10/2022 16:19,426
02/10/2022 16:34,436
02/10/2022 16:49,259
02/10/2022 16:50,259
02/10/2022 17:20,129
02/10/2022 17:35,130
02/10/2022 17:50,175
02/10/2022 18:04,144
02/10/2022 18:19,81
02/10/2022 18:34,47
02/10/2022 18:49,37
02/10/2022 19:04,65
02/10/2022 19:19,66
02/10/2022 19:33,42
02/10/2022 19:48,17
02/10/2022 20:03,9
02/10/2022 20:18,6
02/10/2022 20:33,2
02/10/2022 20:48,0
02/10/2022 21:02,0
02/10/2022 21:17,0
02/10/2022 21:32,0
02/10/2022 21:47,0
02/10/2022 22:02,0
02/10/2022 22:17,0
02/10/2022 22:31,0
02/10/2022 22:46,0
02/10/2022 23:01,0
02/10/2022 23:16,0
02/10/2022 23:31,0
02/10/2022 23:45,0
03/10/2022 00:00,0
03/10/2022 00:15,0
03/10/2022 00:30,0
03/10/2022 00:36,0
03/10/2022 00:51,0
03/10/2022 01:05,0
03/10/2022 01:20,0
03/10/2022 01:35,0
03/10/2022 01:50,0
03/10/2022 02:05,0
03/10/2022 02:20,0
03/10/2022 02:34,0
03/10/2022 02:49,0
03/10/2022 03:04,0
03/10/2022 03:19,0
03/10/2022 03:34,0
03/10/2022 03:48,0
03/10/2022 04:03,0
03/10/2022 04:18,0
03/10/2022 04:33,0
03/10/2022 04:48,0
03/10/2022 05:03,0
03/10/2022 05:17,0
03/10/2022 05:32,0
03/10/2022 05:47,0
03/10/2022 06:02,0
03/10/2022 06:17,0
03/10/2022 06:32,0
03/10/2022 06:46,0
03/10/2022 07:01,0
03/10/2022 07:16,0
03/10/2022 07:31,0
03/10/2022 07:46,0
03/10/2022 08:01,0
03/10/2022 08:15,0
03/10/2022 08:30,0
03/10/2022 08:45,0
03/10/2022 09:00,0
03/10/2022 09:15,0
03/10/2022 09:30,0
03/10/2022 09:44,1
03/10/2022 09:59,6
03/10/2022 10:14,12
03/10/2022 10:29,21
03/10/2022 10:44,46
03/10/2022 10:59,38
03/10/2022 11:01,35
03/10/2022 11:16,68
03/10/2022 11:31,185
03/10/2022 11:46,102
03/10/2022 12:00,87
03/10/2022 12:15,75
03/10/2022 12:30,140
03/10/2022 12:45,173
03/10/2022 13:00,95
03/10/2022 13:14,122
03/10/2022 13:29,266
03/10/2022 13:44,239
03/10/2022 13:59,234
03/10/2022 14:14,159
03/10/2022 14:28,97
03/10/2022 14:43,79
03/10/2022 14:58,123
03/10/2022 15:13,157
03/10/2022 15:28,188
03/10/2022 15:42,157
03/10/2022 15:57,127
03/10/2022 16:12,131
03/10/2022 16:27,148
03/10/2022 16:42,144
03/10/2022 16:57,129
03/10/2022 17:11,104
03/10/2022 17:26,114
03/10/2022 17:41,102
03/10/2022 17:56,77
03/10/2022 18:11,64
03/10/2022 18:26,51
03/10/2022 18:40,23
03/10/2022 18:55,21
03/10/2022 19:10,21
03/10/2022 19:25,28
03/10/2022 19:26,34
03/10/2022 19:41,24
03/10/2022 19:56,16
03/10/2022 20:11,9
03/10/2022 20:25,5
03/10/2022 20:40,1
03/10/2022 20:55,0
03/10/2022 21:10,0
03/10/2022 21:25,0
03/10/2022 21:40,0
03/10/2022 21:54,0
03/10/2022 22:24,0
03/10/2022 22:39,0
03/10/2022 22:54,0
03/10/2022 23:08,0
03/10/2022 23:23,0
03/10/2022 23:38,0
03/10/2022 23:53,0
04/10/2022 00:08,0
04/10/2022 00:23,0
04/10/2022 00:37,0
04/10/2022 00:52,0
04/10/2022 01:07,0
04/10/2022 01:22,0
04/10/2022 01:37,0
04/10/2022 01:52,0
04/10/2022 02:21,0
04/10/2022 02:36,0
04/10/2022 02:51,0
04/10/2022 03:06,0
04/10/2022 03:21,0
04/10/2022 03:35,0
04/10/2022 03:50,0
04/10/2022 04:05,0
04/10/2022 04:20,0
04/10/2022 04:35,0
04/10/2022 04:50,0
04/10/2022 05:04,0
04/10/2022 05:19,0
04/10/2022 05:34,0
04/10/2022 05:49,0
04/10/2022 06:04,0
04/10/2022 06:19,0
04/10/2022 06:33,0
04/10/2022 06:48,0
04/10/2022 07:03,0
04/10/2022 07:18,0
04/10/2022 07:33,0
04/10/2022 07:48,0
04/10/2022 08:02,0
04/10/2022 08:17,0
04/10/2022 08:32,0
04/10/2022 08:47,0
04/10/2022 09:02,0
04/10/2022 09:17,0
04/10/2022 09:31,0
04/10/2022 09:46,1
04/10/2022 10:01,4
04/10/2022 10:16,8
04/10/2022 10:31,16
04/10/2022 10:46,28
04/10/2022 11:00,38
04/10/2022 11:15,46
04/10/2022 11:30,57
04/10/2022 11:45,55
04/10/2022 12:00,65
04/10/2022 12:14,66
04/10/2022 12:29,118
04/10/2022 12:44,106
04/10/2022 12:59,220
04/10/2022 13:14,246
04/10/2022 13:29,128
04/10/2022 13:43,189
04/10/2022 13:58,125
04/10/2022 14:13,141
04/10/2022 14:28,220
04/10/2022 14:43,242
04/10/2022 14:58,224
04/10/2022 15:12,209
04/10/2022 15:27,178
04/10/2022 15:42,153
04/10/2022 16:12,95
04/10/2022 16:27,67
04/10/2022 16:41,58
04/10/2022 16:56,76
04/10/2022 17:11,82
04/10/2022 17:26,70
04/10/2022 17:41,55
04/10/2022 17:56,66
04/10/2022 18:10,80
04/10/2022 18:25,77
04/10/2022 18:40,155
04/10/2022 18:55,161
04/10/2022 18:59,72
04/10/2022 19:13,64
04/10/2022 19:28,49
04/10/2022 19:43,36
04/10/2022 19:58,24
04/10/2022 20:13,18
04/10/2022 20:27,15
04/10/2022 20:42,9
04/10/2022 20:57,1
04/10/2022 21:12,0
04/10/2022 21:27,0
04/10/2022 21:41,0
04/10/2022 21:56,0
04/10/2022 22:11,0
04/10/2022 22:26,0
04/10/2022 22:41,0
04/10/2022 22:55,0
04/10/2022 23:10,0
04/10/2022 23:25,0
04/10/2022 23:40,0
04/10/2022 23:55,0
05/10/2022 00:09,0
05/10/2022 00:24,0
05/10/2022 00:39,0
05/10/2022 00:54,0
05/10/2022 01:09,0
05/10/2022 01:23,0
05/10/2022 01:25,0
05/10/2022 01:40,0
05/10/2022 01:55,0
05/10/2022 02:10,0
05/10/2022 02:24,0
05/10/2022 02:39,0
05/10/2022 02:54,0
05/10/2022 03:09,0
05/10/2022 03:24,0
05/10/2022 03:39,0
05/10/2022 03:53,0
05/10/2022 04:08,0
05/10/2022 04:23,0
05/10/2022 04:38,0
05/10/2022 04:53,0
05/10/2022 05:08,0
05/10/2022 05:22,0
05/10/2022 05:37,0
05/10/2022 05:52,0
05/10/2022 06:07,0
05/10/2022 06:22,0
05/10/2022 06:37,0
05/10/2022 06:51,0
05/10/2022 07:06,0
05/10/2022 07:36,0
05/10/2022 07:51,0
05/10/2022 08:06,0
05/10/2022 08:20,0
05/10/2022 08:35,0
05/10/2022 08:50,0
05/10/2022 09:05,0
05/10/2022 09:20,0
05/10/2022 09:35,0
05/10/2022 09:49,0
05/10/2022 10:04,3
05/10/2022 10:19,5
05/10/2022 10:34,10
05/10/2022 10:49,15
05/10/2022 11:04,21
05/10/2022 11:18,24
05/10/2022 11:33,25
05/10/2022 11:48,29
05/10/2022 12:03,36
05/10/2022 12:18,37
05/10/2022 12:33,40
05/10/2022 12:47,38
05/10/2022 13:02,40
05/10/2022 13:17,38
05/10/2022 13:32,50
05/10/2022 13:47,58
05/10/2022 14:01,69
05/10/2022 14:16,81
05/10/2022 14:31,89
05/10/2022 14:46,183
05/10/2022 15:01,126
05/10/2022 15:16,116
05/10/2022 15:30,144
05/10/2022 15:45,155
05/10/2022 16:00,147
05/10/2022 16:15,166
05/10/2022 16:30,145
05/10/2022 16:45,97
05/10/2022 16:59,95
05/10/2022 17:14,149
05/10/2022 17:29,133
05/10/2022 17:44,107
05/10/2022 17:59,101
05/10/2022 18:14,103
05/10/2022 18:28,106
05/10/2022 18:43,98
05/10/2022 18:58,88
05/10/2022 19:13,76
05/10/2022 19:28,55
05/10/2022 19:43,42
05/10/2022 19:57,37
05/10/2022 20:12,21
05/10/2022 20:27,8
05/10/2022 20:42,3
05/10/2022 20:57,0
05/10/2022 21:12,0
05/10/2022 21:26,0
05/10/2022 21:41,0
05/10/2022 21:56,0
05/10/2022 22:11,0
05/10/2022 22:26,0
05/10/2022 22:41,0
05/10/2022 22:55,0
05/10/2022 23:10,0
05/10/2022 23:25,0
05/10/2022 23:40,0
05/10/2022 23:55,0
06/10/2022 00:10,0
06/10/2022 00:24,0
06/10/2022 00:39,0
06/10/2022 00:54,0
06/10/2022 01:09,0
06/10/2022 01:24,0
06/10/2022 01:39,0
06/10/2022 01:53,0
06/10/2022 01:56,0
06/10/2022 02:11,0
06/10/2022 02:26,0
06/10/2022 02:41,0
06/10/2022 02:56,0
06/10/2022 03:10,0
06/10/2022 03:25,0
06/10/2022 03:40,0
06/10/2022 03:55,0
06/10/2022 04:10,0
06/10/2022 04:25,0
06/10/2022 04:39,0
06/10/2022 04:54,0
06/10/2022 05:09,0
06/10/2022 05:24,0
06/10/2022 05:39,0
06/10/2022 05:54,0
06/10/2022 06:08,0
06/10/2022 06:23,0
06/10/2022 06:38,0
06/10/2022 07:08,0
06/10/2022 07:23,0
06/10/2022 07:37,0
06/10/2022 07:52,0
06/10/2022 08:07,0
06/10/2022 08:22,0
06/10/2022 08:24,0
06/10/2022 08:39,0
06/10/2022 08:54,0
06/10/2022 09:08,0
06/10/2022 09:23,0
06/10/2022 09:38,0
06/10/2022 09:53,2
06/10/2022 10:08,5
06/10/2022 10:22,12
06/10/2022 10:37,23
06/10/2022 10:52,35
06/10/2022 11:10,46
06/10/2022 11:22,55
06/10/2022 11:36,62
06/10/2022 11:51,70
06/10/2022 12:06,79
06/10/2022 12:21,89
06/10/2022 12:36,116
06/10/2022 12:50,192
06/10/2022 13:05,270
06/10/2022 13:20,224
06/10/2022 13:35,257
06/10/2022 13:50,220
06/10/2022 14:04,287
06/10/2022 14:19,401
06/10/2022 14:34,356
06/10/2022 14:49,320
06/10/2022 15:04,465
06/10/2022 15:18,398
06/10/2022 15:33,259
06/10/2022 15:36,312
06/10/2022 15:51,286
06/10/2022 16:06,266
06/10/2022 16:21,167
06/10/2022 16:36,156
06/10/2022 16:50,175
06/10/2022 17:05,316
06/10/2022 17:20,180
06/10/2022 17:35,344
06/10/2022 17:50,368
06/10/2022 18:04,231
06/10/2022 18:19,119
06/10/2022 18:34,89
06/10/2022 18:49,115
06/10/2022 19:04,187
06/10/2022 19:18,190
06/10/2022 19:33,124
06/10/2022 19:48,46
06/10/2022 20:03,30
06/10/2022 20:18,22
06/10/2022 20:33,9
06/10/2022 20:47,4
06/10/2022 21:02,1
06/10/2022 21:17,0
06/10/2022 21:32,0
06/10/2022 21:47,0
06/10/2022 22:02,0
06/10/2022 22:16,0
06/10/2022 22:31,0
06/10/2022 22:46,0
06/10/2022 23:01,0
06/10/2022 23:16,0
06/10/2022 23:31,0
06/10/2022 23:45,0
07/10/2022 00:00,0
07/10/2022 00:15,0
07/10/2022 00:30,0
07/10/2022 00:45,0
07/10/2022 01:00,0
07/10/2022 01:14,0
07/10/2022 01:29,0
07/10/2022 01:44,0
07/10/2022 01:59,0
07/10/2022 02:14,0
07/10/2022 02:29,0
07/10/2022 02:43,0
07/10/2022 02:58,0
07/10/2022 03:13,0
07/10/2022 03:28,0
07/10/2022 03:31,0
07/10/2022 03:46,0
07/10/2022 04:01,0
07/10/2022 04:16,0
07/10/2022 04:31,0
07/10/2022 04:45,0
07/10/2022 05:00,0
07/10/2022 05:15,0
07/10/2022 05:30,0
07/10/2022 05:45,0
07/10/2022 05:59,0
07/10/2022 06:14,0
07/10/2022 06:29,0
07/10/2022 06:44,0
07/10/2022 06:59,0
07/10/2022 07:13,0
07/10/2022 07:28,0
07/10/2022 07:43,0
07/10/2022 07:45,0
07/10/2022 07:59,0
07/10/2022 08:14,0
07/10/2022 08:29,0
07/10/2022 08:44,0
07/10/2022 08:59,0
07/10/2022 09:13,0
07/10/2022 09:28,0
07/10/2022 09:43,0
07/10/2022 09:58,2
07/10/2022 10:13,7
07/10/2022 10:28,16
07/10/2022 10:42,25
07/10/2022 10:57,36
07/10/2022 11:12,54
07/10/2022 11:27,66
07/10/2022 11:42,67
07/10/2022 11:57,54
07/10/2022 12:11,35
07/10/2022 12:26,35
07/10/2022 12:41,146
07/10/2022 12:56,265
07/10/2022 13:11,277
07/10/2022 13:26,305
07/10/2022 13:40,324
07/10/2022 13:55,337
07/10/2022 14:10,343
07/10/2022 14:25,356
07/10/2022 14:40,368
07/10/2022 14:55,376
07/10/2022 15:09,382
07/10/2022 15:24,385
07/10/2022 15:39,386
07/10/2022 15:54,386
07/10/2022 16:09,381
07/10/2022 16:24,382
07/10/2022 16:38,370
07/10/2022 16:53,357
07/10/2022 17:08,344
07/10/2022 17:23,328
07/10/2022 17:38,311
07/10/2022 17:53,239
07/10/2022 18:07,175
07/10/2022 18:22,189
07/10/2022 18:37,186
07/10/2022 18:52,81
07/10/2022 19:07,42
07/10/2022 19:22,40
07/10/2022 19:36,35
07/10/2022 19:51,22
07/10/2022 20:06,14
07/10/2022 20:21,8
07/10/2022 20:36,2
07/10/2022 20:50,0
07/10/2022 21:05,0
07/10/2022 21:20,0
07/10/2022 21:35,0
07/10/2022 21:50,0
07/10/2022 21:53,0
07/10/2022 22:08,0
07/10/2022 22:23,0
07/10/2022 22:37,0
07/10/2022 22:52,0
07/10/2022 23:07,0
07/10/2022 23:22,0
07/10/2022 23:37,0
07/10/2022 23:51,0
08/10/2022 00:06,0
08/10/2022 00:21,0
08/10/2022 00:36,0
08/10/2022 00:51,0
08/10/2022 01:06,0
08/10/2022 01:20,0
08/10/2022 01:35,0
08/10/2022 01:50,0
08/10/2022 02:05,0
08/10/2022 02:20,0
08/10/2022 02:35,0
08/10/2022 02:49,0
08/10/2022 03:04,0
08/10/2022 03:19,0
08/10/2022 03:21,0
08/10/2022 03:36,0
08/10/2022 03:51,0
08/10/2022 04:06,0
08/10/2022 04:20,0
08/10/2022 04:35,0
08/10/2022 04:38,0
08/10/2022 04:53,0
08/10/2022 05:08,0
08/10/2022 05:23,0
08/10/2022 05:38,0
08/10/2022 05:53,0
08/10/2022 06:07,0
08/10/2022 06:22,0
08/10/2022 06:37,0
08/10/2022 06:52,0
08/10/2022 07:07,0
08/10/2022 07:22,0
08/10/2022 07:36,0
08/10/2022 07:39,0
08/10/2022 07:54,0
08/10/2022 08:09,0
08/10/2022 08:24,0
08/10/2022 08:38,0
08/10/2022 08:53,0
08/10/2022 09:23,0
08/10/2022 09:38,0
08/10/2022 09:52,0
08/10/2022 10:07,0
08/10/2022 10:22,3
08/10/2022 10:37,8
08/10/2022 10:52,17
08/10/2022 11:06,7
08/10/2022 11:21,14
08/10/2022 11:36,29
08/10/2022 12:06,78
08/10/2022 12:20,85
08/10/2022 12:35,60
08/10/2022 12:50,88
08/10/2022 13:05,47
08/10/2022 13:20,81
08/10/2022 13:35,64
08/10/2022 13:49,181
08/10/2022 14:04,255
08/10/2022 14:19,374
08/10/2022 14:34,359
08/10/2022 14:49,241
08/10/2022 15:04,246
08/10/2022 15:18,170
08/10/2022 15:33,120
08/10/2022 15:35,117
08/10/2022 15:50,113
08/10/2022 16:05,45
08/10/2022 16:20,59
08/10/2022 16:34,91
08/10/2022 16:49,142
08/10/2022 17:04,145
08/10/2022 17:19,159
08/10/2022 17:34,90
08/10/2022 17:48,143
08/10/2022 18:03,115
08/10/2022 18:18,62
08/10/2022 18:33,46
08/10/2022 18:48,81
08/10/2022 19:02,26
08/10/2022 19:17,67
08/10/2022 19:32,27
08/10/2022 19:47,6
08/10/2022 20:02,21
08/10/2022 20:17,15
08/10/2022 20:31,4
08/10/2022 20:46,0
08/10/2022 21:01,0
08/10/2022 21:16,0
08/10/2022 21:31,0
08/10/2022 21:45,0
08/10/2022 21:50,0
08/10/2022 22:05,0
08/10/2022 22:20,0
08/10/2022 22:34,0
08/10/2022 22:49,0
08/10/2022 23:04,0
08/10/2022 23:19,0
08/10/2022 23:34,0
08/10/2022 23:48,0
09/10/2022 00:03,0
09/10/2022 00:18,0
09/10/2022 00:33,0
09/10/2022 00:48,0
09/10/2022 01:02,0
09/10/2022 01:17,0
09/10/2022 01:32,0
09/10/2022 01:47,0
09/10/2022 02:02,0
09/10/2022 02:16,0
09/10/2022 02:31,0
09/10/2022 02:46,0
09/10/2022 03:01,0
09/10/2022 03:16,0
09/10/2022 03:31,0
09/10/2022 03:45,0
09/10/2022 04:00,0
09/10/2022 04:15,0
09/10/2022 04:30,0
09/10/2022 04:45,0
09/10/2022 04:59,0
09/10/2022 05:14,0
09/10/2022 05:44,0
09/10/2022 05:59,0
09/10/2022 06:13,0
09/10/2022 06:28,0
09/10/2022 06:43,0
09/10/2022 06:58,0
09/10/2022 07:28,0
09/10/2022 07:42,0
09/10/2022 07:57,0
09/10/2022 08:12,0
09/10/2022 08:42,0
09/10/2022 08:57,0
09/10/2022 09:11,0
09/10/2022 09:26,0
09/10/2022 09:41,0
09/10/2022 09:56,2
09/10/2022 10:11,6
09/10/2022 10:26,5
09/10/2022 10:40,9
09/10/2022 10:55,10
09/10/2022 11:10,17
09/10/2022 11:25,29
09/10/2022 11:40,33
09/10/2022 11:55,40
09/10/2022 12:09,36
09/10/2022 12:24,31
09/10/2022 12:39,46
09/10/2022 12:54,53
09/10/2022 13:09,55
09/10/2022 13:24,68
09/10/2022 13:53,91
09/10/2022 14:08,90
09/10/2022 14:23,94
09/10/2022 14:38,93
09/10/2022 14:53,92
09/10/2022 15:07,108
09/10/2022 15:22,114
09/10/2022 15:37,92
09/10/2022 15:52,95
09/10/2022 16:07,87
09/10/2022 16:22,81
09/10/2022 16:36,80
09/10/2022 17:06,73
09/10/2022 17:21,77
09/10/2022 17:36,86
09/10/2022 17:51,86
09/10/2022 18:05,127
09/10/2022 18:20,139
09/10/2022 18:35,129
09/10/2022 18:50,168
09/10/2022 19:05,122
09/10/2022 19:20,82
09/10/2022 19:34,59
09/10/2022 19:49,35
09/10/2022 20:04,18
09/10/2022 20:19,8
09/10/2022 20:34,4
09/10/2022 20:49,0
09/10/2022 21:03,0
09/10/2022 21:18,0
09/10/2022 21:33,0
09/10/2022 21:48,0
09/10/2022 22:03,0
09/10/2022 22:18,0
09/10/2022 22:32,0
09/10/2022 22:47,0
09/10/2022 23:02,0
09/10/2022 23:17,0
09/10/2022 23:32,0
09/10/2022 23:46,0
10/10/2022 00:01,0
10/10/2022 00:16,0
10/10/2022 00:31,0
10/10/2022 01:01,0
10/10/2022 01:15,0
10/10/2022 01:30,0
10/10/2022 01:45,0
10/10/2022 02:00,0
10/10/2022 02:15,0
10/10/2022 02:30,0
10/10/2022 02:33,0
10/10/2022 02:48,0
10/10/2022 03:03,0
10/10/2022 03:17,0
10/10/2022 03:32,0
10/10/2022 03:47,0
10/10/2022 04:02,0
10/10/2022 04:17,0
10/10/2022 04:32,0
10/10/2022 04:46,0
10/10/2022 05:01,0
10/10/2022 05:16,0
10/10/2022 05:31,0
10/10/2022 05:46,0
10/10/2022 06:01,0
10/10/2022 06:15,0
10/10/2022 06:30,0
10/10/2022 06:45,0
10/10/2022 07:00,0
10/10/2022 07:03,0
10/10/2022 07:18,0
10/10/2022 07:33,0
10/10/2022 07:48,0
10/10/2022 08:02,0
10/10/2022 08:17,0
10/10/2022 08:32,0
10/10/2022 08:47,0
10/10/2022 09:16,0
10/10/2022 09:31,0
10/10/2022 09:46,0
10/10/2022 10:01,1
10/10/2022 10:16,4
10/10/2022 10:31,9
10/10/2022 10:45,14
10/10/2022 11:00,20
10/10/2022 11:15,25
10/10/2022 11:30,30
10/10/2022 11:45,36
10/10/2022 12:00,37
10/10/2022 12:14,42
10/10/2022 12:29,48
10/10/2022 12:44,101
10/10/2022 12:59,231
10/10/2022 13:14,251
10/10/2022 13:29,260
10/10/2022 13:43,282
10/10/2022 13:48,149
10/10/2022 14:03,253
10/10/2022 14:18,296
10/10/2022 14:32,321
10/10/2022 14:47,354
10/10/2022 15:02,364
10/10/2022 15:17,368
10/10/2022 15:32,371
10/10/2022 15:46,357
10/10/2022 16:16,152
10/10/2022 16:31,196
10/10/2022 16:46,193
10/10/2022 17:01,146
10/10/2022 17:15,76
10/10/2022 17:30,86
10/10/2022 17:45,107
10/10/2022 18:00,138
10/10/2022 18:15,77
10/10/2022 18:30,62
10/10/2022 18:44,44
10/10/2022 18:59,34
10/10/2022 19:14,25
10/10/2022 19:29,25
10/10/2022 19:44,29
10/10/2022 19:59,25
10/10/2022 20:13,12
10/10/2022 20:28,2
10/10/2022 20:43,0
10/10/2022 21:13,0
10/10/2022 21:28,0
10/10/2022 21:42,0
10/10/2022 21:57,0
10/10/2022 22:12,0
10/10/2022 22:27,0
10/10/2022 22:42,0
10/10/2022 22:57,0
10/10/2022 23:26,0
10/10/2022 23:41,0
10/10/2022 23:56,0
11/10/2022 00:11,0
11/10/2022 00:26,0
11/10/2022 00:40,0
11/10/2022 00:55,0
11/10/2022 00:58,0
11/10/2022 01:13,0
11/10/2022 01:28,0
11/10/2022 01:43,0
11/10/2022 01:57,0
11/10/2022 02:12,0
11/10/2022 02:15,0
11/10/2022 02:30,0
11/10/2022 02:45,0
11/10/2022 03:00,0
11/10/2022 03:15,0
11/10/2022 03:29,0
11/10/2022 03:44,0
11/10/2022 03:59,0
11/10/2022 04:14,0
11/10/2022 04:43,0
11/10/2022 04:58,0
11/10/2022 05:13,0
11/10/2022 05:28,0
11/10/2022 05:43,0
11/10/2022 05:57,0
11/10/2022 06:12,0
11/10/2022 06:27,0
11/10/2022 06:42,0
11/10/2022 06:57,0
11/10/2022 07:11,0
11/10/2022 07:26,0
11/10/2022 07:41,0
11/10/2022 07:56,0
11/10/2022 08:25,0
11/10/2022 08:40,0
11/10/2022 08:55,0
11/10/2022 09:10,0
11/10/2022 09:25,0
11/10/2022 09:40,0
11/10/2022 09:54,0
11/10/2022 10:09,0
11/10/2022 10:24,2
11/10/2022 10:39,3
11/10/2022 10:54,4
11/10/2022 11:09,3
11/10/2022 11:23,3
11/10/2022 11:38,3
11/10/2022 11:53,10
11/10/2022 12:23,13
11/10/2022 12:38,11
11/10/2022 12:52,14
11/10/2022 13:07,17
11/10/2022 13:22,16
11/10/2022 13:37,13
11/10/2022 13:52,15
11/10/2022 14:07,17
11/10/2022 14:21,31
11/10/2022 14:36,13
11/10/2022 14:51,24
11/10/2022 15:06,22
11/10/2022 15:21,18
11/10/2022 15:36,19
11/10/2022 15:50,24
11/10/2022 15:53,28
11/10/2022 16:08,25
11/10/2022 16:22,17
11/10/2022 16:37,14
11/10/2022 16:52,21
11/10/2022 17:07,12
11/10/2022 17:22,8
11/10/2022 17:36,19
11/10/2022 17:51,22
11/10/2022 18:06,28
11/10/2022 18:21,21
11/10/2022 18:36,40
11/10/2022 18:50,45
11/10/2022 19:05,39
11/10/2022 19:20,116
11/10/2022 19:35,61
11/10/2022 19:50,19
11/10/2022 20:04,7
11/10/2022 20:19,4
11/10/2022 20:34,1
11/10/2022 20:49,0
11/10/2022 21:04,0
11/10/2022 21:18,0
11/10/2022 21:33,0
11/10/2022 21:48,0
11/10/2022 22:03,0
11/10/2022 22:18,0
11/10/2022 22:32,0
11/10/2022 22:47,0
11/10/2022 23:02,0
11/10/2022 23:17,0
11/10/2022 23:32,0
11/10/2022 23:47,0
12/10/2022 00:01,0
12/10/2022 00:16,0
12/10/2022 00:31,0
12/10/2022 00:46,0
12/10/2022 01:01,0
12/10/2022 01:15,0
12/10/2022 01:30,0
12/10/2022 01:45,0
12/10/2022 02:00,0
12/10/2022 02:15,0
12/10/2022 02:29,0
12/10/2022 02:44,0
12/10/2022 02:59,0
12/10/2022 03:14,0
12/10/2022 03:29,0
12/10/2022 03:43,0
12/10/2022 03:58,0
12/10/2022 04:13,0
12/10/2022 04:28,0
12/10/2022 04:43,0
12/10/2022 04:57,0
12/10/2022 05:42,0
12/10/2022 05:57,0
12/10/2022 06:11,0
12/10/2022 06:33,0
12/10/2022 06:48,0
12/10/2022 07:03,0
12/10/2022 07:17,0
12/10/2022 07:32,0
12/10/2022 07:47,0
12/10/2022 08:02,0
12/10/2022 08:17,0
12/10/2022 08:31,0
12/10/2022 08:36,0
12/10/2022 08:51,0
12/10/2022 09:06,0
12/10/2022 09:21,0
12/10/2022 09:35,0
12/10/2022 09:50,0
12/10/2022 10:05,0
12/10/2022 10:20,2
12/10/2022 10:22,5
12/10/2022 10:37,8
12/10/2022 10:52,16
12/10/2022 11:07,24
12/10/2022 11:21,30
12/10/2022 11:36,44
12/10/2022 11:51,61
12/10/2022 12:21,59
12/10/2022 12:35,70
12/10/2022 12:50,180
12/10/2022 13:05,256
12/10/2022 13:20,94
12/10/2022 13:35,95
12/10/2022 13:49,209
12/10/2022 14:04,214
12/10/2022 14:19,198
12/10/2022 14:34,210
12/10/2022 14:49,224
12/10/2022 15:04,195
12/10/2022 15:18,237
12/10/2022 15:33,222
12/10/2022 15:48,329
12/10/2022 16:03,150
12/10/2022 16:18,67
12/10/2022 16:32,54
12/10/2022 16:47,22
12/10/2022 17:02,131
12/10/2022 17:17,242
12/10/2022 17:32,129
12/10/2022 17:46,148
12/10/2022 18:01,165
12/10/2022 18:16,91
12/10/2022 18:31,105
12/10/2022 18:46,52
12/10/2022 19:00,123
12/10/2022 19:15,49
12/10/2022 19:30,27
12/10/2022 19:45,15
12/10/2022 20:00,8
12/10/2022 20:14,3
12/10/2022 20:29,1
12/10/2022 20:32,0
12/10/2022 20:46,0
12/10/2022 21:01,0
12/10/2022 21:16,0
12/10/2022 21:31,0
12/10/2022 21:46,0
12/10/2022 22:01,0
12/10/2022 22:15,0
12/10/2022 22:30,0
12/10/2022 22:45,0
12/10/2022 23:00,0
12/10/2022 23:15,0
12/10/2022 23:30,0
12/10/2022 23:44,0
12/10/2022 23:59,0
13/10/2022 00:14,0
13/10/2022 00:29,0
13/10/2022 00:44,0
13/10/2022 00:59,0
13/10/2022 01:13,0
13/10/2022 01:28,0
13/10/2022 01:43,0
13/10/2022 02:13,0
13/10/2022 02:28,0
13/10/2022 02:42,0
13/10/2022 02:57,0
13/10/2022 03:12,0
13/10/2022 03:42,0
13/10/2022 03:56,0
13/10/2022 04:11,0
13/10/2022 04:26,0
13/10/2022 04:41,0
13/10/2022 04:56,0
13/10/2022 05:25,0
13/10/2022 05:40,0
13/10/2022 05:55,0
13/10/2022 06:10,0
13/10/2022 06:25,0
13/10/2022 06:40,0
13/10/2022 06:54,0
13/10/2022 07:09,0
13/10/2022 07:24,0
13/10/2022 07:39,0
13/10/2022 07:54,0
13/10/2022 08:09,0
13/10/2022 08:23,0
13/10/2022 08:38,0
13/10/2022 08:53,0
13/10/2022 08:54,0
13/10/2022 09:09,0
13/10/2022 09:24,0
13/10/2022 09:39,0
13/10/2022 09:54,0
13/10/2022 10:08,2
13/10/2022 10:23,6
13/10/2022 10:38,16
13/10/2022 10:53,24
13/10/2022 11:08,29
13/10/2022 11:22,53
13/10/2022 11:37,56
13/10/2022 11:52,59
13/10/2022 12:07,72
13/10/2022 12:22,102
13/10/2022 12:36,94
13/10/2022 12:51,128
13/10/2022 13:06,182
13/10/2022 13:21,270
13/10/2022 13:36,281
13/10/2022 13:51,275
13/10/2022 14:05,287
13/10/2022 14:35,306
13/10/2022 14:50,327
13/10/2022 15:05,314
13/10/2022 15:19,289
13/10/2022 15:34,214
13/10/2022 15:49,122
13/10/2022 16:04,120
13/10/2022 16:19,141
13/10/2022 16:33,222
13/10/2022 16:48,338
13/10/2022 17:03,238
13/10/2022 17:18,141
13/10/2022 17:33,57
13/10/2022 17:47,69
13/10/2022 18:02,76
13/10/2022 18:17,109
13/10/2022 18:32,145
13/10/2022 18:47,164
13/10/2022 19:02,146
13/10/2022 19:16,124
13/10/2022 19:31,74
13/10/2022 19:46,27
13/10/2022 20:01,13
13/10/2022 20:16,6
13/10/2022 20:31,2
13/10/2022 20:45,0
13/10/2022 21:00,0
13/10/2022 21:15,0
13/10/2022 21:30,0
13/10/2022 21:45,0
13/10/2022 22:00,0
13/10/2022 22:14,0
13/10/2022 22:29,0
13/10/2022 22:44,0
13/10/2022 22:59,0
13/10/2022 23:14,0
13/10/2022 23:29,0
13/10/2022 23:43,0
13/10/2022 23:58,0
14/10/2022 00:13,0
14/10/2022 00:28,0
14/10/2022 00:43,0
14/10/2022 00:58,0
14/10/2022 01:12,0
14/10/2022 01:27,0
14/10/2022 01:42,0
14/10/2022 01:57,0
14/10/2022 02:12,0
14/10/2022 02:27,0
14/10/2022 02:41,0
14/10/2022 02:56,0
14/10/2022 03:26,0
14/10/2022 03:41,0
14/10/2022 03:56,0
14/10/2022 04:10,0
14/10/2022 04:25,0
14/10/2022 04:40,0
14/10/2022 04:55,0
14/10/2022 05:10,0
14/10/2022 05:25,0
14/10/2022 05:39,0
14/10/2022 05:54,0
14/10/2022 06:09,0
14/10/2022 06:24,0
14/10/2022 06:39,0
14/10/2022 06:53,0
14/10/2022 07:08,0
14/10/2022 07:23,0
14/10/2022 07:38,0
14/10/2022 07:53,0
14/10/2022 08:08,0
14/10/2022 08:22,0
14/10/2022 08:37,0
14/10/2022 08:52,0
14/10/2022 09:07,0
14/10/2022 09:22,0
14/10/2022 09:37,0
14/10/2022 09:51,0
14/10/2022 10:09,1
14/10/2022 10:24,4
14/10/2022 10:39,8
14/10/2022 10:54,12
14/10/2022 11:08,15
14/10/2022 11:23,18
14/10/2022 11:38,20
14/10/2022 11:53,22
14/10/2022 12:08,24
14/10/2022 12:37,26
14/10/2022 12:52,123
14/10/2022 13:07,233
14/10/2022 13:22,253
14/10/2022 13:51,289
14/10/2022 14:06,304
14/10/2022 14:21,317
14/10/2022 14:36,328
14/10/2022 14:51,337
14/10/2022 15:05,343
14/10/2022 15:20,347
14/10/2022 15:35,350
14/10/2022 15:50,349
14/10/2022 16:05,346
14/10/2022 16:19,339
14/10/2022 16:34,332
14/10/2022 17:04,309
14/10/2022 17:19,293
14/10/2022 17:33,276
14/10/2022 17:48,257
14/10/2022 18:03,235
14/10/2022 18:18,213
14/10/2022 18:33,187
14/10/2022 18:47,159
14/10/2022 19:02,137
14/10/2022 19:07,119
14/10/2022 19:22,102
14/10/2022 19:37,75
14/10/2022 19:52,17
14/10/2022 20:07,8
14/10/2022 20:21,4
14/10/2022 20:25,2
14/10/2022 20:39,0
14/10/2022 20:54,0
14/10/2022 21:09,0
14/10/2022 21:24,0
14/10/2022 21:39,0
14/10/2022 21:53,0
14/10/2022 22:08,0
14/10/2022 22:23,0
14/10/2022 22:38,0
14/10/2022 22:53,0
14/10/2022 23:07,0
14/10/2022 23:22,0
14/10/2022 23:37,0
14/10/2022 23:52,0
15/10/2022 00:07,0
15/10/2022 00:21,0
15/10/2022 00:36,0
15/10/2022 00:51,0
15/10/2022 01:06,0
15/10/2022 01:21,0
15/10/2022 01:35,0
15/10/2022 01:50,0
15/10/2022 02:05,0
15/10/2022 02:20,0
15/10/2022 02:35,0
15/10/2022 02:49,0
15/10/2022 03:04,0
15/10/2022 03:19,0
15/10/2022 03:34,0
15/10/2022 03:49,0
15/10/2022 04:04,0
15/10/2022 04:18,0
15/10/2022 04:33,0
15/10/2022 04:48,0
15/10/2022 05:03,0
15/10/2022 05:18,0
15/10/2022 05:32,0
15/10/2022 05:47,0
15/10/2022 06:02,0
15/10/2022 06:17,0
15/10/2022 06:32,0
15/10/2022 06:46,0
15/10/2022 07:01,0
15/10/2022 07:16,0
15/10/2022 07:31,0
15/10/2022 07:46,0
15/10/2022 08:00,0
15/10/2022 08:15,0
15/10/2022 08:30,0
15/10/2022 08:45,0
15/10/2022 09:00,0
15/10/2022 09:14,0
15/10/2022 09:44,0
15/10/2022 09:59,0
15/10/2022 10:14,2
15/10/2022 10:28,5
15/10/2022 10:43,9
15/10/2022 10:58,13
15/10/2022 11:13,16
15/10/2022 11:28,19
15/10/2022 11:42,21
15/10/2022 11:57,23
15/10/2022 12:12,24
15/10/2022 12:27,26
15/10/2022 12:42,27
15/10/2022 12:56,149
15/10/2022 13:11,229
15/10/2022 13:26,249
15/10/2022 13:41,267
15/10/2022 13:44,278
15/10/2022 14:14,302
15/10/2022 14:28,315
15/10/2022 14:43,326
15/10/2022 14:58,335
15/10/2022 15:13,320
15/10/2022 15:28,324
15/10/2022 15:43,341
15/10/2022 15:57,352
15/10/2022 16:12,335
15/10/2022 16:27,344
15/10/2022 16:42,378
15/10/2022 16:57,351
15/10/2022 17:11,157
15/10/2022 17:26,99
15/10/2022 17:41,91
15/10/2022 17:56,103
15/10/2022 18:11,173
15/10/2022 18:26,130
15/10/2022 18:40,78
15/10/2022 18:55,75
15/10/2022 19:10,78
15/10/2022 19:25,63
15/10/2022 19:40,46
15/10/2022 19:55,26
15/10/2022 20:09,11
15/10/2022 20:24,4
15/10/2022 20:39,0
15/10/2022 20:54,0
15/10/2022 21:09,0
15/10/2022 21:24,0
15/10/2022 21:38,0
15/10/2022 21:53,0
15/10/2022 22:08,0
15/10/2022 22:23,0
15/10/2022 22:38,0
15/10/2022 22:53,0
15/10/2022 23:07,0
15/10/2022 23:22,0
15/10/2022 23:52,0
16/10/2022 00:07,0
16/10/2022 00:22,0
16/10/2022 00:36,0
16/10/2022 00:51,0
16/10/2022 01:06,0
16/10/2022 01:21,0
16/10/2022 01:36,0
16/10/2022 01:51,0
16/10/2022 02:05,0
16/10/2022 02:20,0
16/10/2022 02:35,0
16/10/2022 02:50,0
16/10/2022 03:05,0
16/10/2022 03:20,0
16/10/2022 03:34,0
16/10/2022 03:49,0
16/10/2022 04:04,0
16/10/2022 04:19,0
16/10/2022 04:49,0
16/10/2022 05:03,0
16/10/2022 05:18,0
16/10/2022 05:33,0
16/10/2022 05:48,0
16/10/2022 06:03,0
16/10/2022 06:18,0
16/10/2022 06:32,0
16/10/2022 06:47,0
16/10/2022 06:48,0
16/10/2022 07:03,0
16/10/2022 07:18,0
16/10/2022 07:33,0
16/10/2022 07:47,0
16/10/2022 08:02,0
16/10/2022 08:17,0
16/10/2022 08:32,0
16/10/2022 08:47,0
16/10/2022 09:02,0
16/10/2022 09:16,0
16/10/2022 09:31,0
16/10/2022 09:46,0
16/10/2022 10:01,0
16/10/2022 10:16,1
16/10/2022 10:31,3
16/10/2022 10:34,5
16/10/2022 10:48,6
16/10/2022 11:03,9
16/10/2022 11:18,13
16/10/2022 11:33,23
16/10/2022 11:48,28
16/10/2022 12:02,33
16/10/2022 12:17,57
16/10/2022 12:32,86
16/10/2022 12:47,114
16/10/2022 13:02,246
16/10/2022 13:17,93
16/10/2022 13:46,78
16/10/2022 14:16,172
16/10/2022 14:31,349
16/10/2022 14:45,327
16/10/2022 15:00,113
16/10/2022 15:03,52
16/10/2022 15:18,82
16/10/2022 15:33,206
16/10/2022 15:47,326
16/10/2022 16:02,162
16/10/2022 16:17,136
16/10/2022 16:32,134
16/10/2022 16:47,104
16/10/2022 17:02,77
16/10/2022 17:16,131
16/10/2022 17:31,263
16/10/2022 17:46,186
16/10/2022 18:01,215
16/10/2022 18:16,176
16/10/2022 18:31,195
16/10/2022 18:45,182
16/10/2022 19:00,44
16/10/2022 19:15,18
16/10/2022 19:30,19
16/10/2022 19:45,17
16/10/2022 20:00,10
16/10/2022 20:14,4
16/10/2022 20:29,1
16/10/2022 20:44,0
16/10/2022 20:59,0
16/10/2022 21:14,0
16/10/2022 21:28,0
16/10/2022 21:43,0
16/10/2022 21:58,0
16/10/2022 22:13,0
16/10/2022 22:28,0
16/10/2022 22:43,0
16/10/2022 22:57,0
16/10/2022 23:12,0
16/10/2022 23:27,0
16/10/2022 23:42,0
16/10/2022 23:57,0
17/10/2022 00:12,0
17/10/2022 00:26,0
17/10/2022 00:41,0
17/10/2022 00:56,0
17/10/2022 01:11,0
17/10/2022 01:26,0
17/10/2022 01:41,0
17/10/2022 01:55,0
17/10/2022 02:10,0
17/10/2022 02:25,0
17/10/2022 02:40,0
17/10/2022 02:55,0
17/10/2022 03:10,0
17/10/2022 03:39,0
17/10/2022 03:54,0
17/10/2022 04:09,0
17/10/2022 04:24,0
17/10/2022 04:39,0
17/10/2022 04:53,0
17/10/2022 05:08,0
17/10/2022 05:23,0
17/10/2022 05:38,0
17/10/2022 05:53,0
17/10/2022 06:08,0
17/10/2022 06:22,0
17/10/2022 06:37,0
17/10/2022 06:52,0
17/10/2022 07:07,0
17/10/2022 07:22,0
17/10/2022 07:37,0
17/10/2022 07:51,0
17/10/2022 08:06,0
17/10/2022 08:21,0
17/10/2022 08:36,0
17/10/2022 08:51,0
17/10/2022 09:06,0
17/10/2022 09:35,0
17/10/2022 09:50,0
17/10/2022 10:05,0
17/10/2022 10:20,3
17/10/2022 10:35,4
17/10/2022 10:49,6
17/10/2022 11:04,10
17/10/2022 11:05,12
17/10/2022 11:20,24
17/10/2022 11:35,37
17/10/2022 11:50,49
17/10/2022 12:05,54
17/10/2022 12:19,52
17/10/2022 12:34,50
17/10/2022 12:49,36
17/10/2022 13:04,160
17/10/2022 13:19,217
17/10/2022 13:48,255
17/10/2022 14:03,274
17/10/2022 14:18,288
17/10/2022 14:33,303
17/10/2022 14:47,320
17/10/2022 15:02,312
17/10/2022 15:17,316
17/10/2022 15:32,323
17/10/2022 15:47,324
17/10/2022 16:02,327
17/10/2022 16:16,339
17/10/2022 16:31,322
17/10/2022 16:46,296
17/10/2022 17:01,253
17/10/2022 17:16,189
17/10/2022 17:18,188
17/10/2022 17:33,215
17/10/2022 17:48,199
17/10/2022 18:02,188
17/10/2022 18:17,189
17/10/2022 18:32,159
17/10/2022 18:47,140
17/10/2022 19:02,74
17/10/2022 19:17,88
17/10/2022 19:31,64
17/10/2022 19:46,15
17/10/2022 20:01,7
17/10/2022 20:16,3
17/10/2022 20:31,1
17/10/2022 20:46,0
17/10/2022 21:15,0
17/10/2022 21:30,0
17/10/2022 21:45,0
17/10/2022 22:00,0
17/10/2022 22:15,0
17/10/2022 22:29,0
17/10/2022 22:44,0
17/10/2022 22:59,0
17/10/2022 23:14,0
17/10/2022 23:29,0
17/10/2022 23:44,0
17/10/2022 23:58,0
18/10/2022 00:13,0
18/10/2022 00:28,0
18/10/2022 00:43,0
18/10/2022 00:58,0
18/10/2022 01:13,0
18/10/2022 01:27,0
18/10/2022 01:42,0
18/10/2022 01:57,0
18/10/2022 02:12,0
18/10/2022 02:27,0
18/10/2022 02:42,0
18/10/2022 02:56,0
18/10/2022 03:11,0
18/10/2022 03:26,0
18/10/2022 03:41,0
18/10/2022 03:56,0
18/10/2022 04:11,0
18/10/2022 04:25,0
18/10/2022 04:40,0
18/10/2022 04:55,0
18/10/2022 05:10,0
18/10/2022 05:25,0
18/10/2022 05:40,0
18/10/2022 05:54,0
18/10/2022 06:09,0
18/10/2022 06:24,0
18/10/2022 06:39,0
18/10/2022 06:54,0
18/10/2022 07:09,0
18/10/2022 07:23,0
18/10/2022 07:38,0
18/10/2022 07:53,0
18/10/2022 08:08,0
18/10/2022 08:23,0
18/10/2022 08:37,0
18/10/2022 09:07,0
18/10/2022 09:22,0
18/10/2022 09:37,0
18/10/2022 09:52,0
18/10/2022 10:06,0
18/10/2022 10:21,1
18/10/2022 10:36,2
18/10/2022 10:51,5
18/10/2022 11:06,8
18/10/2022 11:21,12
18/10/2022 11:35,19
18/10/2022 11:50,30
18/10/2022 12:05,35
18/10/2022 12:20,41
18/10/2022 12:35,44
18/10/2022 12:50,52
18/10/2022 13:04,59
18/10/2022 13:19,55
18/10/2022 13:34,53
18/10/2022 13:49,58
18/10/2022 13:51,67
18/10/2022 14:06,71
18/10/2022 14:21,65
18/10/2022 14:36,66
18/10/2022 14:51,72
18/10/2022 15:05,70
18/10/2022 15:20,65
18/10/2022 15:35,68
18/10/2022 15:50,76
18/10/2022 15:52,64
18/10/2022 16:07,55
18/10/2022 16:22,54
18/10/2022 16:37,55
18/10/2022 16:52,52
18/10/2022 17:06,51
18/10/2022 17:21,51
18/10/2022 17:36,42
18/10/2022 17:51,41
18/10/2022 18:06,41
18/10/2022 18:20,40
18/10/2022 18:35,31
18/10/2022 18:50,22
18/10/2022 19:05,15
18/10/2022 19:20,13
18/10/2022 19:34,8
18/10/2022 20:04,3
18/10/2022 20:19,0
18/10/2022 20:34,0
18/10/2022 20:49,0
18/10/2022 21:03,0
18/10/2022 21:18,0
18/10/2022 21:33,0
18/10/2022 21:48,0
18/10/2022 22:03,0
18/10/2022 22:18,0
18/10/2022 22:32,0
18/10/2022 22:47,0
18/10/2022 23:02,0
18/10/2022 23:17,0
18/10/2022 23:32,0
18/10/2022 23:47,0
19/10/2022 00:01,0
19/10/2022 00:16,0
19/10/2022 00:31,0
19/10/2022 00:46,0
19/10/2022 01:01,0
19/10/2022 01:16,0
19/10/2022 01:30,0
19/10/2022 01:45,0
19/10/2022 02:00,0
19/10/2022 02:15,0
19/10/2022 02:30,0
19/10/2022 02:45,0
19/10/2022 02:59,0
19/10/2022 03:14,0
19/10/2022 03:29,0
19/10/2022 03:44,0
19/10/2022 03:59,0
19/10/2022 04:14,0
19/10/2022 04:28,0
19/10/2022 04:43,0
19/10/2022 04:58,0
19/10/2022 05:13,0
19/10/2022 05:28,0
19/10/2022 05:43,0
19/10/2022 05:57,0
19/10/2022 06:12,0
19/10/2022 06:27,0
19/10/2022 06:42,0
19/10/2022 06:57,0
19/10/2022 06:58,0
19/10/2022 07:13,0
19/10/2022 07:28,0
19/10/2022 07:43,0
19/10/2022 07:57,0
19/10/2022 08:12,0
19/10/2022 08:27,0
19/10/2022 08:42,0
19/10/2022 08:57,0
19/10/2022 09:11,0
19/10/2022 09:26,0
19/10/2022 09:41,0
19/10/2022 09:56,0
19/10/2022 10:11,1
19/10/2022 10:26,4
19/10/2022 10:40,8
19/10/2022 10:55,16
19/10/2022 11:10,32
19/10/2022 11:25,40
19/10/2022 11:40,53
19/10/2022 11:54,57
19/10/2022 12:09,63
19/10/2022 12:24,54
19/10/2022 12:39,69
19/10/2022 12:54,107
19/10/2022 12:56,161
19/10/2022 13:11,90
19/10/2022 13:26,73
19/10/2022 13:40,80
19/10/2022 13:55,110
19/10/2022 14:10,100
19/10/2022 14:25,93
19/10/2022 14:40,79
19/10/2022 14:54,80
19/10/2022 15:09,98
19/10/2022 15:24,82
19/10/2022 15:39,103
19/10/2022 16:08,72
19/10/2022 16:23,84
19/10/2022 16:38,133
19/10/2022 16:53,125
19/10/2022 17:08,90
19/10/2022 17:22,93
19/10/2022 17:37,83
19/10/2022 17:52,188
19/10/2022 18:07,105
19/10/2022 18:22,65
19/10/2022 18:36,56
19/10/2022 18:51,52
19/10/2022 19:06,28
19/10/2022 19:21,19
19/10/2022 19:36,10
19/10/2022 19:51,3
19/10/2022 20:05,0
19/10/2022 20:20,0
19/10/2022 20:35,0
19/10/2022 20:50,0
19/10/2022 21:05,0
19/10/2022 21:19,0
19/10/2022 21:34,0
19/10/2022 21:49,0
19/10/2022 22:04,0
19/10/2022 22:19,0
19/10/2022 22:33,0
19/10/2022 22:48,0
19/10/2022 23:03,0
19/10/2022 23:18,0
19/10/2022 23:33,0
19/10/2022 23:47,0
20/10/2022 00:02,0
20/10/2022 00:17,0
20/10/2022 00:32,0
20/10/2022 00:47,0
20/10/2022 01:01,0
20/10/2022 01:16,0
20/10/2022 01:31,0
20/10/2022 01:46,0
20/10/2022 02:15,0
20/10/2022 02:30,0
20/10/2022 02:45,0
20/10/2022 03:00,0
20/10/2022 03:15,0
20/10/2022 03:29,0
20/10/2022 03:44,0
20/10/2022 03:59,0
20/10/2022 04:14,0
20/10/2022 04:29,0
20/10/2022 04:43,0
20/10/2022 04:58,0
20/10/2022 05:13,0
20/10/2022 05:28,0
20/10/2022 05:43,0
20/10/2022 05:58,0
20/10/2022 06:12,0
20/10/2022 06:27,0
20/10/2022 06:42,0
20/10/2022 06:57,0
20/10/2022 07:12,0
20/10/2022 07:26,0
20/10/2022 07:41,0
20/10/2022 07:56,0
20/10/2022 08:11,0
20/10/2022 08:26,0
20/10/2022 08:55,0
20/10/2022 09:10,0
20/10/2022 09:25,0
20/10/2022 09:40,0
20/10/2022 09:55,0
20/10/2022 10:10,0
20/10/2022 10:24,0
20/10/2022 10:39,1
20/10/2022 10:54,3
20/10/2022 11:09,10
20/10/2022 11:24,25
20/10/2022 11:39,27
20/10/2022 11:53,41
20/10/2022 12:08,54
20/10/2022 12:23,39
20/10/2022 12:38,64
20/10/2022 12:53,108
20/10/2022 13:07,141
20/10/2022 13:22,293
20/10/2022 13:37,238
20/10/2022 13:52,212
20/10/2022 14:07,282
20/10/2022 14:22,287
20/10/2022 14:36,290
20/10/2022 14:51,370
20/10/2022 15:06,220
20/10/2022 15:21,341
20/10/2022 15:36,304
20/10/2022 15:51,312
20/10/2022 16:05,309
20/10/2022 16:20,283
20/10/2022 16:35,176
20/10/2022 16:50,159
20/10/2022 17:05,136
20/10/2022 17:20,167
20/10/2022 17:34,100
20/10/2022 17:49,62
20/10/2022 18:19,163
20/10/2022 18:34,82
20/10/2022 18:49,135
20/10/2022 19:03,127
20/10/2022 19:18,86
20/10/2022 19:33,21
20/10/2022 19:34,11
20/10/2022 19:49,8
20/10/2022 20:04,3
20/10/2022 20:19,1
20/10/2022 20:33,0
20/10/2022 20:48,0
20/10/2022 21:03,0
20/10/2022 21:04,0
20/10/2022 21:19,0
20/10/2022 21:34,0
20/10/2022 21:49,0
20/10/2022 22:03,0
20/10/2022 22:18,0
20/10/2022 22:33,0
20/10/2022 23:03,0
20/10/2022 23:18,0
20/10/2022 23:32,0
20/10/2022 23:47,0
21/10/2022 00:02,0
21/10/2022 00:17,0
21/10/2022 00:32,0
21/10/2022 00:46,0
21/10/2022 01:01,0
21/10/2022 01:16,0
21/10/2022 01:31,0
21/10/2022 01:46,0
21/10/2022 02:01,0
21/10/2022 02:15,0
21/10/2022 02:30,0
21/10/2022 02:45,0
21/10/2022 03:00,0
21/10/2022 03:15,0
21/10/2022 03:30,0
21/10/2022 03:44,0
21/10/2022 03:59,0
21/10/2022 04:14,0
21/10/2022 04:29,0
21/10/2022 04:44,0
21/10/2022 04:59,0
21/10/2022 05:13,0
21/10/2022 05:28,0
21/10/2022 05:43,0
21/10/2022 06:13,0
21/10/2022 06:28,0
21/10/2022 06:42,0
21/10/2022 06:57,0
21/10/2022 07:27,0
21/10/2022 07:42,0
21/10/2022 07:57,0
21/10/2022 08:11,0
21/10/2022 08:26,0
21/10/2022 08:41,0
21/10/2022 08:56,0
21/10/2022 09:11,0
21/10/2022 09:26,0
21/10/2022 09:40,0
21/10/2022 09:55,0
21/10/2022 10:10,0
21/10/2022 10:25,0
21/10/2022 10:40,5
21/10/2022 10:55,7
21/10/2022 11:09,15
21/10/2022 11:24,23
21/10/2022 11:39,30
21/10/2022 11:54,36
21/10/2022 12:09,36
21/10/2022 12:24,39
21/10/2022 13:08,123
21/10/2022 13:23,192
21/10/2022 13:38,221
21/10/2022 13:53,237
21/10/2022 14:07,251
21/10/2022 14:11,259
21/10/2022 14:25,267
21/10/2022 14:40,277
21/10/2022 14:55,285
21/10/2022 15:10,291
21/10/2022 15:25,294
21/10/2022 15:40,295
21/10/2022 15:54,293
21/10/2022 16:09,289
21/10/2022 16:24,284
21/10/2022 16:39,276
21/10/2022 16:54,266
21/10/2022 17:09,254
21/10/2022 17:23,191
21/10/2022 17:38,138
21/10/2022 17:53,189
21/10/2022 18:08,181
21/10/2022 18:23,166
21/10/2022 18:38,134
21/10/2022 18:52,86
21/10/2022 19:07,75
21/10/2022 19:22,51
21/10/2022 19:37,10
21/10/2022 19:52,5
21/10/2022 20:07,2
21/10/2022 20:21,0
21/10/2022 20:36,0
21/10/2022 20:37,0
21/10/2022 20:52,0
21/10/2022 21:07,0
21/10/2022 21:22,0
21/10/2022 21:36,0
21/10/2022 21:51,0
21/10/2022 21:54,0
21/10/2022 22:09,0
21/10/2022 22:24,0
21/10/2022 22:39,0
21/10/2022 22:40,0
21/10/2022 22:54,0
21/10/2022 23:09,0
21/10/2022 23:24,0
21/10/2022 23:26,0
21/10/2022 23:41,0
22/10/2022 00:10,0
22/10/2022 00:25,0
22/10/2022 00:40,0
22/10/2022 00:55,0
22/10/2022 01:09,0
22/10/2022 01:24,0
22/10/2022 01:39,0
22/10/2022 01:54,0
22/10/2022 02:09,0
22/10/2022 02:24,0
22/10/2022 02:38,0
22/10/2022 02:53,0
22/10/2022 03:08,0
22/10/2022 03:23,0
22/10/2022 03:38,0
22/10/2022 03:52,0
22/10/2022 04:07,0
22/10/2022 04:22,0
22/10/2022 04:37,0
22/10/2022 04:52,0
22/10/2022 05:06,0
22/10/2022 05:36,0
22/10/2022 05:51,0
22/10/2022 06:06,0
22/10/2022 06:20,0
22/10/2022 06:35,0
22/10/2022 06:50,0
22/10/2022 07:05,0
22/10/2022 07:20,0
22/10/2022 07:34,0
22/10/2022 07:49,0
22/10/2022 08:04,0
22/10/2022 08:19,0
22/10/2022 08:34,0
22/10/2022 08:48,0
22/10/2022 09:03,0
22/10/2022 09:33,0
22/10/2022 09:48,0
22/10/2022 10:02,0
22/10/2022 10:17,0
22/10/2022 10:32,1
22/10/2022 10:47,5
22/10/2022 11:02,16
22/10/2022 11:16,29
22/10/2022 11:31,36
22/10/2022 11:46,38
22/10/2022 12:01,43
22/10/2022 12:16,50
22/10/2022 12:30,52
22/10/2022 12:45,63
22/10/2022 13:00,100
22/10/2022 13:03,118
22/10/2022 13:18,93
22/10/2022 13:33,86
22/10/2022 13:48,87
22/10/2022 14:03,84
22/10/2022 14:17,62
22/10/2022 14:32,66
22/10/2022 14:47,113
22/10/2022 15:02,133
22/10/2022 15:17,113
22/10/2022 15:31,97
22/10/2022 15:46,96
22/10/2022 16:01,114
22/10/2022 16:16,200
22/10/2022 16:31,346
22/10/2022 16:45,161
22/10/2022 17:00,117
22/10/2022 17:15,89
22/10/2022 17:30,75
22/10/2022 17:45,60
22/10/2022 17:59,47
22/10/2022 18:14,39
22/10/2022 18:29,31
22/10/2022 18:44,20
22/10/2022 18:59,15
22/10/2022 19:13,9
22/10/2022 19:28,4
22/10/2022 19:43,1
22/10/2022 19:58,0
22/10/2022 19:59,0
22/10/2022 20:13,0
22/10/2022 20:28,0
22/10/2022 20:43,0
22/10/2022 20:58,0
22/10/2022 21:13,0
22/10/2022 21:42,0
22/10/2022 21:57,0
22/10/2022 22:12,0
22/10/2022 22:27,0
22/10/2022 22:41,0
22/10/2022 22:56,0
22/10/2022 23:11,0
22/10/2022 23:26,0
22/10/2022 23:41,0
22/10/2022 23:55,0
23/10/2022 00:10,0
23/10/2022 00:25,0
23/10/2022 00:40,0
23/10/2022 00:55,0
23/10/2022 01:24,0
23/10/2022 01:39,0
23/10/2022 01:54,0
23/10/2022 02:09,0
23/10/2022 02:24,0
23/10/2022 02:38,0
23/10/2022 02:53,0
23/10/2022 03:08,0
23/10/2022 03:23,0
23/10/2022 03:52,0
23/10/2022 04:07,0
23/10/2022 04:11,0
23/10/2022 04:26,0
23/10/2022 05:25,0
23/10/2022 05:40,0
23/10/2022 05:54,0
23/10/2022 06:09,0
23/10/2022 06:24,0
23/10/2022 06:39,0
23/10/2022 07:08,0
23/10/2022 07:23,0
23/10/2022 07:38,0
23/10/2022 07:53,0
23/10/2022 08:08,0
23/10/2022 08:22,0
23/10/2022 08:37,0
23/10/2022 08:52,0
23/10/2022 09:07,0
23/10/2022 09:22,0
23/10/2022 09:36,0
23/10/2022 09:51,0
23/10/2022 10:06,0
23/10/2022 10:21,0
23/10/2022 10:36,3
23/10/2022 11:05,10
23/10/2022 11:20,14
23/10/2022 11:35,14
23/10/2022 11:50,15
23/10/2022 12:04,36
23/10/2022 12:19,24
23/10/2022 12:34,29
23/10/2022 12:49,49
23/10/2022 13:04,82
23/10/2022 13:19,78
23/10/2022 13:33,95
23/10/2022 13:48,118
23/10/2022 14:03,98
23/10/2022 14:18,91
23/10/2022 14:33,108
23/10/2022 14:47,103
23/10/2022 15:02,106
23/10/2022 15:17,86
23/10/2022 15:32,70
23/10/2022 15:47,102
23/10/2022 16:01,120
23/10/2022 16:16,104
23/10/2022 16:31,80
23/10/2022 17:01,71
23/10/2022 17:15,59
23/10/2022 17:30,56
23/10/2022 17:45,56
23/10/2022 18:00,55
23/10/2022 18:15,43
23/10/2022 18:29,31
23/10/2022 18:44,27
23/10/2022 18:59,18
23/10/2022 19:14,11
23/10/2022 19:29,6
23/10/2022 19:43,3
23/10/2022 19:58,1
23/10/2022 20:13,0
23/10/2022 20:28,0
23/10/2022 20:43,0
23/10/2022 20:57,0
23/10/2022 21:12,0
23/10/2022 21:27,0
23/10/2022 21:42,0
23/10/2022 21:57,0
23/10/2022 22:11,0
23/10/2022 22:26,0
23/10/2022 22:41,0
23/10/2022 22:56,0
23/10/2022 23:11,0
23/10/2022 23:25,0
23/10/2022 23:40,0
23/10/2022 23:55,0
24/10/2022 00:10,0
24/10/2022 00:25,0
24/10/2022 00:40,0
24/10/2022 00:54,0
24/10/2022 01:09,0
24/10/2022 01:24,0
24/10/2022 01:39,0
24/10/2022 01:54,0
24/10/2022 02:08,0
24/10/2022 02:23,0
24/10/2022 02:38,0
24/10/2022 02:53,0
24/10/2022 03:08,0
24/10/2022 03:37,0
24/10/2022 03:52,0
24/10/2022 04:07,0
24/10/2022 04:22,0
24/10/2022 04:36,0
24/10/2022 04:51,0
24/10/2022 05:06,0
24/10/2022 05:21,0
24/10/2022 05:36,0
24/10/2022 05:50,0
24/10/2022 06:05,0
24/10/2022 06:06,0
24/10/2022 06:21,0
24/10/2022 06:36,0
24/10/2022 06:51,0
24/10/2022 07:05,0
24/10/2022 07:20,0
24/10/2022 07:35,0
24/10/2022 07:50,0
24/10/2022 08:05,0
24/10/2022 08:19,0
24/10/2022 08:49,0
24/10/2022 09:04,0
24/10/2022 09:19,0
24/10/2022 09:33,0
24/10/2022 09:48,0
24/10/2022 10:03,0
24/10/2022 10:18,0
24/10/2022 10:33,0
24/10/2022 11:02,2
24/10/2022 11:17,5
24/10/2022 11:47,17
24/10/2022 12:02,24
24/10/2022 12:16,32
24/10/2022 12:31,41
24/10/2022 12:46,56
24/10/2022 13:01,70
24/10/2022 13:16,74
24/10/2022 13:30,63
24/10/2022 13:45,73
24/10/2022 14:00,79
24/10/2022 14:15,93
24/10/2022 14:30,89
24/10/2022 14:44,94
24/10/2022 14:59,86
24/10/2022 15:14,91
24/10/2022 15:29,86
24/10/2022 15:44,91
24/10/2022 15:58,118
24/10/2022 16:13,94
24/10/2022 16:28,67
24/10/2022 16:43,66
24/10/2022 17:12,84
24/10/2022 17:27,71
24/10/2022 17:42,52
24/10/2022 17:57,46
24/10/2022 18:12,44
24/10/2022 18:26,37
24/10/2022 18:41,12
24/10/2022 18:56,13
24/10/2022 19:11,9
24/10/2022 19:26,4
24/10/2022 19:40,1
24/10/2022 19:55,0
24/10/2022 20:10,0
24/10/2022 20:25,0
24/10/2022 20:40,0
24/10/2022 20:54,0
24/10/2022 21:09,0
24/10/2022 21:24,0
24/10/2022 21:39,0
24/10/2022 21:54,0
24/10/2022 22:23,0
24/10/2022 22:38,0
24/10/2022 22:53,0
24/10/2022 23:08,0
24/10/2022 23:23,0
24/10/2022 23:37,0
24/10/2022 23:52,0
25/10/2022 00:07,0
25/10/2022 00:22,0
25/10/2022 00:37,0
25/10/2022 00:51,0
25/10/2022 01:06,0
25/10/2022 01:21,0
25/10/2022 01:36,0
25/10/2022 01:51,0
25/10/2022 02:05,0
25/10/2022 02:20,0
25/10/2022 02:35,0
25/10/2022 02:50,0
25/10/2022 03:05,0
25/10/2022 03:19,0
25/10/2022 03:34,0
25/10/2022 03:49,0
25/10/2022 04:04,0
25/10/2022 04:19,0
25/10/2022 04:33,0
25/10/2022 04:48,0
25/10/2022 05:03,0
25/10/2022 05:18,0
25/10/2022 05:33,0
25/10/2022 05:47,0
25/10/2022 06:17,0
25/10/2022 06:32,0
25/10/2022 06:47,0
25/10/2022 07:01,0
25/10/2022 07:16,0
25/10/2022 07:31,0
25/10/2022 07:46,0
25/10/2022 08:01,0
25/10/2022 08:16,0
25/10/2022 08:30,0
25/10/2022 08:45,0
25/10/2022 09:00,0
25/10/2022 09:15,0
25/10/2022 09:30,0
25/10/2022 09:45,0
25/10/2022 09:59,0
25/10/2022 10:14,0
25/10/2022 10:29,0
25/10/2022 10:44,0
25/10/2022 10:59,2
25/10/2022 11:14,6
25/10/2022 11:28,10
25/10/2022 11:43,13
25/10/2022 11:58,16
25/10/2022 12:13,26
25/10/2022 12:28,32
25/10/2022 12:43,32
25/10/2022 12:57,35
25/10/2022 13:12,44
25/10/2022 13:27,53
25/10/2022 13:29,51
25/10/2022 13:44,56
25/10/2022 13:59,62
25/10/2022 14:14,57
25/10/2022 14:28,55
25/10/2022 14:43,58
25/10/2022 14:58,56
25/10/2022 15:13,49
25/10/2022 15:28,59
25/10/2022 15:42,50
25/10/2022 15:57,61
25/10/2022 16:12,70
25/10/2022 16:27,69
25/10/2022 16:42,65
25/10/2022 16:57,68
25/10/2022 17:11,69
25/10/2022 17:26,67
25/10/2022 17:41,69
25/10/2022 17:56,55
25/10/2022 18:11,44
25/10/2022 18:26,23
25/10/2022 18:40,21
25/10/2022 18:55,7
25/10/2022 19:10,4
25/10/2022 19:25,2
25/10/2022 19:27,2
25/10/2022 19:42,1
25/10/2022 19:56,0
25/10/2022 20:11,0
25/10/2022 20:26,0
25/10/2022 20:41,0
25/10/2022 21:10,0
25/10/2022 21:25,0
25/10/2022 21:40,0
25/10/2022 21:55,0
25/10/2022 22:10,0
25/10/2022 22:39,0
25/10/2022 22:54,0
25/10/2022 23:09,0
25/10/2022 23:24,0
25/10/2022 23:39,0
25/10/2022 23:53,0
26/10/2022 00:08,0
26/10/2022 00:23,0
26/10/2022 00:38,0
26/10/2022 00:53,0
26/10/2022 01:08,0
26/10/2022 01:37,0
26/10/2022 01:52,0
26/10/2022 02:07,0
26/10/2022 02:22,0
26/10/2022 02:37,0
26/10/2022 02:51,0
26/10/2022 03:21,0
26/10/2022 03:36,0
26/10/2022 03:51,0
26/10/2022 03:52,0
26/10/2022 04:07,0
26/10/2022 04:21,0
26/10/2022 04:36,0
26/10/2022 04:51,0
26/10/2022 05:06,0
26/10/2022 05:21,0
26/10/2022 05:36,0
26/10/2022 05:50,0
26/10/2022 06:05,0
26/10/2022 06:20,0
26/10/2022 06:35,0
26/10/2022 07:05,0
26/10/2022 07:19,0
26/10/2022 07:34,0
26/10/2022 08:04,0
26/10/2022 08:19,0
26/10/2022 08:20,0
26/10/2022 08:35,0
26/10/2022 08:50,0
26/10/2022 09:04,0
26/10/2022 09:19,0
26/10/2022 09:34,0
26/10/2022 09:49,0
26/10/2022 10:04,0
26/10/2022 10:19,0
26/10/2022 10:33,0
26/10/2022 10:48,0
26/10/2022 11:03,3
26/10/2022 11:18,8
26/10/2022 11:33,9
26/10/2022 11:48,10
26/10/2022 12:02,19
26/10/2022 12:17,23
26/10/2022 12:32,34
26/10/2022 12:47,38
26/10/2022 13:02,50
26/10/2022 13:17,38
26/10/2022 13:31,26
26/10/2022 13:46,30
26/10/2022 14:01,48
26/10/2022 14:16,43
26/10/2022 14:46,40
26/10/2022 15:00,52
26/10/2022 15:15,62
26/10/2022 15:30,80
26/10/2022 15:45,111
26/10/2022 16:00,127
26/10/2022 16:14,169
26/10/2022 16:29,167
26/10/2022 16:44,257
26/10/2022 16:59,178
26/10/2022 17:14,221
26/10/2022 17:29,178
26/10/2022 17:43,84
26/10/2022 17:58,47
26/10/2022 18:13,72
26/10/2022 18:28,88
26/10/2022 18:43,30
26/10/2022 18:58,14
26/10/2022 19:12,7
26/10/2022 19:27,3
26/10/2022 19:42,1
26/10/2022 19:57,0
26/10/2022 20:12,0
26/10/2022 20:27,0
26/10/2022 20:41,0
26/10/2022 20:56,0
26/10/2022 21:11,0
26/10/2022 21:26,0
26/10/2022 21:41,0
26/10/2022 21:56,0
26/10/2022 22:10,0
26/10/2022 22:25,0
26/10/2022 22:40,0
26/10/2022 22:55,0
26/10/2022 23:10,0
26/10/2022 23:25,0
26/10/2022 23:39,0
26/10/2022 23:54,0
27/10/2022 00:09,0
27/10/2022 00:24,0
27/10/2022 00:39,0
27/10/2022 00:54,0
27/10/2022 01:08,0
27/10/2022 01:23,0
27/10/2022 01:38,0
27/10/2022 01:53,0
27/10/2022 02:08,0
27/10/2022 02:23,0
27/10/2022 02:37,0
27/10/2022 02:52,0
27/10/2022 03:07,0
27/10/2022 03:22,0
27/10/2022 03:37,0
27/10/2022 03:52,0
27/10/2022 04:06,0
27/10/2022 04:21,0
27/10/2022 04:36,0
27/10/2022 04:51,0
27/10/2022 05:06,0
27/10/2022 05:20,0
27/10/2022 05:35,0
27/10/2022 05:50,0
27/10/2022 06:05,0
27/10/2022 06:20,0
27/10/2022 06:35,0
27/10/2022 06:49,0
27/10/2022 07:04,0
27/10/2022 07:19,0
27/10/2022 07:34,0
27/10/2022 07:40,0
27/10/2022 07:54,0
27/10/2022 08:09,0
27/10/2022 08:24,0
27/10/2022 08:39,0
27/10/2022 08:54,0
27/10/2022 09:08,0
27/10/2022 09:23,0
27/10/2022 09:38,0
27/10/2022 09:53,0
27/10/2022 10:08,0
27/10/2022 10:22,0
27/10/2022 10:37,0
27/10/2022 10:52,3
27/10/2022 11:07,6
27/10/2022 11:22,10
27/10/2022 11:37,13
27/10/2022 11:51,16
27/10/2022 12:06,19
27/10/2022 12:21,21
27/10/2022 12:36,23
27/10/2022 12:51,24
27/10/2022 13:05,58
27/10/2022 13:20,164
27/10/2022 13:35,182
27/10/2022 13:50,196
27/10/2022 14:05,207
27/10/2022 14:20,221
27/10/2022 14:23,228
27/10/2022 14:38,234
27/10/2022 14:53,242
27/10/2022 15:08,247
27/10/2022 15:22,251
27/10/2022 15:37,251
27/10/2022 16:08,246
27/10/2022 16:23,239
27/10/2022 16:38,230
27/10/2022 16:52,219
27/10/2022 17:07,206
27/10/2022 17:22,191
27/10/2022 17:37,175
27/10/2022 17:52,157
27/10/2022 18:21,119
27/10/2022 18:36,101
27/10/2022 18:51,79
27/10/2022 19:06,37
27/10/2022 19:21,8
27/10/2022 19:36,4
27/10/2022 19:50,1
27/10/2022 20:05,0
27/10/2022 20:20,0
27/10/2022 20:35,0
27/10/2022 20:50,0
27/10/2022 21:05,0
27/10/2022 21:19,0
27/10/2022 21:34,0
27/10/2022 21:49,0
27/10/2022 22:04,0
27/10/2022 22:19,0
27/10/2022 22:21,0
27/10/2022 22:36,0
27/10/2022 22:51,0
27/10/2022 23:05,0
27/10/2022 23:20,0
27/10/2022 23:35,0
27/10/2022 23:50,0
28/10/2022 00:05,0
28/10/2022 00:20,0
28/10/2022 00:34,0
28/10/2022 01:04,0
28/10/2022 01:19,0
28/10/2022 01:34,0
28/10/2022 01:49,0
28/10/2022 02:18,0
28/10/2022 02:33,0
28/10/2022 02:48,0
28/10/2022 03:03,0
28/10/2022 03:18,0
28/10/2022 03:19,0
28/10/2022 03:34,0
28/10/2022 03:48,0
28/10/2022 04:03,0
28/10/2022 04:18,0
28/10/2022 04:33,0
28/10/2022 04:48,0
28/10/2022 05:02,0
28/10/2022 05:17,0
28/10/2022 05:32,0
28/10/2022 05:47,0
28/10/2022 06:02,0
28/10/2022 06:17,0
28/10/2022 06:31,0
28/10/2022 06:46,0
28/10/2022 07:01,0
28/10/2022 07:16,0
28/10/2022 07:31,0
28/10/2022 07:45,0
28/10/2022 08:00,0
28/10/2022 08:15,0
28/10/2022 08:30,0
28/10/2022 08:45,0
28/10/2022 08:59,0
28/10/2022 09:14,0
28/10/2022 09:29,0
28/10/2022 09:44,0
28/10/2022 09:59,0
28/10/2022 10:13,0
28/10/2022 10:28,0
28/10/2022 10:43,0
28/10/2022 10:58,2
28/10/2022 11:13,5
28/10/2022 11:27,7
28/10/2022 11:42,11
28/10/2022 11:45,13
28/10/2022 12:00,13
28/10/2022 12:14,14
28/10/2022 12:29,17
28/10/2022 12:44,21
28/10/2022 12:59,23
28/10/2022 13:14,125
28/10/2022 13:28,171
28/10/2022 13:43,187
28/10/2022 13:58,202
28/10/2022 14:13,215
28/10/2022 14:28,226
28/10/2022 14:43,229
28/10/2022 14:57,241
28/10/2022 15:12,250
28/10/2022 15:27,217
28/10/2022 15:42,191
28/10/2022 15:57,126
28/10/2022 16:11,246
28/10/2022 16:26,250
28/10/2022 16:41,164
28/10/2022 16:56,106
28/10/2022 17:11,150
28/10/2022 17:25,185
28/10/2022 17:40,149
28/10/2022 17:55,95
28/10/2022 18:10,111
28/10/2022 18:25,76
28/10/2022 18:40,71
28/10/2022 18:54,69
28/10/2022 19:09,26
28/10/2022 19:24,7
28/10/2022 19:39,3
28/10/2022 19:54,1
28/10/2022 20:09,0
28/10/2022 20:23,0
28/10/2022 20:38,0
28/10/2022 20:53,0
28/10/2022 20:56,0
28/10/2022 21:10,0
28/10/2022 21:25,0
28/10/2022 21:40,0
28/10/2022 21:55,0
28/10/2022 22:10,0
28/10/2022 22:24,0
28/10/2022 22:39,0
28/10/2022 22:54,0
28/10/2022 23:09,0
28/10/2022 23:24,0
28/10/2022 23:38,0
28/10/2022 23:53,0
29/10/2022 00:08,0
29/10/2022 00:23,0
29/10/2022 00:38,0
29/10/2022 00:53,0
29/10/2022 01:07,0
29/10/2022 01:22,0
29/10/2022 01:37,0
29/10/2022 01:52,0
29/10/2022 02:21,0
29/10/2022 02:36,0
29/10/2022 02:51,0
29/10/2022 03:06,0
29/10/2022 03:21,0
29/10/2022 03:35,0
29/10/2022 03:50,0
29/10/2022 04:05,0
29/10/2022 04:20,0
29/10/2022 04:35,0
29/10/2022 04:49,0
29/10/2022 05:04,0
29/10/2022 05:19,0
29/10/2022 05:34,0
29/10/2022 05:37,0
29/10/2022 05:51,0
29/10/2022 06:06,0
29/10/2022 06:21,0
29/10/2022 06:36,0
29/10/2022 06:51,0
29/10/2022 07:05,0
29/10/2022 07:20,0
29/10/2022 07:35,0
29/10/2022 07:50,0
29/10/2022 08:05,0
29/10/2022 08:19,0
29/10/2022 08:34,0
29/10/2022 08:49,0
29/10/2022 09:04,0
29/10/2022 09:19,0
29/10/2022 09:33,0
29/10/2022 09:48,0
29/10/2022 10:03,0
29/10/2022 10:18,0
29/10/2022 10:33,0
29/10/2022 10:48,0
29/10/2022 11:02,2
29/10/2022 11:17,4
29/10/2022 11:32,7
29/10/2022 11:47,14
29/10/2022 12:02,25
29/10/2022 12:17,31
29/10/2022 12:31,21
29/10/2022 12:46,38
29/10/2022 13:01,57
29/10/2022 13:16,65
29/10/2022 13:31,82
29/10/2022 13:46,57
29/10/2022 14:00,77
29/10/2022 14:15,97
29/10/2022 14:30,103
29/10/2022 14:45,94
29/10/2022 15:00,95
29/10/2022 15:15,115
29/10/2022 15:29,72
29/10/2022 15:44,84
29/10/2022 15:59,94
29/10/2022 16:14,94
29/10/2022 16:29,75
29/10/2022 16:44,54
29/10/2022 16:58,40
29/10/2022 17:13,43
29/10/2022 17:28,42
29/10/2022 17:43,49
29/10/2022 17:58,39
29/10/2022 18:13,24
29/10/2022 18:27,18
29/10/2022 18:42,9
29/10/2022 18:44,8
29/10/2022 18:59,5
29/10/2022 19:14,2
29/10/2022 19:29,1
29/10/2022 19:33,0
29/10/2022 19:47,0
29/10/2022 20:02,0
29/10/2022 20:17,0
29/10/2022 20:32,0
29/10/2022 20:47,0
29/10/2022 21:01,0
29/10/2022 21:16,0
29/10/2022 21:31,0
29/10/2022 21:46,0
29/10/2022 22:01,0
29/10/2022 22:16,0
29/10/2022 22:30,0
29/10/2022 22:45,0
29/10/2022 23:00,0
29/10/2022 23:15,0
29/10/2022 23:30,0
29/10/2022 23:45,0
29/10/2022 23:59,0
30/10/2022 00:14,0
30/10/2022 00:29,0
30/10/2022 00:44,0
30/10/2022 00:59,0
30/10/2022 01:14,0
30/10/2022 01:28,0
30/10/2022 01:43,0
30/10/2022 01:58,0
30/10/2022 02:13,0
30/10/2022 02:28,0
30/10/2022 02:42,0
30/10/2022 02:57,0
30/10/2022 02:12,0
30/10/2022 02:27,0
30/10/2022 02:42,0
30/10/2022 02:57,0
30/10/2022 03:11,0
30/10/2022 03:26,0
30/10/2022 03:41,0
30/10/2022 03:56,0
30/10/2022 04:11,0
30/10/2022 04:26,0
30/10/2022 04:40,0
30/10/2022 04:55,0
30/10/2022 05:10,0
30/10/2022 05:25,0
30/10/2022 05:40,0
30/10/2022 05:55,0
30/10/2022 06:09,0
30/10/2022 06:24,0
30/10/2022 06:39,0
30/10/2022 06:54,0
30/10/2022 07:09,0
30/10/2022 07:24,0
30/10/2022 07:38,0
30/10/2022 07:53,0
30/10/2022 08:08,0
30/10/2022 08:23,0
30/10/2022 08:53,0
30/10/2022 09:07,0
30/10/2022 09:22,0
30/10/2022 09:37,0
30/10/2022 10:07,1
30/10/2022 10:22,2
30/10/2022 10:36,4
30/10/2022 10:51,9
30/10/2022 11:06,12
30/10/2022 11:21,17
30/10/2022 11:36,20
30/10/2022 11:51,22
30/10/2022 12:05,32
30/10/2022 12:20,24
30/10/2022 12:35,17
30/10/2022 12:50,17
30/10/2022 13:05,22
30/10/2022 13:20,33
30/10/2022 13:34,36
30/10/2022 14:04,36
30/10/2022 14:19,51
30/10/2022 14:34,43
30/10/2022 14:49,41
30/10/2022 15:18,14
30/10/2022 15:33,14
30/10/2022 15:37,16
30/10/2022 15:52,16
30/10/2022 16:06,15
30/10/2022 16:21,13
30/10/2022 16:36,13
30/10/2022 16:51,14
30/10/2022 17:06,10
30/10/2022 17:20,12
30/10/2022 17:35,10
30/10/2022 18:05,6
30/10/2022 18:34,0
30/10/2022 18:49,0
30/10/2022 19:04,0
30/10/2022 19:19,0
30/10/2022 19:34,0
30/10/2022 19:49,0
30/10/2022 20:03,0
30/10/2022 20:18,0
30/10/2022 20:33,0
30/10/2022 20:48,0
30/10/2022 21:03,0
30/10/2022 21:18,0
30/10/2022 21:32,0
30/10/2022 21:47,0
30/10/2022 22:02,0
30/10/2022 22:17,0
30/10/2022 22:32,0
30/10/2022 22:47,0
30/10/2022 23:02,0
30/10/2022 23:16,0
30/10/2022 23:31,0
30/10/2022 23:46,0
31/10/2022 00:01,0
31/10/2022 00:16,0
31/10/2022 00:30,0
31/10/2022 00:45,0
31/10/2022 01:00,0
31/10/2022 01:15,0
31/10/2022 01:30,0
31/10/2022 01:44,0
31/10/2022 01:59,0
31/10/2022 02:14,0
31/10/2022 02:29,0
31/10/2022 02:59,0
31/10/2022 03:13,0
31/10/2022 03:28,0
31/10/2022 03:43,0
31/10/2022 03:58,0
31/10/2022 04:13,0
31/10/2022 04:28,0
31/10/2022 04:42,0
31/10/2022 04:57,0
31/10/2022 05:12,0
31/10/2022 05:27,0
31/10/2022 05:42,0
31/10/2022 05:57,0
31/10/2022 06:26,0
31/10/2022 06:41,0
31/10/2022 06:56,0
31/10/2022 07:11,0
31/10/2022 07:26,0
31/10/2022 07:40,0
31/10/2022 07:55,0
31/10/2022 08:25,0
31/10/2022 08:40,0
31/10/2022 08:55,0
31/10/2022 09:09,0
31/10/2022 09:12,0
31/10/2022 09:27,0
31/10/2022 09:42,0
31/10/2022 09:57,0
31/10/2022 10:11,2
31/10/2022 10:26,4
31/10/2022 10:41,8
31/10/2022 10:56,9
31/10/2022 11:11,13
31/10/2022 11:26,18
31/10/2022 11:40,22
31/10/2022 11:55,21
31/10/2022 12:10,21
31/10/2022 12:25,19
31/10/2022 12:40,30
31/10/2022 12:55,44
31/10/2022 13:09,22
31/10/2022 13:24,23
31/10/2022 13:39,32
31/10/2022 13:54,33
31/10/2022 14:09,30
31/10/2022 14:24,27
31/10/2022 14:53,39
31/10/2022 15:08,27
31/10/2022 15:23,26
31/10/2022 15:38,24
31/10/2022 15:53,31
31/10/2022 16:07,38
31/10/2022 16:22,28
31/10/2022 16:37,14
31/10/2022 16:52,11
31/10/2022 17:07,11
31/10/2022 17:22,20
31/10/2022 17:36,39
31/10/2022 17:51,27
31/10/2022 18:06,9
31/10/2022 18:21,5
31/10/2022 18:36,0
31/10/2022 18:51,0
31/10/2022 19:05,0
31/10/2022 19:20,0
31/10/2022 19:35,0
31/10/2022 19:50,0
31/10/2022 20:05,0
31/10/2022 20:19,0
31/10/2022 20:34,0
31/10/2022 20:49,0
31/10/2022 21:04,0
31/10/2022 21:19,0
31/10/2022 21:34,0
31/10/2022 21:48,0
31/10/2022 22:03,0
31/10/2022 22:18,0
31/10/2022 22:33,0
31/10/2022 22:48,0
31/10/2022 23:03,0
31/10/2022 23:17,0
31/10/2022 23:32,0
31/10/2022 23:47,0
01/11/2022 00:02,0
01/11/2022 00:17,0
01/11/2022 00:32,0
01/11/2022 01:01,0
01/11/2022 01:16,0
01/11/2022 01:31,0
01/11/2022 01:46,0
01/11/2022 02:01,0
01/11/2022 02:15,0
01/11/2022 02:30,0
01/11/2022 02:45,0
01/11/2022 03:00,0
01/11/2022 03:15,0
01/11/2022 03:30,0
01/11/2022 03:44,0
01/11/2022 03:59,0
01/11/2022 04:14,0
01/11/2022 04:29,0
01/11/2022 04:44,0
01/11/2022 04:59,0
01/11/2022 05:13,0
01/11/2022 05:28,0
01/11/2022 05:43,0
01/11/2022 05:58,0
01/11/2022 06:13,0
01/11/2022 06:28,0
01/11/2022 06:42,0
01/11/2022 06:57,0
01/11/2022 07:12,0
01/11/2022 07:27,0
01/11/2022 07:57,0
01/11/2022 08:11,0
01/11/2022 08:26,0
01/11/2022 08:41,0
01/11/2022 08:56,0
01/11/2022 09:11,0
01/11/2022 09:26,0
01/11/2022 09:40,0
01/11/2022 09:55,0
01/11/2022 10:10,1
01/11/2022 10:25,4
01/11/2022 10:40,9
01/11/2022 10:55,17
01/11/2022 11:09,27
01/11/2022 11:24,33
01/11/2022 11:39,35
01/11/2022 11:54,45
01/11/2022 12:09,64
01/11/2022 12:23,94
01/11/2022 12:38,79
01/11/2022 12:53,72
01/11/2022 13:08,93
01/11/2022 13:23,130
01/11/2022 13:38,127
01/11/2022 13:52,115
01/11/2022 14:07,62
01/11/2022 14:22,54
01/11/2022 14:37,73
01/11/2022 14:52,75
01/11/2022 15:07,111
01/11/2022 15:21,255
01/11/2022 15:36,285
01/11/2022 15:51,238
01/11/2022 16:06,188
01/11/2022 16:21,163
01/11/2022 16:36,147
01/11/2022 16:50,131
01/11/2022 17:05,113
01/11/2022 17:20,90
01/11/2022 17:35,60
01/11/2022 17:50,32
01/11/2022 17:53,11
01/11/2022 18:08,6
01/11/2022 18:22,2
01/11/2022 18:37,0
01/11/2022 18:52,0
01/11/2022 19:07,0
01/11/2022 19:22,0
01/11/2022 19:36,0
01/11/2022 19:51,0
01/11/2022 20:06,0
01/11/2022 20:21,0
01/11/2022 20:36,0
01/11/2022 20:51,0
01/11/2022 21:05,0
01/11/2022 21:20,0
01/11/2022 21:21,0
01/11/2022 21:36,0
01/11/2022 22:06,0
01/11/2022 22:20,0
01/11/2022 22:35,0
01/11/2022 22:50,0
01/11/2022 23:05,0
01/11/2022 23:20,0
01/11/2022 23:35,0
01/11/2022 23:49,0
02/11/2022 00:04,0
02/11/2022 00:19,0
02/11/2022 00:34,0
02/11/2022 00:49,0
02/11/2022 01:03,0
02/11/2022 01:18,0
02/11/2022 01:33,0
02/11/2022 01:48,0
02/11/2022 02:03,0
02/11/2022 02:17,0
02/11/2022 02:32,0
02/11/2022 02:35,0
02/11/2022 02:50,0
02/11/2022 03:05,0
02/11/2022 03:20,0
02/11/2022 03:34,0
02/11/2022 03:49,0
02/11/2022 03:56,0
02/11/2022 04:11,0
02/11/2022 04:25,0
02/11/2022 04:55,0
02/11/2022 05:10,0
02/11/2022 05:25,0
02/11/2022 05:39,0
02/11/2022 05:54,0
02/11/2022 06:09,0
02/11/2022 06:24,0
02/11/2022 06:39,0
02/11/2022 06:54,0
02/11/2022 06:55,0
02/11/2022 07:10,0
02/11/2022 07:25,0
02/11/2022 07:40,0
02/11/2022 07:55,0
02/11/2022 08:09,0
02/11/2022 08:24,0
02/11/2022 08:39,0
02/11/2022 08:54,0
02/11/2022 09:09,0
02/11/2022 09:23,0
02/11/2022 09:38,0
02/11/2022 09:53,0
02/11/2022 10:08,1
02/11/2022 10:23,2
02/11/2022 10:37,5
02/11/2022 11:00,13
02/11/2022 11:15,20
02/11/2022 11:29,26
02/11/2022 11:33,30
02/11/2022 11:48,34
02/11/2022 12:03,49
02/11/2022 12:18,54
02/11/2022 12:33,59
02/11/2022 12:48,64
02/11/2022 13:02,62
02/11/2022 13:17,60
02/11/2022 13:32,45
02/11/2022 13:47,46
02/11/2022 14:02,46
02/11/2022 14:16,32
02/11/2022 14:31,31
02/11/2022 14:46,26
02/11/2022 15:01,30
02/11/2022 15:16,37
02/11/2022 15:31,33
02/11/2022 15:45,34
02/11/2022 16:00,37
02/11/2022 16:15,42
02/11/2022 16:30,40
02/11/2022 16:45,31
02/11/2022 17:00,25
02/11/2022 17:29,14
02/11/2022 17:44,12
02/11/2022 17:59,7
02/11/2022 18:14,2
02/11/2022 18:29,0
02/11/2022 18:43,0
02/11/2022 18:58,0
02/11/2022 19:13,0
02/11/2022 19:28,0
02/11/2022 19:43,0
02/11/2022 19:58,0
02/11/2022 20:12,0
02/11/2022 20:27,0
02/11/2022 20:42,0
02/11/2022 20:57,0
02/11/2022 21:12,0
02/11/2022 21:27,0
02/11/2022 21:41,0
02/11/2022 21:56,0
02/11/2022 22:11,0
02/11/2022 22:26,0
02/11/2022 22:41,0
02/11/2022 22:55,0
02/11/2022 23:10,0
02/11/2022 23:25,0
02/11/2022 23:40,0
02/11/2022 23:55,0
03/11/2022 00:10,0
03/11/2022 00:24,0
03/11/2022 00:39,0
03/11/2022 00:54,0
03/11/2022 01:09,0
03/11/2022 01:24,0
03/11/2022 01:39,0
03/11/2022 01:53,0
03/11/2022 02:08,0
03/11/2022 02:23,0
03/11/2022 02:38,0
03/11/2022 02:53,0
03/11/2022 03:08,0
03/11/2022 03:22,0
03/11/2022 03:37,0
03/11/2022 03:52,0
03/11/2022 04:07,0
03/11/2022 04:22,0
03/11/2022 04:37,0
03/11/2022 04:51,0
03/11/2022 05:06,0
03/11/2022 05:21,0
03/11/2022 05:36,0
03/11/2022 05:51,0
03/11/2022 06:06,0
03/11/2022 06:20,0
03/11/2022 06:35,0
03/11/2022 06:50,0
03/11/2022 07:05,0
03/11/2022 07:20,0
03/11/2022 07:35,0
03/11/2022 07:49,0
03/11/2022 08:04,0
03/11/2022 08:19,0
03/11/2022 08:34,0
03/11/2022 08:49,0
03/11/2022 09:04,0
03/11/2022 09:18,0
03/11/2022 09:33,0
03/11/2022 09:48,0
03/11/2022 10:03,1
03/11/2022 10:18,3
03/11/2022 10:33,7
03/11/2022 10:47,10
03/11/2022 11:02,13
03/11/2022 11:17,15
03/11/2022 11:32,18
03/11/2022 11:47,20
03/11/2022 11:49,21
03/11/2022 12:04,22
03/11/2022 12:18,97
03/11/2022 12:33,147
03/11/2022 12:48,160
03/11/2022 13:03,173
03/11/2022 13:18,187
03/11/2022 13:32,199
03/11/2022 13:47,213
03/11/2022 14:02,229
03/11/2022 14:17,229
03/11/2022 14:32,195
03/11/2022 14:46,120
03/11/2022 15:01,149
03/11/2022 15:16,97
03/11/2022 15:31,171
03/11/2022 15:46,96
03/11/2022 16:00,167
03/11/2022 16:15,182
03/11/2022 16:30,87
03/11/2022 16:45,72
03/11/2022 17:00,134
03/11/2022 17:14,116
03/11/2022 17:29,91
03/11/2022 17:44,52
03/11/2022 17:59,14
03/11/2022 18:14,7
03/11/2022 18:28,2
03/11/2022 18:43,0
03/11/2022 18:58,0
03/11/2022 19:13,0
03/11/2022 19:28,0
03/11/2022 19:42,0
03/11/2022 19:44,0
03/11/2022 19:59,0
03/11/2022 20:13,0
03/11/2022 20:43,0
03/11/2022 20:58,0
03/11/2022 21:13,0
03/11/2022 21:27,0
03/11/2022 21:42,0
03/11/2022 21:57,0
03/11/2022 22:12,0
03/11/2022 22:27,0
03/11/2022 22:41,0
03/11/2022 22:56,0
03/11/2022 23:11,0
03/11/2022 23:26,0
03/11/2022 23:41,0
03/11/2022 23:55,0
04/11/2022 00:10,0
04/11/2022 00:25,0
04/11/2022 00:40,0
04/11/2022 00:55,0
04/11/2022 01:09,0
04/11/2022 01:24,0
04/11/2022 01:39,0
04/11/2022 01:54,0
04/11/2022 02:09,0
04/11/2022 02:23,0
04/11/2022 02:38,0
04/11/2022 02:53,0
04/11/2022 03:08,0
04/11/2022 03:23,0
04/11/2022 03:37,0
04/11/2022 03:52,0
04/11/2022 04:07,0
04/11/2022 04:22,0
04/11/2022 04:37,0
04/11/2022 04:52,0
04/11/2022 05:06,0
04/11/2022 05:21,0
04/11/2022 05:36,0
04/11/2022 05:51,0
04/11/2022 06:06,0
04/11/2022 06:21,0
04/11/2022 06:50,0
04/11/2022 07:05,0
04/11/2022 07:20,0
04/11/2022 07:35,0
04/11/2022 07:50,0
04/11/2022 08:04,0
04/11/2022 08:19,0
04/11/2022 08:34,0
04/11/2022 08:49,0
04/11/2022 08:52,0
04/11/2022 09:07,0
04/11/2022 09:22,0
04/11/2022 09:37,0
04/11/2022 09:52,0
04/11/2022 10:07,1
04/11/2022 10:21,3
04/11/2022 10:36,7
04/11/2022 10:51,10
04/11/2022 11:06,12
04/11/2022 11:21,15
04/11/2022 11:36,18
04/11/2022 11:50,21
04/11/2022 12:05,32
04/11/2022 12:20,53
04/11/2022 12:23,65
04/11/2022 12:38,83
04/11/2022 12:53,112
04/11/2022 13:07,138
04/11/2022 13:22,160
04/11/2022 13:37,121
04/11/2022 13:52,162
04/11/2022 14:07,192
04/11/2022 14:21,131
04/11/2022 14:36,178
04/11/2022 14:51,97
04/11/2022 15:06,70
04/11/2022 15:21,70
04/11/2022 15:35,100
04/11/2022 15:50,99
04/11/2022 16:05,73
04/11/2022 16:20,52
04/11/2022 16:35,32
04/11/2022 16:49,21
04/11/2022 17:04,20
04/11/2022 17:19,19
04/11/2022 17:34,12
04/11/2022 17:49,7
04/11/2022 17:51,3
04/11/2022 18:06,2
04/11/2022 18:20,0
04/11/2022 18:35,0
04/11/2022 18:50,0
04/11/2022 19:05,0
04/11/2022 19:20,0
04/11/2022 19:34,0
04/11/2022 19:49,0
04/11/2022 19:54,0
04/11/2022 20:09,0
04/11/2022 20:24,0
04/11/2022 20:38,0
04/11/2022 20:53,0
04/11/2022 21:08,0
04/11/2022 21:23,0
04/11/2022 21:38,0
04/11/2022 21:52,0
04/11/2022 22:07,0
04/11/2022 22:22,0
04/11/2022 22:26,0
04/11/2022 22:41,0
04/11/2022 22:55,0
04/11/2022 23:10,0
04/11/2022 23:25,0
04/11/2022 23:40,0
04/11/2022 23:55,0
05/11/2022 00:09,0
05/11/2022 00:24,0
05/11/2022 00:39,0
05/11/2022 00:54,0
05/11/2022 01:09,0
05/11/2022 01:23,0
05/11/2022 01:38,0
05/11/2022 01:53,0
05/11/2022 02:08,0
05/11/2022 02:23,0
05/11/2022 02:26,0
05/11/2022 02:41,0
05/11/2022 02:56,0
05/11/2022 03:11,0
05/11/2022 03:25,0
05/11/2022 03:40,0
05/11/2022 03:43,0
05/11/2022 03:58,0
05/11/2022 04:13,0
05/11/2022 04:28,0
05/11/2022 04:43,0
05/11/2022 04:58,0
05/11/2022 05:12,0
05/11/2022 05:27,0
05/11/2022 05:42,0
05/11/2022 05:57,0
05/11/2022 06:12,0
05/11/2022 06:27,0
05/11/2022 06:41,0
05/11/2022 06:56,0
05/11/2022 07:11,0
05/11/2022 07:26,0
05/11/2022 07:41,0
05/11/2022 07:56,0
05/11/2022 08:10,0
05/11/2022 08:25,0
05/11/2022 08:40,0
05/11/2022 08:55,0
05/11/2022 09:10,0
05/11/2022 09:25,0
05/11/2022 09:39,0
05/11/2022 09:54,0
05/11/2022 09:57,0
05/11/2022 10:12,0
05/11/2022 10:27,1
05/11/2022 10:42,3
05/11/2022 10:56,7
05/11/2022 11:11,11
05/11/2022 11:26,17
05/11/2022 11:41,24
05/11/2022 11:56,30
05/11/2022 12:10,33
05/11/2022 12:25,38
05/11/2022 12:40,41
05/11/2022 12:55,51
05/11/2022 13:10,57
05/11/2022 13:24,63
05/11/2022 13:39,68
05/11/2022 13:54,66
05/11/2022 14:09,63
05/11/2022 14:24,60
05/11/2022 14:38,64
05/11/2022 14:53,71
05/11/2022 15:08,87
05/11/2022 15:23,106
05/11/2022 15:38,102
05/11/2022 15:53,89
05/11/2022 16:07,89
05/11/2022 16:22,59
05/11/2022 16:37,43
05/11/2022 16:52,34
05/11/2022 17:07,24
05/11/2022 17:22,17
05/11/2022 17:36,10
05/11/2022 17:38,7
05/11/2022 17:53,4
05/11/2022 18:08,1
05/11/2022 18:23,0
05/11/2022 18:38,0
05/11/2022 18:52,0
05/11/2022 19:07,0
05/11/2022 19:22,0
05/11/2022 19:37,0
05/11/2022 19:52,0
05/11/2022 20:07,0
05/11/2022 20:21,0
05/11/2022 20:36,0
05/11/2022 20:51,0
05/11/2022 21:06,0
05/11/2022 21:21,0
05/11/2022 21:36,0
05/11/2022 21:50,0
05/11/2022 22:05,0
05/11/2022 22:20,0
05/11/2022 22:35,0
05/11/2022 22:50,0
05/11/2022 23:04,0
05/11/2022 23:19,0
05/11/2022 23:34,0
05/11/2022 23:49,0
06/11/2022 00:04,0
06/11/2022 00:19,0
06/11/2022 00:33,0
06/11/2022 00:48,0
06/11/2022 01:03,0
06/11/2022 01:18,0
06/11/2022 01:33,0
06/11/2022 01:48,0
06/11/2022 02:02,0
06/11/2022 02:17,0
06/11/2022 02:32,0
06/11/2022 02:47,0
06/11/2022 03:02,0
06/11/2022 03:31,0
06/11/2022 03:46,0
06/11/2022 04:01,0
06/11/2022 04:16,0
06/11/2022 04:31,0
06/11/2022 04:46,0
06/11/2022 05:00,0
06/11/2022 05:15,0
06/11/2022 05:30,0
06/11/2022 05:45,0
06/11/2022 06:00,0
06/11/2022 06:15,0
06/11/2022 06:29,0
06/11/2022 06:44,0
06/11/2022 06:59,0
06/11/2022 07:14,0
06/11/2022 07:29,0
06/11/2022 07:44,0
06/11/2022 07:58,0
06/11/2022 08:13,0
06/11/2022 08:28,0
06/11/2022 08:43,0
06/11/2022 08:58,0
06/11/2022 09:13,0
06/11/2022 09:27,0
06/11/2022 09:42,0
06/11/2022 09:57,0
06/11/2022 10:12,0
06/11/2022 10:27,2
06/11/2022 10:42,4
06/11/2022 10:56,6
06/11/2022 11:11,8
06/11/2022 11:26,10
06/11/2022 11:41,13
06/11/2022 11:56,15
06/11/2022 12:10,16
06/11/2022 12:25,17
06/11/2022 12:40,17
06/11/2022 12:55,18
06/11/2022 13:10,18
06/11/2022 13:39,21
06/11/2022 13:54,28
06/11/2022 14:09,37
06/11/2022 14:24,36
06/11/2022 14:39,26
06/11/2022 14:54,21
06/11/2022 15:08,14
06/11/2022 15:23,15
06/11/2022 15:38,19
06/11/2022 16:08,26
06/11/2022 16:23,22
06/11/2022 16:37,28
06/11/2022 16:52,15
06/11/2022 17:07,12
06/11/2022 17:22,8
06/11/2022 17:37,8
06/11/2022 17:52,6
06/11/2022 18:06,2
06/11/2022 18:21,1
06/11/2022 18:36,0
06/11/2022 18:51,0
06/11/2022 18:52,0
06/11/2022 19:07,0
06/11/2022 19:22,0
06/11/2022 19:37,0
06/11/2022 19:52,0
06/11/2022 20:06,0
06/11/2022 20:21,0
06/11/2022 20:36,0
06/11/2022 20:51,0
06/11/2022 21:06,0
06/11/2022 21:21,0
06/11/2022 21:35,0
06/11/2022 22:05,0
06/11/2022 22:20,0
06/11/2022 22:35,0
06/11/2022 23:04,0
06/11/2022 23:19,0
06/11/2022 23:34,0
06/11/2022 23:49,0
07/11/2022 00:04,0
07/11/2022 00:19,0
07/11/2022 00:33,0
07/11/2022 00:48,0
07/11/2022 01:03,0
07/11/2022 01:18,0
07/11/2022 01:33,0
07/11/2022 01:48,0
07/11/2022 02:02,0
07/11/2022 02:17,0
07/11/2022 02:32,0
07/11/2022 02:47,0
07/11/2022 03:02,0
07/11/2022 03:16,0
07/11/2022 03:31,0
07/11/2022 03:46,0
07/11/2022 04:01,0
07/11/2022 04:16,0
07/11/2022 04:31,0
07/11/2022 04:45,0
07/11/2022 05:00,0
07/11/2022 05:15,0
07/11/2022 05:30,0
07/11/2022 05:45,0
07/11/2022 06:00,0
07/11/2022 06:14,0
07/11/2022 06:29,0
07/11/2022 06:44,0
07/11/2022 06:59,0
07/11/2022 07:14,0
07/11/2022 07:29,0
07/11/2022 07:43,0
07/11/2022 07:58,0
07/11/2022 08:13,0
07/11/2022 08:28,0
07/11/2022 08:43,0
07/11/2022 08:58,0
07/11/2022 09:12,0
07/11/2022 09:27,0
07/11/2022 09:42,0
07/11/2022 09:57,0
07/11/2022 10:12,0
07/11/2022 10:27,1
07/11/2022 10:41,3
07/11/2022 10:56,8
07/11/2022 11:11,12
07/11/2022 11:26,19
07/11/2022 11:41,27
07/11/2022 11:56,26
07/11/2022 12:10,12
07/11/2022 12:25,9
07/11/2022 12:40,26
07/11/2022 12:55,58
07/11/2022 13:10,37
07/11/2022 13:25,40
07/11/2022 13:39,42
07/11/2022 13:54,44
07/11/2022 14:09,37
07/11/2022 14:24,34
07/11/2022 14:39,33
07/11/2022 14:54,26
07/11/2022 15:08,26
07/11/2022 15:23,28
07/11/2022 15:38,24
07/11/2022 15:53,17
07/11/2022 16:08,17
07/11/2022 16:23,17
07/11/2022 16:37,23
07/11/2022 16:52,17
07/11/2022 17:07,8
07/11/2022 17:22,4
07/11/2022 17:37,1
07/11/2022 17:51,0
07/11/2022 18:06,0
07/11/2022 18:21,0
07/11/2022 18:36,0
07/11/2022 18:51,0
07/11/2022 18:54,0
07/11/2022 19:08,0
07/11/2022 19:23,0
07/11/2022 19:38,0
07/11/2022 19:53,0
07/11/2022 20:08,0
07/11/2022 20:22,0
07/11/2022 20:52,0
07/11/2022 20:57,0
07/11/2022 21:12,0
07/11/2022 21:26,0
07/11/2022 21:41,0
07/11/2022 21:56,0
07/11/2022 22:11,0
07/11/2022 22:26,0
07/11/2022 22:41,0
07/11/2022 22:55,0
07/11/2022 23:10,0
07/11/2022 23:25,0
07/11/2022 23:40,0
07/11/2022 23:55,0
08/11/2022 00:09,0
08/11/2022 00:39,0
08/11/2022 00:54,0
08/11/2022 01:09,0
08/11/2022 01:24,0
08/11/2022 01:38,0
08/11/2022 01:53,0
08/11/2022 02:08,0
08/11/2022 02:12,0
08/11/2022 02:27,0
08/11/2022 02:41,0
08/11/2022 02:56,0
08/11/2022 03:11,0
08/11/2022 03:26,0
08/11/2022 03:41,0
08/11/2022 03:56,0
08/11/2022 04:10,0
08/11/2022 04:25,0
08/11/2022 04:40,0
08/11/2022 04:55,0
08/11/2022 05:10,0
08/11/2022 05:25,0
08/11/2022 05:39,0
08/11/2022 05:54,0
08/11/2022 06:09,0
08/11/2022 06:10,0
08/11/2022 06:25,0
08/11/2022 06:40,0
08/11/2022 06:54,0
08/11/2022 07:09,0
08/11/2022 07:24,0
08/11/2022 07:39,0
08/11/2022 07:54,0
08/11/2022 08:23,0
08/11/2022 08:38,0
08/11/2022 08:53,0
08/11/2022 09:08,0
08/11/2022 09:23,0
08/11/2022 09:38,0
08/11/2022 09:52,0
08/11/2022 10:07,0
08/11/2022 10:22,0
08/11/2022 10:37,1
08/11/2022 10:52,4
08/11/2022 11:06,8
08/11/2022 11:21,11
08/11/2022 11:36,15
08/11/2022 11:51,22
08/11/2022 12:06,31
08/11/2022 12:21,38
08/11/2022 12:35,42
08/11/2022 12:50,52
08/11/2022 13:05,53
08/11/2022 13:20,43
08/11/2022 13:50,46
08/11/2022 14:04,67
08/11/2022 14:19,56
08/11/2022 14:34,53
08/11/2022 14:49,58
08/11/2022 15:04,55
08/11/2022 15:19,41
08/11/2022 15:33,33
08/11/2022 15:48,32
08/11/2022 16:03,29
08/11/2022 16:18,29
08/11/2022 16:33,30
08/11/2022 16:48,24
08/11/2022 17:02,15
08/11/2022 17:17,9
08/11/2022 17:32,5
08/11/2022 17:47,2
08/11/2022 18:02,0
08/11/2022 18:17,0
08/11/2022 18:31,0
08/11/2022 18:46,0
08/11/2022 18:48,0
08/11/2022 19:03,0
08/11/2022 19:17,0
08/11/2022 19:32,0
08/11/2022 19:47,0
08/11/2022 20:02,0
08/11/2022 20:17,0
08/11/2022 20:31,0
08/11/2022 20:46,0
08/11/2022 20:48,0
08/11/2022 21:02,0
08/11/2022 21:32,0
08/11/2022 21:47,0
08/11/2022 22:02,0
08/11/2022 22:16,0
08/11/2022 22:31,0
08/11/2022 22:46,0
08/11/2022 23:01,0
08/11/2022 23:16,0
08/11/2022 23:23,0
08/11/2022 23:37,0
08/11/2022 23:39,0
08/11/2022 23:54,0
08/11/2022 23:56,0
09/11/2022 00:10,0
09/11/2022 00:25,0
09/11/2022 00:40,0
09/11/2022 00:55,0
09/11/2022 01:10,0
09/11/2022 01:24,0
09/11/2022 01:39,0
09/11/2022 01:54,0
09/11/2022 02:09,0
09/11/2022 02:24,0
09/11/2022 02:38,0
09/11/2022 02:53,0
09/11/2022 03:08,0
09/11/2022 03:23,0
09/11/2022 03:38,0
09/11/2022 04:07,0
09/11/2022 04:22,0
09/11/2022 04:37,0
09/11/2022 04:52,0
09/11/2022 05:06,0
09/11/2022 05:21,0
09/11/2022 05:36,0
09/11/2022 05:51,0
09/11/2022 06:06,0
09/11/2022 06:20,0
09/11/2022 06:35,0
09/11/2022 06:50,0
09/11/2022 07:05,0
09/11/2022 07:20,0
09/11/2022 07:35,0
09/11/2022 07:49,0
09/11/2022 08:04,0
09/11/2022 08:19,0
09/11/2022 08:49,0
09/11/2022 09:04,0
09/11/2022 09:18,0
09/11/2022 09:33,0
09/11/2022 10:03,0
09/11/2022 10:18,1
09/11/2022 10:33,2
09/11/2022 10:47,4
09/11/2022 11:02,7
09/11/2022 11:17,11
09/11/2022 11:32,17
09/11/2022 11:47,17
09/11/2022 12:01,34
09/11/2022 12:16,53
09/11/2022 12:31,56
09/11/2022 12:35,59
09/11/2022 12:50,55
09/11/2022 13:05,58
09/11/2022 13:20,57
09/11/2022 13:35,60
09/11/2022 13:49,67
09/11/2022 14:04,69
09/11/2022 14:19,77
09/11/2022 14:34,86
09/11/2022 14:49,87
09/11/2022 15:03,84
09/11/2022 15:18,70
09/11/2022 15:33,73
09/11/2022 15:48,54
09/11/2022 16:03,34
09/11/2022 16:05,27
09/11/2022 16:20,20
09/11/2022 16:35,14
09/11/2022 16:49,13
09/11/2022 17:04,13
09/11/2022 17:19,12
09/11/2022 17:34,7
09/11/2022 17:49,3
09/11/2022 18:04,1
09/11/2022 18:18,0
09/11/2022 18:33,0
09/11/2022 18:48,0
09/11/2022 19:03,0
09/11/2022 19:18,0
09/11/2022 19:47,0
09/11/2022 20:02,0
09/11/2022 20:17,0
09/11/2022 20:32,0
09/11/2022 20:47,0
09/11/2022 21:01,0
09/11/2022 21:16,0
09/11/2022 21:31,0
09/11/2022 21:46,0
09/11/2022 22:01,0
09/11/2022 22:16,0
09/11/2022 22:30,0
09/11/2022 22:45,0
09/11/2022 23:00,0
09/11/2022 23:15,0
09/11/2022 23:30,0
09/11/2022 23:45,0
09/11/2022 23:59,0
10/11/2022 00:14,0
10/11/2022 00:29,0
10/11/2022 00:59,0
10/11/2022 01:14,0
10/11/2022 01:28,0
10/11/2022 01:43,0
10/11/2022 01:58,0
10/11/2022 02:13,0
10/11/2022 02:28,0
10/11/2022 02:43,0
10/11/2022 02:57,0
10/11/2022 03:12,0
10/11/2022 03:27,0
10/11/2022 03:42,0
10/11/2022 03:57,0
10/11/2022 04:12,0
10/11/2022 04:26,0
10/11/2022 04:41,0
10/11/2022 04:56,0
10/11/2022 05:11,0
10/11/2022 05:26,0
10/11/2022 05:55,0
10/11/2022 05:57,0
10/11/2022 06:12,0
10/11/2022 06:27,0
10/11/2022 06:42,0
10/11/2022 06:56,0
10/11/2022 07:11,0
10/11/2022 07:26,0
10/11/2022 07:41,0
10/11/2022 07:56,0
10/11/2022 08:15,0
10/11/2022 08:17,0
10/11/2022 08:32,0
10/11/2022 08:33,0
10/11/2022 08:48,0
10/11/2022 09:03,0
10/11/2022 09:18,0
10/11/2022 09:32,0
10/11/2022 09:47,0
10/11/2022 10:02,0
10/11/2022 10:17,0
10/11/2022 10:32,1
10/11/2022 11:01,8
10/11/2022 11:16,16
10/11/2022 11:31,24
10/11/2022 11:46,26
10/11/2022 12:01,34
10/11/2022 12:16,40
10/11/2022 12:30,43
10/11/2022 12:45,88
10/11/2022 13:00,80
10/11/2022 13:15,114
10/11/2022 13:45,100
10/11/2022 13:59,60
10/11/2022 14:14,131
10/11/2022 14:29,92
10/11/2022 14:44,71
10/11/2022 14:59,81
10/11/2022 15:14,81
10/11/2022 15:16,66
10/11/2022 15:30,75
10/11/2022 15:32,77
10/11/2022 15:47,77
10/11/2022 16:02,93
10/11/2022 16:17,123
10/11/2022 16:31,124
10/11/2022 16:46,75
10/11/2022 17:01,67
10/11/2022 17:16,33
10/11/2022 17:31,17
10/11/2022 17:46,5
10/11/2022 18:00,2
10/11/2022 18:15,0
10/11/2022 18:30,0
10/11/2022 18:45,0
10/11/2022 19:00,0
10/11/2022 19:15,0
10/11/2022 19:29,0
10/11/2022 19:44,0
10/11/2022 19:59,0
10/11/2022 20:00,0
10/11/2022 20:15,0
10/11/2022 20:30,0
10/11/2022 20:45,0
10/11/2022 21:02,0
10/11/2022 21:14,0
10/11/2022 21:29,0
10/11/2022 21:44,0
10/11/2022 21:59,0
10/11/2022 22:14,0
10/11/2022 22:29,0
10/11/2022 22:43,0
10/11/2022 22:58,0
10/11/2022 23:13,0
10/11/2022 23:28,0
10/11/2022 23:43,0
10/11/2022 23:58,0
11/11/2022 00:12,0
11/11/2022 00:27,0
11/11/2022 00:42,0
11/11/2022 00:57,0
11/11/2022 01:12,0
11/11/2022 01:27,0
11/11/2022 01:41,0
11/11/2022 01:56,0
11/11/2022 02:11,0
11/11/2022 02:26,0
11/11/2022 02:41,0
11/11/2022 02:56,0
11/11/2022 03:10,0
11/11/2022 03:25,0
11/11/2022 03:40,0
11/11/2022 03:55,0
11/11/2022 04:10,0
11/11/2022 04:25,0
11/11/2022 04:39,0
11/11/2022 04:54,0
11/11/2022 05:09,0
11/11/2022 05:24,0
11/11/2022 05:39,0
11/11/2022 05:53,0
11/11/2022 06:08,0
11/11/2022 06:23,0
11/11/2022 06:38,0
11/11/2022 06:53,0
11/11/2022 07:08,0
11/11/2022 07:22,0
11/11/2022 07:37,0
11/11/2022 07:52,0
11/11/2022 08:07,0
11/11/2022 08:22,0
11/11/2022 08:37,0
11/11/2022 08:51,0
11/11/2022 09:06,0
11/11/2022 09:21,0
11/11/2022 09:36,0
11/11/2022 09:51,0
11/11/2022 10:06,0
11/11/2022 10:20,0
11/11/2022 10:35,1
11/11/2022 10:42,2
11/11/2022 10:56,6
11/11/2022 11:11,13
11/11/2022 11:26,8
11/11/2022 11:41,16
11/11/2022 11:56,16
11/11/2022 12:10,20
11/11/2022 12:25,20
11/11/2022 12:40,41
11/11/2022 12:55,53
11/11/2022 13:10,53
11/11/2022 13:24,47
11/11/2022 13:39,53
11/11/2022 13:54,48
11/11/2022 14:09,56
11/11/2022 14:24,39
11/11/2022 14:39,37
11/11/2022 14:53,23
11/11/2022 15:23,19
11/11/2022 15:38,14
11/11/2022 15:53,13
11/11/2022 16:07,11
11/11/2022 16:22,10
11/11/2022 16:37,11
11/11/2022 16:52,9
11/11/2022 17:07,7
11/11/2022 17:21,4
11/11/2022 17:36,2
11/11/2022 17:51,0
11/11/2022 18:06,0
11/11/2022 18:21,0
11/11/2022 18:35,0
11/11/2022 18:50,0
11/11/2022 19:05,0
11/11/2022 19:20,0
11/11/2022 19:35,0
11/11/2022 19:49,0
11/11/2022 20:04,0
11/11/2022 20:19,0
11/11/2022 20:51,0
11/11/2022 21:06,0
11/11/2022 21:21,0
11/11/2022 21:35,0
11/11/2022 21:50,0
11/11/2022 22:05,0
11/11/2022 22:20,0
11/11/2022 22:35,0
11/11/2022 22:49,0
11/11/2022 23:04,0
11/11/2022 23:19,0
11/11/2022 23:34,0
11/11/2022 23:49,0
12/11/2022 00:03,0
12/11/2022 00:18,0
12/11/2022 00:33,0
12/11/2022 00:48,0
12/11/2022 01:32,0
12/11/2022 01:47,0
12/11/2022 02:02,0
12/11/2022 02:17,0
12/11/2022 02:31,0
12/11/2022 02:46,0
12/11/2022 03:01,0
12/11/2022 03:16,0
12/11/2022 03:31,0
12/11/2022 03:45,0
12/11/2022 04:00,0
12/11/2022 04:15,0
12/11/2022 04:30,0
12/11/2022 04:45,0
12/11/2022 05:29,0
12/11/2022 05:44,0
12/11/2022 05:59,0
12/11/2022 06:14,0
12/11/2022 06:28,0
12/11/2022 06:43,0
12/11/2022 06:58,0
12/11/2022 07:13,0
12/11/2022 07:28,0
12/11/2022 08:12,0
12/11/2022 08:27,0
12/11/2022 08:42,0
12/11/2022 08:56,0
12/11/2022 09:11,0
12/11/2022 09:26,0
12/11/2022 09:41,0
12/11/2022 09:56,0
12/11/2022 10:10,0
12/11/2022 10:25,0
12/11/2022 10:41,1
12/11/2022 10:56,3
12/11/2022 11:11,6
12/11/2022 11:26,6
12/11/2022 11:41,6
12/11/2022 11:55,22
12/11/2022 12:10,30
12/11/2022 12:25,25
12/11/2022 12:40,36
12/11/2022 12:55,50
12/11/2022 13:10,72
12/11/2022 13:24,52
12/11/2022 13:39,50
12/11/2022 14:09,102
12/11/2022 14:24,192
12/11/2022 14:39,176
12/11/2022 14:53,61
12/11/2022 15:08,47
12/11/2022 15:23,54
12/11/2022 15:38,37
12/11/2022 15:53,116
12/11/2022 16:08,79
12/11/2022 16:22,38
12/11/2022 16:37,26
12/11/2022 16:52,21
12/11/2022 17:07,17
12/11/2022 17:22,6
12/11/2022 17:37,3
12/11/2022 18:06,0
12/11/2022 18:21,0
12/11/2022 18:36,0
12/11/2022 19:06,0
12/11/2022 19:20,0
12/11/2022 19:35,0
12/11/2022 19:50,0
12/11/2022 20:05,0
12/11/2022 20:20,0
12/11/2022 20:34,0
12/11/2022 20:49,0
12/11/2022 21:04,0
12/11/2022 21:19,0
12/11/2022 21:34,0
12/11/2022 21:49,0
12/11/2022 22:03,0
12/11/2022 22:05,0
12/11/2022 22:20,0
12/11/2022 22:35,0
12/11/2022 22:50,0
12/11/2022 23:05,0
12/11/2022 23:19,0
12/11/2022 23:34,0
12/11/2022 23:49,0
13/11/2022 00:04,0
13/11/2022 00:19,0
13/11/2022 00:33,0
13/11/2022 00:48,0
13/11/2022 01:03,0
13/11/2022 01:18,0
13/11/2022 01:33,0
13/11/2022 01:47,0
13/11/2022 02:02,0
13/11/2022 02:17,0
13/11/2022 02:32,0
13/11/2022 02:47,0
13/11/2022 03:02,0
13/11/2022 03:16,0
13/11/2022 03:31,0
13/11/2022 03:46,0
13/11/2022 04:01,0
13/11/2022 04:16,0
13/11/2022 04:30,0
13/11/2022 04:45,0
13/11/2022 05:00,0
13/11/2022 05:15,0
13/11/2022 05:30,0
13/11/2022 05:44,0
13/11/2022 05:59,0
13/11/2022 06:14,0
13/11/2022 06:29,0
13/11/2022 06:44,0
13/11/2022 06:45,0
13/11/2022 07:00,0
13/11/2022 07:15,0
13/11/2022 07:17,0
13/11/2022 07:31,0
13/11/2022 07:33,0
13/11/2022 07:48,0
13/11/2022 08:18,0
13/11/2022 08:32,0
13/11/2022 08:47,0
13/11/2022 09:02,0
13/11/2022 09:17,0
13/11/2022 09:32,0
13/11/2022 09:47,0
13/11/2022 10:01,0
13/11/2022 10:16,0
13/11/2022 10:31,0
13/11/2022 10:46,0
13/11/2022 11:01,1
13/11/2022 11:16,2
13/11/2022 11:30,3
13/11/2022 11:45,12
13/11/2022 12:00,12
13/11/2022 12:15,13
13/11/2022 12:45,14
13/11/2022 12:59,22
13/11/2022 13:14,34
13/11/2022 13:29,35
13/11/2022 13:44,38
13/11/2022 14:14,29
13/11/2022 14:28,18
13/11/2022 14:43,16
13/11/2022 14:58,19
13/11/2022 15:13,12
13/11/2022 15:28,31
13/11/2022 15:42,32
13/11/2022 15:57,25
13/11/2022 16:12,14
13/11/2022 16:27,8
13/11/2022 16:42,9
13/11/2022 16:57,4
13/11/2022 17:11,2
13/11/2022 17:26,0
13/11/2022 17:41,0
13/11/2022 17:56,0
13/11/2022 18:11,0
13/11/2022 18:45,0
13/11/2022 19:00,0
13/11/2022 19:15,0
13/11/2022 19:30,0
13/11/2022 19:45,0
13/11/2022 20:14,0
13/11/2022 20:29,0
13/11/2022 20:44,0
13/11/2022 20:59,0
13/11/2022 21:13,0
13/11/2022 21:28,0
13/11/2022 21:43,0
13/11/2022 21:58,0
13/11/2022 22:13,0
13/11/2022 22:27,0
13/11/2022 22:42,0
13/11/2022 22:57,0
13/11/2022 23:12,0
13/11/2022 23:27,0
13/11/2022 23:42,0
13/11/2022 23:56,0
14/11/2022 00:11,0
14/11/2022 00:26,0
14/11/2022 00:41,0
14/11/2022 00:56,0
14/11/2022 01:11,0
14/11/2022 01:25,0
14/11/2022 01:40,0
14/11/2022 01:55,0
14/11/2022 02:10,0
14/11/2022 02:25,0
14/11/2022 02:40,0
14/11/2022 02:54,0
14/11/2022 03:09,0
14/11/2022 03:24,0
14/11/2022 03:39,0
14/11/2022 03:54,0
14/11/2022 04:08,0
14/11/2022 04:11,0
14/11/2022 04:26,0
14/11/2022 04:41,0
14/11/2022 04:56,0
14/11/2022 05:10,0
14/11/2022 05:25,0
14/11/2022 05:40,0
14/11/2022 05:55,0
14/11/2022 06:25,0
14/11/2022 06:39,0
14/11/2022 06:54,0
14/11/2022 07:09,0
14/11/2022 07:24,0
14/11/2022 07:39,0
14/11/2022 07:54,0
14/11/2022 08:08,0
14/11/2022 08:10,0
14/11/2022 08:25,0
14/11/2022 08:40,0
14/11/2022 08:55,0
14/11/2022 09:10,0
14/11/2022 09:25,0
14/11/2022 09:39,0
14/11/2022 09:54,0
14/11/2022 10:09,0
14/11/2022 10:24,0
14/11/2022 10:39,0
14/11/2022 10:54,2
14/11/2022 11:08,3
14/11/2022 11:23,5
14/11/2022 11:38,9
14/11/2022 11:53,16
14/11/2022 12:08,20
14/11/2022 12:23,28
14/11/2022 12:37,53
14/11/2022 12:52,50
14/11/2022 13:07,59
14/11/2022 13:22,66
14/11/2022 13:37,58
14/11/2022 13:52,60
14/11/2022 14:06,76
14/11/2022 14:21,106
14/11/2022 14:36,199
14/11/2022 14:51,124
14/11/2022 15:06,94
14/11/2022 15:21,62
14/11/2022 15:35,48
14/11/2022 15:50,41
14/11/2022 16:05,59
14/11/2022 16:20,42
14/11/2022 16:35,33
14/11/2022 16:50,28
14/11/2022 17:04,8
14/11/2022 17:05,5
14/11/2022 17:20,10
14/11/2022 17:35,4
14/11/2022 17:37,1
14/11/2022 17:51,1
14/11/2022 17:53,0
14/11/2022 18:08,0
14/11/2022 18:23,0
14/11/2022 18:38,0
14/11/2022 18:52,0
14/11/2022 19:07,0
14/11/2022 19:22,0
14/11/2022 19:37,0
14/11/2022 19:52,0
14/11/2022 20:07,0
14/11/2022 20:21,0
14/11/2022 20:36,0
14/11/2022 20:51,0
14/11/2022 21:06,0
14/11/2022 21:21,0
14/11/2022 21:36,0
14/11/2022 21:50,0
14/11/2022 22:05,0
14/11/2022 22:20,0
14/11/2022 22:35,0
14/11/2022 22:50,0
14/11/2022 23:05,0
14/11/2022 23:19,0
14/11/2022 23:34,0
14/11/2022 23:49,0
15/11/2022 00:04,0
15/11/2022 00:19,0
15/11/2022 00:33,0
15/11/2022 00:48,0
15/11/2022 01:03,0
15/11/2022 01:18,0
15/11/2022 01:33,0
15/11/2022 01:48,0
15/11/2022 02:02,0
15/11/2022 02:17,0
15/11/2022 02:32,0
15/11/2022 02:47,0
15/11/2022 03:02,0
15/11/2022 03:17,0
15/11/2022 03:31,0
15/11/2022 03:46,0
15/11/2022 04:01,0
15/11/2022 04:16,0
15/11/2022 04:31,0
15/11/2022 04:46,0
15/11/2022 05:00,0
15/11/2022 05:15,0
15/11/2022 05:30,0
15/11/2022 05:45,0
15/11/2022 06:00,0
15/11/2022 06:15,0
15/11/2022 06:29,0
15/11/2022 06:44,0
15/11/2022 06:59,0
15/11/2022 07:14,0
15/11/2022 07:29,0
15/11/2022 07:44,0
15/11/2022 07:58,0
15/11/2022 08:13,0
15/11/2022 08:28,0
15/11/2022 08:43,0
15/11/2022 08:58,0
15/11/2022 09:13,0
15/11/2022 09:27,0
15/11/2022 09:57,0
15/11/2022 10:12,0
15/11/2022 10:27,0
15/11/2022 10:42,0
15/11/2022 10:56,0
15/11/2022 11:11,2
15/11/2022 11:26,3
15/11/2022 11:41,5
15/11/2022 11:56,11
15/11/2022 12:11,20
15/11/2022 12:25,31
15/11/2022 12:40,23
15/11/2022 12:55,19
15/11/2022 13:10,23
15/11/2022 13:25,28
15/11/2022 13:39,24
15/11/2022 13:54,18
15/11/2022 14:09,19
15/11/2022 14:24,18
15/11/2022 14:31,26
15/11/2022 14:45,40
15/11/2022 15:00,22
15/11/2022 15:15,20
15/11/2022 15:30,21
15/11/2022 15:45,22
15/11/2022 15:48,24
15/11/2022 16:03,18
15/11/2022 16:18,13
15/11/2022 16:32,9
15/11/2022 16:47,8
15/11/2022 17:02,4
15/11/2022 17:17,3
15/11/2022 17:32,1
15/11/2022 17:47,0
15/11/2022 18:01,0
15/11/2022 18:16,0
15/11/2022 18:31,0
15/11/2022 18:46,0
15/11/2022 19:01,0
15/11/2022 19:16,0
15/11/2022 19:30,0
15/11/2022 19:45,0
15/11/2022 20:15,0
15/11/2022 20:30,0
15/11/2022 20:45,0
15/11/2022 20:59,0
15/11/2022 21:14,0
15/11/2022 21:29,0
15/11/2022 21:35,0
15/11/2022 21:50,0
15/11/2022 22:05,0
15/11/2022 22:19,0
15/11/2022 22:34,0
15/11/2022 22:49,0
15/11/2022 23:04,0
15/11/2022 23:19,0
15/11/2022 23:34,0
15/11/2022 23:48,0
16/11/2022 00:03,0
16/11/2022 00:18,0
16/11/2022 00:33,0
16/11/2022 00:48,0
16/11/2022 01:03,0
16/11/2022 01:17,0
16/11/2022 01:32,0
16/11/2022 01:47,0
16/11/2022 02:02,0
16/11/2022 02:17,0
16/11/2022 02:32,0
16/11/2022 02:46,0
16/11/2022 03:01,0
16/11/2022 03:16,0
16/11/2022 03:31,0
16/11/2022 03:46,0
16/11/2022 04:01,0
16/11/2022 04:15,0
16/11/2022 04:30,0
16/11/2022 04:45,0
16/11/2022 04:46,0
16/11/2022 05:01,0
16/11/2022 05:16,0
16/11/2022 05:31,0
16/11/2022 05:46,0
16/11/2022 06:00,0
16/11/2022 06:44,0
16/11/2022 06:59,0
16/11/2022 07:14,0
16/11/2022 07:28,0
16/11/2022 07:43,0
16/11/2022 07:58,0
16/11/2022 08:13,0
16/11/2022 08:28,0
16/11/2022 08:43,0
16/11/2022 08:57,0
16/11/2022 09:12,0
16/11/2022 09:27,0
16/11/2022 09:42,0
16/11/2022 09:57,0
16/11/2022 10:12,0
16/11/2022 10:26,0
16/11/2022 10:41,0
16/11/2022 10:56,2
16/11/2022 11:11,3
16/11/2022 11:26,5
16/11/2022 11:41,8
16/11/2022 11:55,17
16/11/2022 12:10,23
16/11/2022 12:25,24
16/11/2022 12:40,26
16/11/2022 12:55,33
16/11/2022 13:10,28
16/11/2022 13:24,33
16/11/2022 13:39,33
16/11/2022 13:54,32
16/11/2022 14:09,44
16/11/2022 14:24,37
16/11/2022 14:39,30
16/11/2022 14:53,26
16/11/2022 15:08,33
16/11/2022 15:23,31
16/11/2022 15:38,33
16/11/2022 15:53,19
16/11/2022 16:08,13
16/11/2022 16:22,12
16/11/2022 16:37,9
16/11/2022 16:52,8
16/11/2022 17:07,8
16/11/2022 17:22,4
16/11/2022 17:37,1
16/11/2022 17:51,0
16/11/2022 18:06,0
16/11/2022 18:21,0
16/11/2022 18:36,0
16/11/2022 18:51,0
16/11/2022 19:06,0
16/11/2022 19:20,0
16/11/2022 19:35,0
16/11/2022 19:50,0
16/11/2022 20:05,0
16/11/2022 20:20,0
16/11/2022 20:34,0
16/11/2022 21:04,0
16/11/2022 21:19,0
16/11/2022 21:34,0
16/11/2022 21:49,0
16/11/2022 22:03,0
16/11/2022 22:18,0
16/11/2022 22:33,0
16/11/2022 22:48,0
16/11/2022 23:03,0
16/11/2022 23:18,0
16/11/2022 23:32,0
16/11/2022 23:47,0
17/11/2022 00:02,0
17/11/2022 00:17,0
17/11/2022 00:32,0
17/11/2022 00:47,0
17/11/2022 01:01,0
17/11/2022 01:16,0
17/11/2022 01:31,0
17/11/2022 01:46,0
17/11/2022 02:01,0
17/11/2022 02:16,0
17/11/2022 02:30,0
17/11/2022 02:45,0
17/11/2022 03:00,0
17/11/2022 03:15,0
17/11/2022 03:30,0
17/11/2022 03:45,0
17/11/2022 03:59,0
17/11/2022 04:14,0
17/11/2022 04:29,0
17/11/2022 04:44,0
17/11/2022 04:59,0
17/11/2022 05:14,0
17/11/2022 05:28,0
17/11/2022 05:43,0
17/11/2022 05:58,0
17/11/2022 06:13,0
17/11/2022 06:28,0
17/11/2022 06:43,0
17/11/2022 06:57,0
17/11/2022 07:12,0
17/11/2022 07:27,0
17/11/2022 07:42,0
17/11/2022 07:57,0
17/11/2022 07:58,0
17/11/2022 08:13,0
17/11/2022 08:28,0
17/11/2022 08:42,0
17/11/2022 08:57,0
17/11/2022 09:12,0
17/11/2022 09:27,0
17/11/2022 09:42,0
17/11/2022 09:57,0
17/11/2022 10:26,0
17/11/2022 10:41,0
17/11/2022 10:56,0
17/11/2022 11:11,3
17/11/2022 11:26,16
17/11/2022 11:55,16
17/11/2022 12:00,17
17/11/2022 12:15,33
17/11/2022 12:30,79
17/11/2022 12:45,64
17/11/2022 13:00,23
17/11/2022 13:15,33
17/11/2022 13:29,83
17/11/2022 13:44,51
17/11/2022 13:59,47
17/11/2022 14:14,171
17/11/2022 14:29,123
17/11/2022 14:44,81
17/11/2022 14:58,151
17/11/2022 15:13,40
17/11/2022 15:28,131
17/11/2022 15:43,73
17/11/2022 15:58,23
17/11/2022 16:13,5
17/11/2022 16:27,3
17/11/2022 16:42,4
17/11/2022 16:57,4
17/11/2022 17:12,3
17/11/2022 17:27,2
17/11/2022 17:42,0
17/11/2022 17:56,0
17/11/2022 18:11,0
17/11/2022 18:26,0
17/11/2022 18:41,0
17/11/2022 18:56,0
17/11/2022 19:11,0
17/11/2022 19:25,0
17/11/2022 19:40,0
17/11/2022 19:43,0
17/11/2022 19:58,0
17/11/2022 20:12,0
17/11/2022 20:27,0
17/11/2022 20:42,0
17/11/2022 20:57,0
17/11/2022 21:12,0
17/11/2022 21:27,0
17/11/2022 21:41,0
17/11/2022 21:56,0
17/11/2022 22:11,0
17/11/2022 22:26,0
17/11/2022 22:41,0
17/11/2022 22:56,0
17/11/2022 23:10,0
17/11/2022 23:25,0
17/11/2022 23:40,0
17/11/2022 23:55,0
18/11/2022 00:10,0
18/11/2022 00:25,0
18/11/2022 00:39,0
18/11/2022 00:54,0
18/11/2022 01:09,0
18/11/2022 01:24,0
18/11/2022 01:39,0
18/11/2022 01:54,0
18/11/2022 02:08,0
18/11/2022 02:23,0
18/11/2022 02:38,0
18/11/2022 02:53,0
18/11/2022 03:08,0
18/11/2022 03:22,0
18/11/2022 03:37,0
18/11/2022 03:52,0
18/11/2022 03:54,0
18/11/2022 04:09,0
18/11/2022 04:23,0
18/11/2022 04:38,0
18/11/2022 04:53,0
18/11/2022 05:08,0
18/11/2022 05:23,0
18/11/2022 05:37,0
18/11/2022 05:52,0
18/11/2022 06:07,0
18/11/2022 06:22,0
18/11/2022 06:37,0
18/11/2022 06:51,0
18/11/2022 07:06,0
18/11/2022 07:21,0
18/11/2022 07:36,0
18/11/2022 07:51,0
18/11/2022 08:05,0
18/11/2022 08:20,0
18/11/2022 08:35,0
18/11/2022 08:50,0
18/11/2022 09:05,0
18/11/2022 09:19,0
18/11/2022 09:34,0
18/11/2022 09:49,0
18/11/2022 10:04,0
18/11/2022 10:19,0
18/11/2022 10:34,0
18/11/2022 10:48,1
18/11/2022 11:03,3
18/11/2022 11:18,7
18/11/2022 11:33,12
18/11/2022 11:48,11
18/11/2022 12:03,13
18/11/2022 12:17,65
18/11/2022 12:32,32
18/11/2022 12:47,28
18/11/2022 13:02,21
18/11/2022 13:17,33
18/11/2022 13:32,84
18/11/2022 13:46,157
18/11/2022 14:01,127
18/11/2022 14:16,99
18/11/2022 14:31,148
18/11/2022 14:46,143
18/11/2022 15:01,97
18/11/2022 15:15,80
18/11/2022 15:30,71
18/11/2022 15:45,49
18/11/2022 15:47,28
18/11/2022 16:01,66
18/11/2022 16:16,45
18/11/2022 16:31,53
18/11/2022 16:46,29
18/11/2022 17:01,9
18/11/2022 17:16,6
18/11/2022 17:30,4
18/11/2022 17:34,2
18/11/2022 17:49,1
18/11/2022 18:03,0
18/11/2022 18:18,0
18/11/2022 18:33,0
18/11/2022 18:48,0
18/11/2022 19:03,0
18/11/2022 19:17,0
18/11/2022 19:32,0
18/11/2022 19:47,0
18/11/2022 20:02,0
18/11/2022 20:17,0
18/11/2022 20:31,0
18/11/2022 20:46,0
18/11/2022 21:01,0
18/11/2022 21:16,0
18/11/2022 21:31,0
18/11/2022 21:46,0
18/11/2022 22:00,0
18/11/2022 22:15,0
18/11/2022 22:30,0
18/11/2022 23:00,0
18/11/2022 23:15,0
18/11/2022 23:29,0
18/11/2022 23:44,0
18/11/2022 23:59,0
19/11/2022 00:14,0
19/11/2022 00:29,0
19/11/2022 00:44,0
19/11/2022 00:58,0
19/11/2022 01:13,0
19/11/2022 01:28,0
19/11/2022 01:43,0
19/11/2022 01:58,0
19/11/2022 02:31,0
19/11/2022 02:45,0
19/11/2022 03:00,0
19/11/2022 03:01,0
19/11/2022 03:16,0
19/11/2022 03:31,0
19/11/2022 03:45,0
19/11/2022 03:47,0
19/11/2022 04:02,0
19/11/2022 04:32,0
19/11/2022 04:46,0
19/11/2022 05:01,0
19/11/2022 05:16,0
19/11/2022 05:31,0
19/11/2022 05:46,0
19/11/2022 06:01,0
19/11/2022 06:15,0
19/11/2022 06:30,0
19/11/2022 06:45,0
19/11/2022 07:00,0
19/11/2022 07:15,0
19/11/2022 07:30,0
19/11/2022 07:44,0
19/11/2022 07:59,0
19/11/2022 08:14,0
19/11/2022 08:29,0
19/11/2022 08:44,0
19/11/2022 08:59,0
19/11/2022 09:13,0
19/11/2022 09:28,0
19/11/2022 09:43,0
19/11/2022 09:58,0
19/11/2022 10:13,0
19/11/2022 10:28,0
19/11/2022 10:42,0
19/11/2022 10:57,0
19/11/2022 11:12,1
19/11/2022 11:27,3
19/11/2022 11:42,5
19/11/2022 11:57,13
19/11/2022 12:11,14
19/11/2022 12:26,17
19/11/2022 12:41,23
19/11/2022 12:56,31
19/11/2022 12:59,38
19/11/2022 13:14,45
19/11/2022 13:29,60
19/11/2022 13:44,68
19/11/2022 13:58,63
19/11/2022 14:13,59
19/11/2022 14:28,51
19/11/2022 14:43,50
19/11/2022 14:58,35
19/11/2022 15:12,25
19/11/2022 15:27,33
19/11/2022 15:42,49
19/11/2022 15:57,55
19/11/2022 16:12,36
19/11/2022 16:26,35
19/11/2022 16:41,23
19/11/2022 16:56,10
19/11/2022 17:11,2
19/11/2022 17:26,1
19/11/2022 17:41,0
19/11/2022 17:55,0
19/11/2022 18:10,0
19/11/2022 18:25,0
19/11/2022 18:40,0
19/11/2022 18:55,0
19/11/2022 19:09,0
19/11/2022 19:24,0
19/11/2022 19:39,0
19/11/2022 19:54,0
19/11/2022 20:09,0
19/11/2022 20:24,0
19/11/2022 20:38,0
19/11/2022 20:53,0
19/11/2022 21:08,0
19/11/2022 21:23,0
19/11/2022 21:38,0
19/11/2022 21:53,0
19/11/2022 22:07,0
19/11/2022 22:22,0
19/11/2022 22:37,0
19/11/2022 22:52,0
19/11/2022 23:07,0
19/11/2022 23:22,0
19/11/2022 23:36,0
19/11/2022 23:51,0
20/11/2022 00:06,0
20/11/2022 00:21,0
20/11/2022 00:36,0
20/11/2022 00:51,0
20/11/2022 01:05,0
20/11/2022 01:20,0
20/11/2022 01:35,0
20/11/2022 01:50,0
20/11/2022 02:05,0
20/11/2022 02:20,0
20/11/2022 02:34,0
20/11/2022 03:04,0
20/11/2022 03:19,0
20/11/2022 03:34,0
20/11/2022 03:49,0
20/11/2022 04:03,0
20/11/2022 04:18,0
20/11/2022 04:33,0
20/11/2022 04:48,0
20/11/2022 05:03,0
20/11/2022 05:18,0
20/11/2022 05:32,0
20/11/2022 05:47,0
20/11/2022 06:02,0
20/11/2022 06:17,0
20/11/2022 06:32,0
20/11/2022 06:47,0
20/11/2022 07:01,0
20/11/2022 07:16,0
20/11/2022 07:31,0
20/11/2022 07:46,0
20/11/2022 08:01,0
20/11/2022 08:15,0
20/11/2022 08:30,0
20/11/2022 08:45,0
20/11/2022 09:00,0
20/11/2022 09:15,0
20/11/2022 09:30,0
20/11/2022 09:44,0
20/11/2022 09:59,0
20/11/2022 10:14,0
20/11/2022 10:29,0
20/11/2022 10:44,0
20/11/2022 10:59,0
20/11/2022 11:13,1
20/11/2022 11:28,1
20/11/2022 11:43,7
20/11/2022 11:58,16
20/11/2022 12:13,9
20/11/2022 12:28,8
20/11/2022 12:42,8
20/11/2022 12:57,43
20/11/2022 13:12,16
20/11/2022 13:27,31
20/11/2022 13:42,29
20/11/2022 13:57,16
20/11/2022 14:11,195
20/11/2022 14:26,189
20/11/2022 14:41,40
20/11/2022 14:56,20
20/11/2022 15:11,31
20/11/2022 15:26,70
20/11/2022 15:40,72
20/11/2022 15:55,64
20/11/2022 16:14,6
20/11/2022 16:28,19
20/11/2022 16:43,34
20/11/2022 16:58,11
20/11/2022 17:13,5
20/11/2022 17:28,2
20/11/2022 17:43,0
20/11/2022 17:57,0
20/11/2022 18:12,0
20/11/2022 18:27,0
20/11/2022 18:42,0
20/11/2022 18:57,0
20/11/2022 19:12,0
20/11/2022 19:26,0
20/11/2022 19:41,0
20/11/2022 19:56,0
20/11/2022 20:11,0
20/11/2022 20:26,0
20/11/2022 20:40,0
20/11/2022 20:55,0
20/11/2022 21:10,0
20/11/2022 21:25,0
20/11/2022 21:40,0
20/11/2022 21:55,0
20/11/2022 22:09,0
20/11/2022 22:14,0
20/11/2022 22:29,0
20/11/2022 22:44,0
20/11/2022 22:59,0
20/11/2022 23:00,0
20/11/2022 23:14,0
20/11/2022 23:29,0
20/11/2022 23:44,0
20/11/2022 23:59,0
21/11/2022 00:14,0
21/11/2022 00:29,0
21/11/2022 00:43,0
21/11/2022 00:58,0
21/11/2022 01:13,0
21/11/2022 01:28,0
21/11/2022 01:43,0
21/11/2022 01:58,0
21/11/2022 02:12,0
21/11/2022 02:27,0
21/11/2022 02:42,0
21/11/2022 02:57,0
21/11/2022 02:58,0
21/11/2022 03:13,0
21/11/2022 03:28,0
21/11/2022 03:42,0
21/11/2022 03:44,0
21/11/2022 03:59,0
21/11/2022 04:14,0
21/11/2022 04:29,0
21/11/2022 04:44,0
21/11/2022 04:58,0
21/11/2022 05:13,0
21/11/2022 05:28,0
21/11/2022 05:43,0
21/11/2022 05:58,0
21/11/2022 06:13,0
21/11/2022 06:27,0
21/11/2022 06:42,0
21/11/2022 06:57,0
21/11/2022 07:12,0
21/11/2022 07:27,0
21/11/2022 07:42,0
21/11/2022 07:56,0
21/11/2022 08:11,0
21/11/2022 08:26,0
21/11/2022 08:41,0
21/11/2022 08:56,0
21/11/2022 09:11,0
21/11/2022 09:25,0
21/11/2022 09:40,0
21/11/2022 09:55,0
21/11/2022 10:10,0
21/11/2022 10:25,0
21/11/2022 10:40,0
21/11/2022 10:54,0
21/11/2022 11:09,1
21/11/2022 11:24,2
21/11/2022 11:39,3
21/11/2022 11:54,5
21/11/2022 12:09,23
21/11/2022 12:23,46
21/11/2022 12:38,39
21/11/2022 12:53,34
21/11/2022 13:08,74
21/11/2022 13:23,49
21/11/2022 13:37,44
21/11/2022 13:52,49
21/11/2022 14:07,104
21/11/2022 14:22,179
21/11/2022 14:25,212
21/11/2022 14:39,120
21/11/2022 14:54,102
21/11/2022 15:09,75
21/11/2022 15:24,35
21/11/2022 15:39,44
21/11/2022 15:54,36
21/11/2022 16:08,32
21/11/2022 16:23,8
21/11/2022 16:38,3
21/11/2022 16:53,3
21/11/2022 17:08,2
21/11/2022 17:23,1
21/11/2022 17:37,0
21/11/2022 17:52,0
21/11/2022 18:07,0
21/11/2022 18:22,0
21/11/2022 18:37,0
21/11/2022 19:06,0
21/11/2022 19:21,0
21/11/2022 19:36,0
21/11/2022 19:51,0
21/11/2022 20:06,0
21/11/2022 20:21,0
21/11/2022 20:35,0
21/11/2022 20:39,0
21/11/2022 20:54,0
21/11/2022 21:09,0
21/11/2022 21:24,0
21/11/2022 21:39,0
21/11/2022 21:54,0
21/11/2022 22:08,0
21/11/2022 22:38,0
21/11/2022 22:53,0
21/11/2022 23:08,0
21/11/2022 23:23,0
21/11/2022 23:37,0
21/11/2022 23:52,0
21/11/2022 23:58,0
22/11/2022 00:13,0
22/11/2022 00:28,0
22/11/2022 00:43,0
22/11/2022 00:58,0
22/11/2022 01:12,0
22/11/2022 01:27,0
22/11/2022 01:42,0
22/11/2022 01:57,0
22/11/2022 02:12,0
22/11/2022 02:27,0
22/11/2022 02:41,0
22/11/2022 02:56,0
22/11/2022 03:11,0
22/11/2022 03:26,0
22/11/2022 03:41,0
22/11/2022 03:56,0
22/11/2022 04:10,0
22/11/2022 04:25,0
22/11/2022 04:40,0
22/11/2022 04:55,0
22/11/2022 05:10,0
22/11/2022 05:25,0
22/11/2022 05:39,0
22/11/2022 05:54,0
22/11/2022 06:09,0
22/11/2022 06:24,0
22/11/2022 06:39,0
22/11/2022 06:54,0
22/11/2022 07:08,0
22/11/2022 07:23,0
22/11/2022 07:38,0
22/11/2022 07:53,0
22/11/2022 08:08,0
22/11/2022 08:22,0
22/11/2022 08:37,0
22/11/2022 08:52,0
22/11/2022 09:07,0
22/11/2022 09:22,0
22/11/2022 09:37,0
22/11/2022 09:51,0
22/11/2022 10:06,0
22/11/2022 10:21,0
22/11/2022 10:36,0
22/11/2022 10:51,1
22/11/2022 11:06,4
22/11/2022 11:20,6
22/11/2022 11:35,10
22/11/2022 11:50,15
22/11/2022 12:05,19
22/11/2022 12:20,22
22/11/2022 12:35,25
22/11/2022 12:49,27
22/11/2022 13:19,92
22/11/2022 13:34,100
22/11/2022 13:49,107
22/11/2022 14:04,112
22/11/2022 14:18,114
22/11/2022 14:33,112
22/11/2022 14:48,109
22/11/2022 14:50,103
22/11/2022 15:05,64
22/11/2022 15:20,61
22/11/2022 15:35,20
22/11/2022 15:50,58
22/11/2022 16:19,43
22/11/2022 16:34,20
22/11/2022 16:49,8
22/11/2022 17:04,4
22/11/2022 17:19,2
22/11/2022 17:22,1
22/11/2022 17:37,0
22/11/2022 17:52,0
22/11/2022 18:07,0
22/11/2022 18:21,0
22/11/2022 18:36,0
22/11/2022 18:51,0
22/11/2022 19:06,0
22/11/2022 19:21,0
22/11/2022 19:36,0
22/11/2022 19:50,0
22/11/2022 20:05,0
22/11/2022 20:20,0
22/11/2022 20:35,0
22/11/2022 20:50,0
22/11/2022 21:05,0
22/11/2022 21:19,0
22/11/2022 21:34,0
22/11/2022 21:49,0
22/11/2022 22:04,0
22/11/2022 22:19,0
22/11/2022 22:34,0
22/11/2022 22:48,0
22/11/2022 23:03,0
22/11/2022 23:18,0
22/11/2022 23:33,0
22/11/2022 23:48,0
23/11/2022 00:03,0
23/11/2022 00:17,0
23/11/2022 00:32,0
23/11/2022 00:47,0
23/11/2022 01:02,0
23/11/2022 01:17,0
23/11/2022 01:31,0
23/11/2022 01:46,0
23/11/2022 02:01,0
23/11/2022 02:16,0
23/11/2022 02:31,0
23/11/2022 02:46,0
23/11/2022 03:15,0
23/11/2022 03:30,0
23/11/2022 03:45,0
23/11/2022 04:00,0
23/11/2022 04:15,0
23/11/2022 04:29,0
23/11/2022 04:44,0
23/11/2022 04:59,0
23/11/2022 05:14,0
23/11/2022 05:29,0
23/11/2022 05:44,0
23/11/2022 05:58,0
23/11/2022 06:13,0
23/11/2022 06:28,0
23/11/2022 06:43,0
23/11/2022 06:58,0
23/11/2022 07:13,0
23/11/2022 07:27,0
23/11/2022 07:42,0
23/11/2022 07:57,0
23/11/2022 08:12,0
23/11/2022 08:27,0
23/11/2022 08:42,0
23/11/2022 08:56,0
23/11/2022 09:11,0
23/11/2022 09:41,0
23/11/2022 09:56,0
23/11/2022 10:11,0
23/11/2022 10:25,0
23/11/2022 10:40,0
23/11/2022 10:55,0
23/11/2022 11:10,1
23/11/2022 11:25,3
23/11/2022 11:40,9
23/11/2022 11:54,17
23/11/2022 12:09,21
23/11/2022 12:24,23
23/11/2022 12:39,30
23/11/2022 12:54,33
23/11/2022 13:09,33
23/11/2022 13:23,32
23/11/2022 13:38,39
23/11/2022 13:53,40
23/11/2022 14:08,31
23/11/2022 14:23,28
23/11/2022 14:38,36
23/11/2022 14:52,34
23/11/2022 15:07,25
23/11/2022 15:37,16
23/11/2022 15:52,16
23/11/2022 16:07,21
23/11/2022 16:21,16
23/11/2022 16:36,12
23/11/2022 16:55,7
23/11/2022 17:09,3
23/11/2022 17:24,1
23/11/2022 17:39,0
23/11/2022 17:54,0
23/11/2022 18:09,0
23/11/2022 18:24,0
23/11/2022 18:38,0
23/11/2022 18:53,0
23/11/2022 19:08,0
23/11/2022 19:23,0
23/11/2022 19:38,0
23/11/2022 19:53,0
23/11/2022 20:07,0
23/11/2022 20:22,0
23/11/2022 20:37,0
23/11/2022 20:52,0
23/11/2022 21:07,0
23/11/2022 21:22,0
23/11/2022 21:36,0
23/11/2022 21:51,0
23/11/2022 22:06,0
23/11/2022 22:21,0
23/11/2022 22:36,0
23/11/2022 22:51,0
23/11/2022 23:05,0
23/11/2022 23:20,0
23/11/2022 23:35,0
23/11/2022 23:50,0
24/11/2022 00:05,0
24/11/2022 00:20,0
24/11/2022 00:34,0
24/11/2022 00:49,0
24/11/2022 01:04,0
24/11/2022 01:19,0
24/11/2022 01:34,0
24/11/2022 01:37,0
24/11/2022 01:52,0
24/11/2022 02:06,0
24/11/2022 02:21,0
24/11/2022 02:36,0
24/11/2022 02:51,0
24/11/2022 03:06,0
24/11/2022 03:20,0
24/11/2022 03:35,0
24/11/2022 03:50,0
24/11/2022 04:05,0
24/11/2022 04:20,0
24/11/2022 05:04,0
24/11/2022 05:19,0
24/11/2022 05:34,0
24/11/2022 05:49,0
24/11/2022 06:04,0
24/11/2022 06:18,0
24/11/2022 06:33,0
24/11/2022 06:48,0
24/11/2022 07:03,0
24/11/2022 07:18,0
24/11/2022 07:32,0
24/11/2022 07:47,0
24/11/2022 08:02,0
24/11/2022 08:17,0
24/11/2022 08:32,0
24/11/2022 08:47,0
24/11/2022 09:01,0
24/11/2022 09:04,0
24/11/2022 09:19,0
24/11/2022 09:34,0
24/11/2022 09:49,0
24/11/2022 10:03,0
24/11/2022 10:18,0
24/11/2022 10:33,0
24/11/2022 10:48,0
24/11/2022 11:03,0
24/11/2022 11:18,1
24/11/2022 11:32,2
24/11/2022 11:47,3
24/11/2022 12:02,5
24/11/2022 12:17,7
24/11/2022 12:32,10
24/11/2022 12:47,14
24/11/2022 13:01,13
24/11/2022 13:16,12
24/11/2022 13:31,15
24/11/2022 13:46,17
24/11/2022 14:01,12
24/11/2022 14:16,8
24/11/2022 14:30,8
24/11/2022 14:45,9
24/11/2022 15:00,9
24/11/2022 15:15,9
24/11/2022 15:30,7
24/11/2022 15:45,5
24/11/2022 15:59,6
24/11/2022 16:14,6
24/11/2022 16:29,10
24/11/2022 16:44,10
24/11/2022 16:59,14
24/11/2022 17:13,5
24/11/2022 17:28,1
24/11/2022 17:43,0
24/11/2022 17:58,0
24/11/2022 18:13,0
24/11/2022 18:28,0
24/11/2022 18:42,0
24/11/2022 18:57,0
24/11/2022 19:12,0
24/11/2022 19:27,0
24/11/2022 19:42,0
24/11/2022 19:57,0
24/11/2022 20:11,0
24/11/2022 20:26,0
24/11/2022 20:41,0
24/11/2022 20:56,0
24/11/2022 21:11,0
24/11/2022 21:26,0
24/11/2022 21:29,0
24/11/2022 21:44,0
24/11/2022 21:59,0
24/11/2022 22:13,0
24/11/2022 22:28,0
24/11/2022 22:43,0
24/11/2022 22:58,0
24/11/2022 23:28,0
24/11/2022 23:42,0
24/11/2022 23:57,0
25/11/2022 00:12,0
25/11/2022 00:27,0
25/11/2022 00:42,0
25/11/2022 00:57,0
25/11/2022 01:11,0
25/11/2022 01:26,0
25/11/2022 01:41,0
25/11/2022 01:56,0
25/11/2022 02:11,0
25/11/2022 02:26,0
25/11/2022 02:40,0
25/11/2022 02:55,0
25/11/2022 03:10,0
25/11/2022 03:25,0
25/11/2022 03:40,0
25/11/2022 03:55,0
25/11/2022 04:09,0
25/11/2022 04:24,0
25/11/2022 04:39,0
25/11/2022 04:54,0
25/11/2022 05:09,0
25/11/2022 05:24,0
25/11/2022 05:38,0
25/11/2022 05:53,0
25/11/2022 06:08,0
25/11/2022 06:10,0
25/11/2022 06:25,0
25/11/2022 06:39,0
25/11/2022 06:54,0
25/11/2022 07:09,0
25/11/2022 07:24,0
25/11/2022 07:39,0
25/11/2022 07:53,0
25/11/2022 08:08,0
25/11/2022 08:23,0
25/11/2022 08:38,0
25/11/2022 08:53,0
25/11/2022 09:08,0
25/11/2022 09:22,0
25/11/2022 09:37,0
25/11/2022 09:52,0
25/11/2022 10:07,0
25/11/2022 10:22,0
25/11/2022 10:36,0
25/11/2022 10:51,0
25/11/2022 11:06,1
25/11/2022 11:21,3
25/11/2022 11:36,6
25/11/2022 11:51,9
25/11/2022 12:05,14
25/11/2022 12:20,19
25/11/2022 12:35,22
25/11/2022 12:50,24
25/11/2022 13:05,30
25/11/2022 13:20,52
25/11/2022 13:34,63
25/11/2022 13:49,54
25/11/2022 14:04,60
25/11/2022 14:19,66
25/11/2022 14:34,74
25/11/2022 14:49,74
25/11/2022 15:03,81
25/11/2022 15:07,38
25/11/2022 15:22,51
25/11/2022 15:36,61
25/11/2022 15:51,64
25/11/2022 16:06,69
25/11/2022 16:21,57
25/11/2022 16:36,39
25/11/2022 16:51,11
25/11/2022 17:05,4
25/11/2022 17:20,2
25/11/2022 17:35,0
25/11/2022 17:50,0
25/11/2022 18:05,0
25/11/2022 18:20,0
25/11/2022 18:34,0
25/11/2022 18:49,0
25/11/2022 19:04,0
25/11/2022 19:19,0
25/11/2022 19:34,0
25/11/2022 19:49,0
25/11/2022 20:03,0
25/11/2022 20:18,0
25/11/2022 20:33,0
25/11/2022 20:48,0
25/11/2022 21:03,0
25/11/2022 21:18,0
25/11/2022 21:32,0
25/11/2022 21:35,0
25/11/2022 21:50,0
25/11/2022 22:05,0
25/11/2022 22:20,0
25/11/2022 22:35,0
25/11/2022 22:50,0
25/11/2022 23:04,0
25/11/2022 23:19,0
25/11/2022 23:34,0
25/11/2022 23:49,0
26/11/2022 00:04,0
26/11/2022 00:19,0
26/11/2022 00:33,0
26/11/2022 00:48,0
26/11/2022 00:51,0
26/11/2022 01:06,0
26/11/2022 01:21,0
26/11/2022 01:36,0
26/11/2022 01:50,0
26/11/2022 02:05,0
26/11/2022 02:20,0
26/11/2022 02:35,0
26/11/2022 02:50,0
26/11/2022 03:05,0
26/11/2022 03:19,0
26/11/2022 03:34,0
26/11/2022 04:04,0
26/11/2022 04:19,0
26/11/2022 04:34,0
26/11/2022 04:48,0
26/11/2022 05:03,0
26/11/2022 05:18,0
26/11/2022 05:33,0
26/11/2022 06:03,0
26/11/2022 06:17,0
26/11/2022 06:32,0
26/11/2022 06:47,0
26/11/2022 07:02,0
26/11/2022 07:17,0
26/11/2022 07:31,0
26/11/2022 07:46,0
26/11/2022 08:01,0
26/11/2022 08:16,0
26/11/2022 08:31,0
26/11/2022 08:46,0
26/11/2022 09:00,0
26/11/2022 09:15,0
26/11/2022 09:30,0
26/11/2022 09:45,0
26/11/2022 10:00,0
26/11/2022 10:15,0
26/11/2022 10:29,0
26/11/2022 10:44,0
26/11/2022 10:59,0
26/11/2022 11:14,0
26/11/2022 11:29,6
26/11/2022 11:44,19
26/11/2022 11:58,37
26/11/2022 12:13,36
26/11/2022 12:28,25
26/11/2022 12:43,27
26/11/2022 12:58,28
26/11/2022 13:13,35
26/11/2022 13:27,36
26/11/2022 13:42,63
26/11/2022 13:49,60
26/11/2022 14:04,61
26/11/2022 14:19,50
26/11/2022 14:33,130
26/11/2022 14:48,77
26/11/2022 15:03,28
26/11/2022 15:06,22
26/11/2022 15:21,23
26/11/2022 15:36,37
26/11/2022 15:51,23
26/11/2022 16:05,14
26/11/2022 16:20,10
26/11/2022 16:35,7
26/11/2022 16:50,5
26/11/2022 17:05,3
26/11/2022 17:20,1
26/11/2022 17:34,0
26/11/2022 17:49,0
26/11/2022 18:04,0
26/11/2022 18:19,0
26/11/2022 18:34,0
26/11/2022 18:49,0
26/11/2022 19:03,0
26/11/2022 19:33,0
26/11/2022 19:48,0
26/11/2022 20:03,0
26/11/2022 20:17,0
26/11/2022 20:32,0
26/11/2022 20:47,0
26/11/2022 21:02,0
26/11/2022 21:17,0
26/11/2022 21:32,0
26/11/2022 21:46,0
26/11/2022 22:01,0
26/11/2022 22:16,0
26/11/2022 22:31,0
26/11/2022 22:46,0
26/11/2022 23:01,0
26/11/2022 23:15,0
26/11/2022 23:30,0
26/11/2022 23:45,0
27/11/2022 00:00,0
27/11/2022 00:15,0
27/11/2022 00:30,0
27/11/2022 00:44,0
27/11/2022 00:59,0
27/11/2022 01:14,0
27/11/2022 01:29,0
27/11/2022 01:44,0
27/11/2022 01:59,0
27/11/2022 02:13,0
27/11/2022 02:28,0
27/11/2022 02:43,0
27/11/2022 02:58,0
27/11/2022 03:13,0
27/11/2022 03:28,0
27/11/2022 03:42,0
27/11/2022 03:57,0
27/11/2022 04:12,0
27/11/2022 04:27,0
27/11/2022 04:42,0
27/11/2022 04:57,0
27/11/2022 05:11,0
27/11/2022 05:26,0
27/11/2022 05:41,0
27/11/2022 05:56,0
27/11/2022 06:11,0
27/11/2022 06:26,0
27/11/2022 06:40,0
27/11/2022 06:55,0
27/11/2022 07:10,0
27/11/2022 07:25,0
27/11/2022 07:40,0
27/11/2022 08:09,0
27/11/2022 08:24,0
27/11/2022 08:39,0
27/11/2022 08:54,0
27/11/2022 09:09,0
27/11/2022 09:24,0
27/11/2022 09:38,0
27/11/2022 09:53,0
27/11/2022 10:08,0
27/11/2022 10:23,0
27/11/2022 10:38,0
27/11/2022 10:52,0
27/11/2022 11:07,0
27/11/2022 11:22,0
27/11/2022 11:37,1
27/11/2022 11:52,4
27/11/2022 12:07,8
27/11/2022 12:21,11
27/11/2022 12:36,15
27/11/2022 12:39,17
27/11/2022 12:54,18
27/11/2022 13:09,19
27/11/2022 13:24,22
27/11/2022 13:39,26
27/11/2022 13:54,29
27/11/2022 14:08,28
27/11/2022 14:23,27
27/11/2022 14:38,25
27/11/2022 14:53,23
27/11/2022 15:08,23
27/11/2022 15:23,21
27/11/2022 15:37,18
27/11/2022 15:52,16
27/11/2022 16:22,10
27/11/2022 16:37,6
27/11/2022 16:51,3
27/11/2022 17:06,2
27/11/2022 17:21,1
27/11/2022 17:36,0
27/11/2022 17:51,0
27/11/2022 18:06,0
27/11/2022 18:08,0
27/11/2022 18:23,0
27/11/2022 18:38,0
27/11/2022 18:53,0
27/11/2022 19:07,0
27/11/2022 19:22,0
27/11/2022 19:37,0
27/11/2022 19:52,0
27/11/2022 20:07,0
27/11/2022 20:22,0
27/11/2022 20:36,0
27/11/2022 20:51,0
27/11/2022 21:06,0
27/11/2022 21:21,0
27/11/2022 21:36,0
27/11/2022 21:50,0
27/11/2022 22:05,0
27/11/2022 22:20,0
27/11/2022 22:35,0
27/11/2022 22:50,0
27/11/2022 23:04,0
27/11/2022 23:19,0
27/11/2022 23:34,0
27/11/2022 23:49,0
28/11/2022 00:04,0
28/11/2022 00:18,0
28/11/2022 00:33,0
28/11/2022 00:48,0
28/11/2022 01:03,0
28/11/2022 01:18,0
28/11/2022 01:32,0
28/11/2022 01:47,0
28/11/2022 02:02,0
28/11/2022 02:17,0
28/11/2022 02:32,0
28/11/2022 02:46,0
28/11/2022 02:50,0
28/11/2022 03:05,0
28/11/2022 03:20,0
28/11/2022 03:35,0
28/11/2022 03:49,0
28/11/2022 04:04,0
28/11/2022 04:19,0
28/11/2022 04:34,0
28/11/2022 04:49,0
28/11/2022 05:04,0
28/11/2022 05:18,0
28/11/2022 05:33,0
28/11/2022 05:48,0
28/11/2022 06:03,0
28/11/2022 06:18,0
28/11/2022 06:33,0
28/11/2022 06:47,0
28/11/2022 07:02,0
28/11/2022 07:17,0
28/11/2022 07:32,0
28/11/2022 07:47,0
28/11/2022 08:02,0
28/11/2022 08:16,0
28/11/2022 08:31,0
28/11/2022 08:46,0
28/11/2022 09:01,0
28/11/2022 09:06,0
28/11/2022 09:21,0
28/11/2022 09:36,0
28/11/2022 09:51,0
28/11/2022 10:20,0
28/11/2022 10:23,0
28/11/2022 10:38,0
28/11/2022 10:53,0
28/11/2022 11:23,2
28/11/2022 11:38,4
28/11/2022 11:52,7
28/11/2022 12:07,9
28/11/2022 12:22,11
28/11/2022 12:37,13
28/11/2022 12:52,15
28/11/2022 12:55,16
28/11/2022 13:10,32
28/11/2022 13:25,78
28/11/2022 13:40,90
28/11/2022 13:55,94
28/11/2022 14:09,98
28/11/2022 14:24,96
28/11/2022 14:39,96
28/11/2022 14:54,99
28/11/2022 15:09,96
28/11/2022 15:24,90
28/11/2022 15:38,83
28/11/2022 15:53,76
28/11/2022 16:08,59
28/11/2022 16:38,21
28/11/2022 16:53,6
28/11/2022 17:07,3
28/11/2022 17:22,1
28/11/2022 17:37,0
28/11/2022 17:52,0
28/11/2022 18:07,0
28/11/2022 18:22,0
28/11/2022 18:36,0
28/11/2022 18:51,0
28/11/2022 19:06,0
28/11/2022 19:21,0
28/11/2022 19:36,0
28/11/2022 19:51,0
28/11/2022 20:05,0
28/11/2022 20:20,0
28/11/2022 20:35,0
28/11/2022 20:50,0
28/11/2022 21:05,0
28/11/2022 21:20,0
28/11/2022 21:34,0
28/11/2022 21:49,0
28/11/2022 22:04,0
28/11/2022 22:19,0
28/11/2022 22:34,0
28/11/2022 22:49,0
28/11/2022 23:03,0
28/11/2022 23:18,0
28/11/2022 23:33,0
28/11/2022 23:48,0
29/11/2022 00:03,0
29/11/2022 00:17,0
29/11/2022 00:32,0
29/11/2022 00:47,0
29/11/2022 01:02,0
29/11/2022 01:17,0
29/11/2022 01:32,0
29/11/2022 01:46,0
29/11/2022 02:01,0
29/11/2022 02:16,0
29/11/2022 02:31,0
29/11/2022 02:46,0
29/11/2022 03:01,0
29/11/2022 03:15,0
29/11/2022 03:30,0
29/11/2022 03:45,0
29/11/2022 04:00,0
29/11/2022 04:15,0
29/11/2022 04:30,0
29/11/2022 04:44,0
29/11/2022 04:59,0
29/11/2022 05:14,0
29/11/2022 05:29,0
29/11/2022 05:44,0
29/11/2022 05:59,0
29/11/2022 06:13,0
29/11/2022 06:28,0
29/11/2022 06:43,0
29/11/2022 06:58,0
29/11/2022 07:13,0
29/11/2022 07:42,0
29/11/2022 07:44,0
29/11/2022 07:59,0
29/11/2022 08:14,0
29/11/2022 08:29,0
29/11/2022 08:29,0
29/11/2022 08:44,0
29/11/2022 08:59,0
29/11/2022 09:14,0
29/11/2022 09:29,0
29/11/2022 09:44,0
29/11/2022 09:58,0
29/11/2022 10:13,0
29/11/2022 10:28,0
29/11/2022 10:43,0
29/11/2022 10:58,0
29/11/2022 11:12,0
29/11/2022 11:27,0
29/11/2022 11:42,1
29/11/2022 11:57,3
29/11/2022 12:12,7
29/11/2022 12:27,9
29/11/2022 12:41,11
29/11/2022 12:56,16
29/11/2022 13:11,17
29/11/2022 13:26,15
29/11/2022 13:41,9
29/11/2022 13:56,13
29/11/2022 14:10,15
29/11/2022 14:25,18
29/11/2022 14:55,18
29/11/2022 15:10,24
29/11/2022 15:25,18
29/11/2022 15:39,8
29/11/2022 15:54,7
29/11/2022 16:09,5
29/11/2022 16:24,5
29/11/2022 16:39,3
29/11/2022 16:54,1
29/11/2022 17:08,0
29/11/2022 17:23,0
29/11/2022 17:38,0
29/11/2022 18:08,0
29/11/2022 18:23,0
29/11/2022 18:37,0
29/11/2022 18:52,0
29/11/2022 19:07,0
29/11/2022 19:22,0
29/11/2022 19:37,0
29/11/2022 19:52,0
29/11/2022 20:21,0
29/11/2022 20:36,0
29/11/2022 20:51,0
29/11/2022 21:06,0
29/11/2022 21:21,0
29/11/2022 21:35,0
29/11/2022 21:50,0
29/11/2022 22:05,0
29/11/2022 22:20,0
29/11/2022 22:35,0
29/11/2022 22:50,0
29/11/2022 23:04,0
29/11/2022 23:19,0
29/11/2022 23:34,0
29/11/2022 23:49,0
30/11/2022 00:04,0
30/11/2022 00:18,0
30/11/2022 00:33,0
30/11/2022 00:48,0
30/11/2022 01:03,0
30/11/2022 01:18,0
30/11/2022 01:33,0
30/11/2022 01:47,0
30/11/2022 02:02,0
30/11/2022 02:17,0
30/11/2022 02:32,0
30/11/2022 02:47,0
30/11/2022 02:52,0
30/11/2022 03:06,0
30/11/2022 03:21,0
30/11/2022 03:36,0
30/11/2022 03:51,0
30/11/2022 04:06,0
30/11/2022 04:20,0
30/11/2022 04:35,0
30/11/2022 04:50,0
30/11/2022 05:05,0
30/11/2022 05:20,0
30/11/2022 05:34,0
30/11/2022 05:49,0
30/11/2022 06:04,0
30/11/2022 06:19,0
30/11/2022 06:34,0
30/11/2022 06:48,0
30/11/2022 07:03,0
30/11/2022 07:18,0
30/11/2022 07:33,0
30/11/2022 07:35,0
30/11/2022 07:49,0
30/11/2022 08:04,0
30/11/2022 08:19,0
30/11/2022 08:34,0
30/11/2022 08:49,0
30/11/2022 09:04,0
30/11/2022 09:18,0
30/11/2022 09:33,0
30/11/2022 09:48,0
30/11/2022 10:03,0
30/11/2022 10:18,0
30/11/2022 10:33,0
30/11/2022 10:47,0
30/11/2022 11:02,0
30/11/2022 11:17,0
30/11/2022 11:32,0
30/11/2022 11:47,0
30/11/2022 12:02,0
30/11/2022 12:16,1
30/11/2022 12:31,1
30/11/2022 12:46,2
30/11/2022 13:01,2
30/11/2022 13:16,3
30/11/2022 13:31,5
30/11/2022 14:00,5
30/11/2022 14:15,4
30/11/2022 14:30,3
30/11/2022 14:45,4
30/11/2022 15:00,3
30/11/2022 15:14,1
30/11/2022 15:29,3
30/11/2022 15:44,2
30/11/2022 15:59,2
30/11/2022 16:14,1
30/11/2022 16:29,1
30/11/2022 16:43,0
30/11/2022 16:58,0
30/11/2022 17:13,0
30/11/2022 17:28,0
30/11/2022 17:43,0
30/11/2022 17:57,0
30/11/2022 18:12,0
30/11/2022 18:27,0
30/11/2022 18:42,0
30/11/2022 18:57,0
30/11/2022 19:12,0
30/11/2022 19:26,0
30/11/2022 19:41,0
30/11/2022 19:56,0
30/11/2022 20:11,0
30/11/2022 20:26,0
30/11/2022 20:55,0
30/11/2022 20:58,0
30/11/2022 21:13,0
30/11/2022 21:28,0
30/11/2022 21:43,0
30/11/2022 21:57,0
30/11/2022 22:27,0
30/11/2022 22:42,0
30/11/2022 22:57,0
30/11/2022 23:12,0
30/11/2022 23:26,0
30/11/2022 23:41,0
30/11/2022 23:56,0
01/12/2022 00:11,0
01/12/2022 00:26,0
01/12/2022 00:41,0
01/12/2022 00:55,0
01/12/2022 01:10,0
01/12/2022 01:25,0
01/12/2022 01:40,0
01/12/2022 01:55,0
01/12/2022 02:10,0
01/12/2022 02:24,0
01/12/2022 02:39,0
01/12/2022 02:54,0
01/12/2022 03:09,0
01/12/2022 03:24,0
01/12/2022 03:39,0
01/12/2022 03:53,0
01/12/2022 04:23,0
01/12/2022 04:38,0
01/12/2022 04:53,0
01/12/2022 05:08,0
01/12/2022 05:22,0
01/12/2022 05:37,0
01/12/2022 05:52,0
01/12/2022 06:07,0
01/12/2022 06:22,0
01/12/2022 06:37,0
01/12/2022 06:51,0
01/12/2022 07:06,0
01/12/2022 07:21,0
01/12/2022 07:36,0
01/12/2022 07:51,0
01/12/2022 08:06,0
01/12/2022 08:20,0
01/12/2022 08:50,0
01/12/2022 08:52,0
01/12/2022 09:07,0
01/12/2022 09:22,0
01/12/2022 09:37,0
01/12/2022 09:51,0
01/12/2022 10:06,0
01/12/2022 10:21,0
01/12/2022 10:36,0
01/12/2022 10:51,0
01/12/2022 11:06,0
01/12/2022 11:20,0
01/12/2022 11:35,1
01/12/2022 11:50,1
01/12/2022 12:05,16
01/12/2022 12:20,9
01/12/2022 12:35,5
01/12/2022 12:49,37
01/12/2022 13:04,14
01/12/2022 13:19,4
01/12/2022 13:34,17
01/12/2022 13:49,22
01/12/2022 14:04,46
01/12/2022 14:18,84
01/12/2022 14:33,109
01/12/2022 14:48,60
01/12/2022 15:03,68
01/12/2022 15:18,74
01/12/2022 15:33,40
01/12/2022 15:47,32
01/12/2022 16:02,31
01/12/2022 16:17,22
01/12/2022 16:32,12
01/12/2022 16:47,2
01/12/2022 17:02,1
01/12/2022 17:16,1
01/12/2022 17:31,0
01/12/2022 17:46,0
01/12/2022 18:01,0
01/12/2022 18:16,0
01/12/2022 18:31,0
01/12/2022 18:45,0
01/12/2022 19:00,0
01/12/2022 19:15,0
01/12/2022 19:30,0
01/12/2022 19:45,0
01/12/2022 20:00,0
01/12/2022 20:14,0
01/12/2022 20:29,0
01/12/2022 20:44,0
01/12/2022 20:59,0
01/12/2022 21:14,0
01/12/2022 21:28,0
01/12/2022 21:43,0
01/12/2022 21:58,0
01/12/2022 22:13,0
01/12/2022 22:28,0
01/12/2022 22:43,0
01/12/2022 22:57,0
01/12/2022 23:12,0
01/12/2022 23:27,0
01/12/2022 23:28,0
01/12/2022 23:43,0
01/12/2022 23:58,0
02/12/2022 00:13,0
02/12/2022 00:27,0
02/12/2022 00:42,0
02/12/2022 00:43,0
02/12/2022 00:58,0
02/12/2022 01:13,0
02/12/2022 01:28,0
02/12/2022 01:42,0
02/12/2022 01:57,0
02/12/2022 02:00,0
02/12/2022 02:15,0
02/12/2022 02:30,0
02/12/2022 02:45,0
02/12/2022 03:00,0
02/12/2022 03:15,0
02/12/2022 03:29,0
02/12/2022 03:44,0
02/12/2022 03:59,0
02/12/2022 04:14,0
02/12/2022 04:29,0
02/12/2022 04:43,0
02/12/2022 04:58,0
02/12/2022 05:13,0
02/12/2022 05:28,0
02/12/2022 05:43,0
02/12/2022 05:58,0
02/12/2022 06:12,0
02/12/2022 06:27,0
02/12/2022 06:42,0
02/12/2022 07:12,0
02/12/2022 07:27,0
02/12/2022 07:41,0
02/12/2022 07:56,0
02/12/2022 08:11,0
02/12/2022 08:26,0
02/12/2022 08:41,0
02/12/2022 08:56,0
02/12/2022 09:10,0
02/12/2022 09:25,0
02/12/2022 09:40,0
02/12/2022 09:55,0
02/12/2022 10:10,0
02/12/2022 10:14,0
02/12/2022 10:28,0
02/12/2022 10:43,0
02/12/2022 10:58,0
02/12/2022 11:13,0
02/12/2022 11:28,0
02/12/2022 11:43,1
02/12/2022 11:57,1
02/12/2022 12:12,3
02/12/2022 12:27,3
02/12/2022 12:42,5
02/12/2022 12:57,8
02/12/2022 13:11,22
02/12/2022 13:26,40
02/12/2022 13:41,37
02/12/2022 13:56,40
02/12/2022 14:11,26
02/12/2022 14:25,14
02/12/2022 14:40,35
02/12/2022 14:44,37
02/12/2022 14:59,28
02/12/2022 15:28,10
02/12/2022 15:43,9
02/12/2022 15:58,23
02/12/2022 16:13,26
02/12/2022 16:28,6
02/12/2022 16:42,4
02/12/2022 16:57,2
02/12/2022 17:12,2
02/12/2022 17:27,0
02/12/2022 17:42,0
02/12/2022 17:56,0
02/12/2022 18:11,0
02/12/2022 18:26,0
02/12/2022 18:41,0
02/12/2022 18:56,0
02/12/2022 19:10,0
02/12/2022 19:25,0
02/12/2022 19:40,0
02/12/2022 19:55,0
02/12/2022 20:10,0
02/12/2022 20:24,0
02/12/2022 20:39,0
02/12/2022 20:54,0
02/12/2022 21:09,0
02/12/2022 21:24,0
02/12/2022 21:53,0
02/12/2022 22:08,0
02/12/2022 22:23,0
02/12/2022 22:38,0
02/12/2022 22:52,0
02/12/2022 23:07,0
02/12/2022 23:22,0
02/12/2022 23:37,0
02/12/2022 23:40,0
02/12/2022 23:55,0
03/12/2022 00:09,0
03/12/2022 00:24,0
03/12/2022 00:28,0
03/12/2022 00:43,0
03/12/2022 00:58,0
03/12/2022 01:13,0
03/12/2022 01:27,0
03/12/2022 01:42,0
03/12/2022 01:57,0
03/12/2022 02:12,0
03/12/2022 02:27,0
03/12/2022 02:41,0
03/12/2022 02:56,0
03/12/2022 03:11,0
03/12/2022 03:26,0
03/12/2022 03:41,0
03/12/2022 03:55,0
03/12/2022 04:10,0
03/12/2022 04:25,0
03/12/2022 04:40,0
03/12/2022 04:55,0
03/12/2022 04:56,0
03/12/2022 05:11,0
03/12/2022 05:26,0
03/12/2022 05:41,0
03/12/2022 05:56,0
03/12/2022 06:10,0
03/12/2022 06:14,0
03/12/2022 06:28,0
03/12/2022 06:43,0
03/12/2022 06:58,0
03/12/2022 07:13,0
03/12/2022 07:28,0
03/12/2022 07:42,0
03/12/2022 07:57,0
03/12/2022 08:00,0
03/12/2022 08:14,0
03/12/2022 08:29,0
03/12/2022 08:44,0
03/12/2022 08:59,0
03/12/2022 09:14,0
03/12/2022 09:29,0
03/12/2022 09:43,0
03/12/2022 09:58,0
03/12/2022 10:13,0
03/12/2022 10:28,0
03/12/2022 10:43,0
03/12/2022 10:58,0
03/12/2022 11:12,0
03/12/2022 11:27,1
03/12/2022 11:42,3
03/12/2022 11:45,4
03/12/2022 12:00,6
03/12/2022 12:15,8
03/12/2022 12:30,10
03/12/2022 12:44,11
03/12/2022 12:59,13
03/12/2022 13:14,15
03/12/2022 13:29,16
03/12/2022 13:44,64
03/12/2022 13:45,79
03/12/2022 14:00,83
03/12/2022 14:15,87
03/12/2022 14:30,88
03/12/2022 14:44,88
03/12/2022 14:59,85
03/12/2022 15:14,81
03/12/2022 15:29,76
03/12/2022 15:44,68
03/12/2022 15:58,59
03/12/2022 16:13,47
03/12/2022 16:28,35
03/12/2022 16:43,21
03/12/2022 16:58,5
03/12/2022 17:13,2
03/12/2022 17:27,1
03/12/2022 17:42,0
03/12/2022 17:57,0
03/12/2022 18:12,0
03/12/2022 18:27,0
03/12/2022 18:42,0
03/12/2022 18:56,0
03/12/2022 19:11,0
03/12/2022 19:26,0
03/12/2022 19:41,0
03/12/2022 19:56,0
03/12/2022 20:11,0
03/12/2022 20:25,0
03/12/2022 20:40,0
03/12/2022 20:55,0
03/12/2022 21:10,0
03/12/2022 21:25,0
03/12/2022 21:40,0
03/12/2022 21:54,0
03/12/2022 22:09,0
03/12/2022 22:24,0
03/12/2022 22:39,0
03/12/2022 22:54,0
03/12/2022 23:09,0
03/12/2022 23:23,0
03/12/2022 23:38,0
03/12/2022 23:53,0
04/12/2022 00:23,0
04/12/2022 00:38,0
04/12/2022 00:52,0
04/12/2022 01:07,0
04/12/2022 01:22,0
04/12/2022 01:37,0
04/12/2022 01:52,0
04/12/2022 02:07,0
04/12/2022 02:21,0
04/12/2022 02:36,0
04/12/2022 02:51,0
04/12/2022 03:06,0
04/12/2022 03:21,0
04/12/2022 03:36,0
04/12/2022 03:50,0
04/12/2022 04:05,0
04/12/2022 04:20,0
04/12/2022 04:35,0
04/12/2022 04:50,0
04/12/2022 05:04,0
04/12/2022 05:19,0
04/12/2022 05:49,0
04/12/2022 06:04,0
04/12/2022 06:19,0
04/12/2022 06:33,0
04/12/2022 06:48,0
04/12/2022 07:03,0
04/12/2022 07:18,0
04/12/2022 07:33,0
04/12/2022 07:48,0
04/12/2022 07:51,0
04/12/2022 08:06,0
04/12/2022 08:21,0
04/12/2022 08:36,0
04/12/2022 08:50,0
04/12/2022 09:05,0
04/12/2022 09:20,0
04/12/2022 09:35,0
04/12/2022 09:50,0
04/12/2022 10:05,0
04/12/2022 10:19,0
04/12/2022 10:34,0
04/12/2022 10:49,0
04/12/2022 11:04,0
04/12/2022 11:19,0
04/12/2022 11:34,1
04/12/2022 11:48,2
04/12/2022 12:03,5
04/12/2022 12:18,8
04/12/2022 12:33,12
04/12/2022 12:48,15
04/12/2022 13:03,14
04/12/2022 13:17,9
04/12/2022 13:32,12
04/12/2022 13:47,15
04/12/2022 14:02,19
04/12/2022 14:17,26
04/12/2022 14:46,19
04/12/2022 15:01,16
04/12/2022 15:16,13
04/12/2022 15:31,13
04/12/2022 15:46,17
04/12/2022 16:01,24
04/12/2022 16:15,18
04/12/2022 16:17,12
04/12/2022 16:32,13
04/12/2022 16:47,5
04/12/2022 17:02,2
04/12/2022 17:17,1
04/12/2022 17:31,0
04/12/2022 17:46,0
04/12/2022 18:01,0
04/12/2022 18:16,0
04/12/2022 18:17,0
04/12/2022 18:32,0
04/12/2022 18:47,0
04/12/2022 19:01,0
04/12/2022 19:16,0
04/12/2022 19:31,0
04/12/2022 19:46,0
04/12/2022 20:01,0
04/12/2022 20:15,0
04/12/2022 20:30,0
04/12/2022 20:45,0
04/12/2022 21:00,0
04/12/2022 21:15,0
04/12/2022 21:30,0
04/12/2022 21:44,0
04/12/2022 21:59,0
04/12/2022 22:14,0
04/12/2022 22:29,0
04/12/2022 22:44,0
04/12/2022 22:58,0
04/12/2022 23:13,0
04/12/2022 23:28,0
04/12/2022 23:43,0
04/12/2022 23:58,0
05/12/2022 00:12,0
05/12/2022 00:27,0
05/12/2022 00:42,0
05/12/2022 00:57,0
05/12/2022 01:12,0
05/12/2022 01:27,0
05/12/2022 01:41,0
05/12/2022 01:56,0
05/12/2022 02:11,0
05/12/2022 02:26,0
05/12/2022 02:41,0
05/12/2022 02:56,0
05/12/2022 03:10,0
05/12/2022 03:25,0
05/12/2022 03:40,0
05/12/2022 03:55,0
05/12/2022 03:58,0
05/12/2022 04:13,0
05/12/2022 04:27,0
05/12/2022 04:42,0
05/12/2022 04:57,0
05/12/2022 05:12,0
05/12/2022 05:27,0
05/12/2022 05:41,0
05/12/2022 05:56,0
05/12/2022 06:11,0
05/12/2022 06:26,0
05/12/2022 06:41,0
05/12/2022 07:12,0
05/12/2022 07:27,0
05/12/2022 07:42,0
05/12/2022 07:57,0
05/12/2022 08:11,0
05/12/2022 08:26,0
05/12/2022 08:41,0
05/12/2022 08:43,0
05/12/2022 08:58,0
05/12/2022 09:13,0
05/12/2022 09:28,0
05/12/2022 09:43,0
05/12/2022 09:57,0
05/12/2022 10:12,0
05/12/2022 10:27,0
05/12/2022 10:42,0
05/12/2022 10:57,0
05/12/2022 11:11,0
05/12/2022 11:41,2
05/12/2022 11:56,4
05/12/2022 12:11,7
05/12/2022 12:25,9
05/12/2022 12:40,11
05/12/2022 12:55,12
05/12/2022 13:10,14
05/12/2022 13:25,17
05/12/2022 13:39,30
05/12/2022 13:54,65
05/12/2022 14:09,77
05/12/2022 14:24,39
05/12/2022 14:39,24
05/12/2022 14:53,26
05/12/2022 15:08,72
05/12/2022 15:23,75
05/12/2022 15:38,68
05/12/2022 15:53,58
05/12/2022 16:07,46
05/12/2022 16:22,33
05/12/2022 16:37,13
05/12/2022 16:52,5
05/12/2022 17:07,3
05/12/2022 17:22,1
05/12/2022 17:36,0
05/12/2022 17:51,0
05/12/2022 18:06,0
05/12/2022 18:21,0
05/12/2022 18:36,0
05/12/2022 18:51,0
05/12/2022 18:53,0
05/12/2022 19:08,0
05/12/2022 19:22,0
05/12/2022 19:37,0
05/12/2022 19:52,0
05/12/2022 20:07,0
05/12/2022 20:22,0
05/12/2022 20:36,0
05/12/2022 20:51,0
05/12/2022 21:06,0
05/12/2022 21:21,0
05/12/2022 21:36,0
05/12/2022 21:50,0
05/12/2022 22:05,0
05/12/2022 22:35,0
05/12/2022 22:50,0
05/12/2022 23:04,0
05/12/2022 23:19,0
05/12/2022 23:34,0
05/12/2022 23:49,0
06/12/2022 00:04,0
06/12/2022 00:18,0
06/12/2022 00:33,0
06/12/2022 00:48,0
06/12/2022 01:03,0
06/12/2022 01:18,0
06/12/2022 01:33,0
06/12/2022 01:47,0
06/12/2022 02:02,0
06/12/2022 02:17,0
06/12/2022 02:32,0
06/12/2022 02:47,0
06/12/2022 02:49,0
06/12/2022 03:04,0
06/12/2022 03:19,0
06/12/2022 03:33,0
06/12/2022 03:48,0
06/12/2022 04:03,0
06/12/2022 04:18,0
06/12/2022 04:33,0
06/12/2022 04:47,0
06/12/2022 05:02,0
06/12/2022 05:17,0
06/12/2022 05:32,0
06/12/2022 06:01,0
06/12/2022 06:16,0
06/12/2022 06:31,0
06/12/2022 06:46,0
06/12/2022 07:01,0
06/12/2022 07:15,0
06/12/2022 07:30,0
06/12/2022 07:45,0
06/12/2022 08:00,0
06/12/2022 08:01,0
06/12/2022 08:16,0
06/12/2022 08:30,0
06/12/2022 08:45,0
06/12/2022 09:00,0
06/12/2022 09:15,0
06/12/2022 09:30,0
06/12/2022 09:44,0
06/12/2022 09:59,0
06/12/2022 10:14,0
06/12/2022 10:29,0
06/12/2022 10:44,0
06/12/2022 11:13,0
06/12/2022 11:28,0
06/12/2022 11:58,3
06/12/2022 12:12,8
06/12/2022 12:15,13
06/12/2022 12:30,15
06/12/2022 12:45,16
06/12/2022 12:59,16
06/12/2022 13:14,19
06/12/2022 13:29,28
06/12/2022 13:44,45
06/12/2022 13:59,51
06/12/2022 14:14,19
06/12/2022 14:43,20
06/12/2022 14:58,16
06/12/2022 15:03,17
06/12/2022 15:18,19
06/12/2022 15:33,21
06/12/2022 15:47,37
06/12/2022 16:02,25
06/12/2022 16:17,13
06/12/2022 16:32,6
06/12/2022 16:47,4
06/12/2022 17:01,2
06/12/2022 17:16,1
06/12/2022 17:31,0
06/12/2022 17:46,0
06/12/2022 18:01,0
06/12/2022 18:15,0
06/12/2022 18:30,0
06/12/2022 18:33,0
06/12/2022 18:48,0
06/12/2022 19:03,0
06/12/2022 19:18,0
06/12/2022 19:33,0
06/12/2022 19:48,0
06/12/2022 20:02,0
06/12/2022 20:17,0
06/12/2022 20:32,0
06/12/2022 20:47,0
06/12/2022 21:02,0
06/12/2022 21:16,0
06/12/2022 21:31,0
06/12/2022 21:46,0
06/12/2022 22:01,0
06/12/2022 22:16,0
06/12/2022 22:31,0
06/12/2022 22:45,0
06/12/2022 23:00,0
06/12/2022 23:15,0
06/12/2022 23:30,0
06/12/2022 23:45,0
07/12/2022 00:00,0
07/12/2022 00:14,0
07/12/2022 00:29,0
07/12/2022 00:44,0
07/12/2022 00:59,0
07/12/2022 01:14,0
07/12/2022 01:29,0
07/12/2022 01:43,0
07/12/2022 01:58,0
07/12/2022 02:13,0
07/12/2022 02:28,0
07/12/2022 02:43,0
07/12/2022 02:58,0
07/12/2022 03:12,0
07/12/2022 03:27,0
07/12/2022 03:42,0
07/12/2022 03:57,0
07/12/2022 04:12,0
07/12/2022 04:27,0
07/12/2022 04:41,0
07/12/2022 04:56,0
07/12/2022 05:11,0
07/12/2022 05:26,0
07/12/2022 05:41,0
07/12/2022 05:56,0
07/12/2022 06:10,0
07/12/2022 06:25,0
07/12/2022 06:40,0
07/12/2022 06:55,0
07/12/2022 07:10,0
07/12/2022 07:25,0
07/12/2022 07:39,0
07/12/2022 07:54,0
07/12/2022 08:09,0
07/12/2022 08:24,0
07/12/2022 08:54,0
07/12/2022 09:08,0
07/12/2022 09:23,0
07/12/2022 09:38,0
07/12/2022 09:53,0
07/12/2022 10:08,0
07/12/2022 10:23,0
07/12/2022 10:37,0
07/12/2022 10:52,0
07/12/2022 11:07,0
07/12/2022 11:22,0
07/12/2022 11:25,1
07/12/2022 11:40,2
07/12/2022 11:55,4
07/12/2022 12:09,6
07/12/2022 12:24,8
07/12/2022 12:39,10
07/12/2022 12:54,12
07/12/2022 13:09,13
07/12/2022 13:24,15
07/12/2022 13:38,16
07/12/2022 13:53,42
07/12/2022 14:08,76
07/12/2022 14:23,78
07/12/2022 14:38,79
07/12/2022 14:53,78
07/12/2022 15:07,74
07/12/2022 15:22,69
07/12/2022 15:37,63
07/12/2022 15:52,54
07/12/2022 16:07,45
07/12/2022 16:22,35
07/12/2022 16:36,21
07/12/2022 16:51,4
07/12/2022 17:06,2
07/12/2022 17:21,1
07/12/2022 17:36,0
07/12/2022 17:51,0
07/12/2022 18:05,0
07/12/2022 18:20,0
07/12/2022 18:35,0
07/12/2022 18:50,0
07/12/2022 19:05,0
07/12/2022 19:20,0
07/12/2022 19:34,0
07/12/2022 19:49,0
07/12/2022 20:04,0
07/12/2022 20:19,0
07/12/2022 20:34,0
07/12/2022 20:49,0
07/12/2022 21:03,0
07/12/2022 21:18,0
07/12/2022 21:33,0
07/12/2022 21:48,0
07/12/2022 22:03,0
07/12/2022 22:17,0
07/12/2022 22:32,0
07/12/2022 22:47,0
07/12/2022 23:02,0
07/12/2022 23:17,0
07/12/2022 23:32,0
07/12/2022 23:46,0
08/12/2022 00:01,0
08/12/2022 00:16,0
08/12/2022 00:31,0
08/12/2022 00:46,0
08/12/2022 01:01,0
08/12/2022 01:15,0
08/12/2022 01:30,0
08/12/2022 01:45,0
08/12/2022 02:00,0
08/12/2022 02:15,0
08/12/2022 02:30,0
08/12/2022 02:44,0
08/12/2022 02:59,0
08/12/2022 03:13,0
08/12/2022 03:27,0
08/12/2022 03:42,0
08/12/2022 03:57,0
08/12/2022 04:12,0
08/12/2022 04:27,0
08/12/2022 04:29,0
08/12/2022 04:58,0
08/12/2022 05:13,0
08/12/2022 05:28,0
08/12/2022 05:43,0
08/12/2022 05:58,0
08/12/2022 06:13,0
08/12/2022 06:27,0
08/12/2022 06:42,0
08/12/2022 06:57,0
08/12/2022 07:12,0
08/12/2022 07:27,0
08/12/2022 07:42,0
08/12/2022 07:56,0
08/12/2022 08:26,0
08/12/2022 08:56,0
08/12/2022 09:10,0
08/12/2022 09:25,0
08/12/2022 09:40,0
08/12/2022 09:55,0
08/12/2022 10:10,0
08/12/2022 10:25,0
08/12/2022 10:39,0
08/12/2022 10:54,0
08/12/2022 10:57,0
08/12/2022 11:12,0
08/12/2022 11:27,0
08/12/2022 11:42,2
08/12/2022 11:57,4
08/12/2022 12:12,6
08/12/2022 12:28,8
08/12/2022 12:43,10
08/12/2022 12:58,12
08/12/2022 13:13,14
08/12/2022 13:28,16
08/12/2022 13:43,17
08/12/2022 13:57,50
08/12/2022 14:12,75
08/12/2022 14:27,77
08/12/2022 14:42,77
08/12/2022 14:57,75
08/12/2022 15:12,72
08/12/2022 15:26,66
08/12/2022 15:41,59
08/12/2022 16:11,40
08/12/2022 16:26,27
08/12/2022 16:41,8
08/12/2022 16:55,3
08/12/2022 17:10,1
08/12/2022 17:25,0
08/12/2022 17:40,0
08/12/2022 17:55,0
08/12/2022 18:10,0
08/12/2022 18:24,0
08/12/2022 18:39,0
08/12/2022 18:54,0
08/12/2022 19:09,0
08/12/2022 19:24,0
08/12/2022 19:39,0
08/12/2022 19:53,0
08/12/2022 20:08,0
08/12/2022 20:23,0
08/12/2022 20:38,0
08/12/2022 20:53,0
08/12/2022 21:07,0
08/12/2022 21:22,0
08/12/2022 21:37,0
08/12/2022 21:52,0
08/12/2022 22:07,0
08/12/2022 22:22,0
08/12/2022 22:36,0
08/12/2022 22:40,0
08/12/2022 22:55,0
08/12/2022 23:10,0
08/12/2022 23:25,0
08/12/2022 23:39,0
08/12/2022 23:54,0
09/12/2022 00:09,0
09/12/2022 00:24,0
09/12/2022 00:39,0
09/12/2022 00:53,0
09/12/2022 01:08,0
09/12/2022 01:23,0
09/12/2022 01:38,0
09/12/2022 01:53,0
09/12/2022 02:08,0
09/12/2022 02:22,0
09/12/2022 02:37,0
09/12/2022 02:52,0
09/12/2022 03:07,0
09/12/2022 03:22,0
09/12/2022 03:37,0
09/12/2022 03:51,0
09/12/2022 04:06,0
09/12/2022 04:21,0
09/12/2022 04:36,0
09/12/2022 04:51,0
09/12/2022 05:06,0
09/12/2022 05:20,0
09/12/2022 05:35,0
09/12/2022 05:50,0
09/12/2022 06:05,0
09/12/2022 06:20,0
09/12/2022 06:35,0
09/12/2022 06:49,0
09/12/2022 07:04,0
09/12/2022 07:19,0
09/12/2022 07:34,0
09/12/2022 07:49,0
09/12/2022 07:51,0
09/12/2022 08:06,0
09/12/2022 08:20,0
09/12/2022 08:35,0
09/12/2022 08:50,0
09/12/2022 09:05,0
09/12/2022 09:20,0
09/12/2022 09:35,0
09/12/2022 09:49,0
09/12/2022 09:52,0
09/12/2022 10:07,0
09/12/2022 10:21,0
09/12/2022 10:36,0
09/12/2022 10:51,0
09/12/2022 11:06,0
09/12/2022 11:21,0
09/12/2022 11:36,1
09/12/2022 11:50,2
09/12/2022 12:05,4
09/12/2022 12:20,7
09/12/2022 12:35,9
09/12/2022 13:05,13
09/12/2022 13:19,14
09/12/2022 13:34,16
09/12/2022 13:49,19
09/12/2022 14:04,64
09/12/2022 14:19,74
09/12/2022 14:34,74
09/12/2022 14:48,74
09/12/2022 15:03,71
09/12/2022 15:05,69
09/12/2022 15:20,66
09/12/2022 15:34,60
09/12/2022 16:04,42
09/12/2022 16:19,31
09/12/2022 16:34,16
09/12/2022 16:49,5
09/12/2022 17:03,2
09/12/2022 17:18,1
09/12/2022 17:33,0
09/12/2022 17:48,0
09/12/2022 18:03,0
09/12/2022 18:18,0
09/12/2022 18:32,0
09/12/2022 18:47,0
09/12/2022 19:02,0
09/12/2022 19:17,0
09/12/2022 19:32,0
09/12/2022 19:47,0
09/12/2022 20:01,0
09/12/2022 20:16,0
09/12/2022 20:19,0
09/12/2022 20:34,0
09/12/2022 20:48,0
09/12/2022 21:03,0
09/12/2022 21:18,0
09/12/2022 21:33,0
09/12/2022 21:48,0
09/12/2022 22:02,0
09/12/2022 22:17,0
09/12/2022 22:32,0
09/12/2022 22:47,0
09/12/2022 23:02,0
09/12/2022 23:16,0
09/12/2022 23:31,0
09/12/2022 23:46,0
09/12/2022 23:49,0
10/12/2022 00:04,0
10/12/2022 00:19,0
10/12/2022 00:49,0
10/12/2022 01:03,0
10/12/2022 01:18,0
10/12/2022 01:33,0
10/12/2022 01:48,0
10/12/2022 02:03,0
10/12/2022 02:17,0
10/12/2022 02:32,0
10/12/2022 02:47,0
10/12/2022 03:02,0
10/12/2022 03:17,0
10/12/2022 03:31,0
10/12/2022 03:46,0
10/12/2022 04:01,0
10/12/2022 04:16,0
10/12/2022 04:31,0
10/12/2022 04:45,0
10/12/2022 05:00,0
10/12/2022 05:15,0
10/12/2022 05:45,0
10/12/2022 05:59,0
10/12/2022 06:14,0
10/12/2022 06:29,0
10/12/2022 06:44,0
10/12/2022 06:49,0
10/12/2022 07:04,0
10/12/2022 07:19,0
10/12/2022 07:33,0
10/12/2022 07:48,0
10/12/2022 08:03,0
10/12/2022 08:18,0
10/12/2022 08:33,0
10/12/2022 08:47,0
10/12/2022 09:02,0
10/12/2022 09:05,0
10/12/2022 09:20,0
10/12/2022 09:34,0
10/12/2022 09:49,0
10/12/2022 10:04,0
10/12/2022 10:19,0
10/12/2022 10:34,0
10/12/2022 10:48,0
10/12/2022 11:03,0
10/12/2022 11:18,0
10/12/2022 11:33,1
10/12/2022 11:48,2
10/12/2022 12:03,4
10/12/2022 12:17,6
10/12/2022 12:32,8
10/12/2022 12:47,10
10/12/2022 13:02,12
10/12/2022 13:17,13
10/12/2022 13:32,14
10/12/2022 13:46,15
10/12/2022 14:01,50
10/12/2022 14:16,76
10/12/2022 14:31,77
10/12/2022 14:46,76
10/12/2022 15:05,72
10/12/2022 15:20,68
10/12/2022 15:34,63
10/12/2022 15:49,55
10/12/2022 16:04,46
10/12/2022 16:19,35
10/12/2022 16:34,22
10/12/2022 16:48,6
10/12/2022 17:03,3
10/12/2022 17:18,1
10/12/2022 17:33,0
10/12/2022 17:48,0
10/12/2022 18:02,0
10/12/2022 18:17,0
10/12/2022 18:32,0
10/12/2022 18:47,0
10/12/2022 19:02,0
10/12/2022 19:16,0
10/12/2022 19:31,0
10/12/2022 19:46,0
10/12/2022 20:01,0
10/12/2022 20:16,0
10/12/2022 20:31,0
10/12/2022 20:45,0
10/12/2022 21:00,0
10/12/2022 21:15,0
10/12/2022 21:30,0
10/12/2022 21:45,0
10/12/2022 22:00,0
10/12/2022 22:14,0
10/12/2022 22:29,0
10/12/2022 22:31,0
10/12/2022 22:46,0
10/12/2022 23:01,0
10/12/2022 23:15,0
10/12/2022 23:30,0
10/12/2022 23:45,0
10/12/2022 23:50,0
11/12/2022 00:05,0
11/12/2022 00:20,0
11/12/2022 00:35,0
11/12/2022 00:50,0
11/12/2022 01:04,0
11/12/2022 01:19,0
11/12/2022 01:34,0
11/12/2022 01:49,0
11/12/2022 02:04,0
11/12/2022 02:18,0
11/12/2022 02:33,0
11/12/2022 02:48,0
11/12/2022 03:03,0
11/12/2022 03:18,0
11/12/2022 03:33,0
11/12/2022 03:47,0
11/12/2022 04:02,0
11/12/2022 04:17,0
11/12/2022 04:32,0
11/12/2022 04:47,0
11/12/2022 05:01,0
11/12/2022 05:16,0
11/12/2022 05:31,0
11/12/2022 05:46,0
11/12/2022 06:01,0
11/12/2022 06:16,0
11/12/2022 06:30,0
11/12/2022 06:45,0
11/12/2022 07:00,0
11/12/2022 07:15,0
11/12/2022 07:30,0
11/12/2022 07:45,0
11/12/2022 07:59,0
11/12/2022 08:14,0
11/12/2022 08:29,0
11/12/2022 08:44,0
11/12/2022 08:59,0
11/12/2022 09:14,0
11/12/2022 09:28,0
11/12/2022 09:43,0
11/12/2022 09:58,0
11/12/2022 10:13,0
11/12/2022 10:28,0
11/12/2022 10:43,0
11/12/2022 10:57,0
11/12/2022 11:12,0
11/12/2022 11:27,0
11/12/2022 11:42,1
11/12/2022 11:57,3
11/12/2022 12:12,5
11/12/2022 12:26,7
11/12/2022 12:41,9
11/12/2022 12:56,11
11/12/2022 13:11,13
11/12/2022 13:26,14
11/12/2022 13:41,16
11/12/2022 13:55,22
11/12/2022 14:10,71
11/12/2022 14:25,75
11/12/2022 14:40,75
11/12/2022 14:55,74
11/12/2022 15:10,70
11/12/2022 15:24,65
11/12/2022 15:39,59
11/12/2022 15:44,54
11/12/2022 15:59,48
11/12/2022 16:14,38
11/12/2022 16:29,24
11/12/2022 16:44,7
11/12/2022 16:58,3
11/12/2022 17:13,1
11/12/2022 17:28,0
11/12/2022 17:43,0
11/12/2022 17:58,0
11/12/2022 18:13,0
11/12/2022 18:27,0
11/12/2022 18:42,0
11/12/2022 18:57,0
11/12/2022 19:12,0
11/12/2022 19:27,0
11/12/2022 19:42,0
11/12/2022 19:56,0
11/12/2022 20:11,0
11/12/2022 20:41,0
11/12/2022 20:56,0
11/12/2022 21:11,0
11/12/2022 21:25,0
11/12/2022 21:40,0
11/12/2022 21:55,0
11/12/2022 22:10,0
11/12/2022 22:25,0
11/12/2022 22:40,0
11/12/2022 22:54,0
11/12/2022 23:09,0
11/12/2022 23:24,0
11/12/2022 23:39,0
11/12/2022 23:54,0
12/12/2022 00:09,0
12/12/2022 00:23,0
12/12/2022 00:38,0
12/12/2022 00:53,0
12/12/2022 01:08,0
12/12/2022 01:23,0
12/12/2022 01:38,0
12/12/2022 01:52,0
12/12/2022 02:07,0
12/12/2022 02:22,0
12/12/2022 02:37,0
12/12/2022 02:40,0
12/12/2022 02:54,0
12/12/2022 03:09,0
12/12/2022 03:24,0
12/12/2022 03:39,0
12/12/2022 03:54,0
12/12/2022 04:08,0
12/12/2022 04:23,0
12/12/2022 04:38,0
12/12/2022 04:53,0
12/12/2022 05:08,0
12/12/2022 05:22,0
12/12/2022 05:37,0
12/12/2022 05:52,0
12/12/2022 06:07,0
12/12/2022 06:22,0
12/12/2022 06:36,0
12/12/2022 06:51,0
12/12/2022 07:06,0
12/12/2022 07:21,0
12/12/2022 07:36,0
12/12/2022 07:50,0
12/12/2022 08:05,0
12/12/2022 08:20,0
12/12/2022 08:35,0
12/12/2022 08:50,0
12/12/2022 09:05,0
12/12/2022 09:19,0
12/12/2022 09:34,0
12/12/2022 09:49,0
12/12/2022 10:04,0
12/12/2022 10:19,0
12/12/2022 10:33,0
12/12/2022 10:48,0
12/12/2022 11:03,0
12/12/2022 11:18,0
12/12/2022 11:33,0
12/12/2022 11:47,1
12/12/2022 12:02,3
12/12/2022 12:17,5
12/12/2022 12:32,8
12/12/2022 12:47,10
12/12/2022 13:01,12
12/12/2022 13:16,14
12/12/2022 13:31,16
12/12/2022 13:46,17
12/12/2022 13:47,18
12/12/2022 14:01,35
12/12/2022 14:16,68
12/12/2022 14:31,70
12/12/2022 14:46,70
12/12/2022 15:01,69
12/12/2022 15:15,64
12/12/2022 15:30,58
12/12/2022 15:45,49
12/12/2022 16:00,31
12/12/2022 16:15,9
12/12/2022 16:44,4
12/12/2022 16:59,2
12/12/2022 17:14,1
12/12/2022 17:29,0
12/12/2022 17:44,0
12/12/2022 17:59,0
12/12/2022 18:13,0
12/12/2022 18:28,0
12/12/2022 18:43,0
12/12/2022 18:58,0
12/12/2022 19:13,0
12/12/2022 19:27,0
12/12/2022 19:42,0
12/12/2022 19:57,0
12/12/2022 20:12,0
12/12/2022 20:27,0
12/12/2022 20:42,0
12/12/2022 20:56,0
12/12/2022 21:11,0
12/12/2022 21:41,0
12/12/2022 21:56,0
12/12/2022 22:11,0
12/12/2022 22:25,0
12/12/2022 22:40,0
12/12/2022 22:55,0
12/12/2022 23:10,0
12/12/2022 23:40,0
12/12/2022 23:54,0
13/12/2022 00:09,0
13/12/2022 00:24,0
13/12/2022 00:39,0
13/12/2022 00:54,0
13/12/2022 01:09,0
13/12/2022 01:23,0
13/12/2022 01:38,0
13/12/2022 01:53,0
13/12/2022 02:08,0
13/12/2022 02:23,0
13/12/2022 02:38,0
13/12/2022 02:52,0
13/12/2022 03:07,0
13/12/2022 03:22,0
13/12/2022 03:37,0
13/12/2022 03:52,0
13/12/2022 04:07,0
13/12/2022 04:21,0
13/12/2022 04:36,0
13/12/2022 04:51,0
13/12/2022 05:06,0
13/12/2022 05:21,0
13/12/2022 05:36,0
13/12/2022 05:50,0
13/12/2022 06:05,0
13/12/2022 06:20,0
13/12/2022 06:35,0
13/12/2022 06:50,0
13/12/2022 07:05,0
13/12/2022 07:19,0
13/12/2022 07:34,0
13/12/2022 07:49,0
13/12/2022 08:04,0
13/12/2022 08:19,0
13/12/2022 08:21,0
13/12/2022 08:35,0
13/12/2022 08:50,0
13/12/2022 09:05,0
13/12/2022 09:20,0
13/12/2022 09:35,0
13/12/2022 09:49,0
13/12/2022 10:04,0
13/12/2022 10:19,0
13/12/2022 10:34,0
13/12/2022 10:49,0
13/12/2022 11:04,0
13/12/2022 11:18,0
13/12/2022 11:20,0
13/12/2022 11:35,0
13/12/2022 11:50,1
13/12/2022 12:05,3
13/12/2022 12:19,5
13/12/2022 12:34,8
13/12/2022 12:49,10
13/12/2022 13:04,13
13/12/2022 13:19,16
13/12/2022 13:34,21
13/12/2022 13:48,26
13/12/2022 13:50,25
13/12/2022 14:05,42
13/12/2022 14:20,63
13/12/2022 14:34,64
13/12/2022 14:49,64
13/12/2022 15:04,61
13/12/2022 15:19,56
13/12/2022 15:34,50
13/12/2022 15:49,43
13/12/2022 16:03,34
13/12/2022 16:18,25
13/12/2022 16:33,10
13/12/2022 16:48,4
13/12/2022 17:03,2
13/12/2022 17:18,1
13/12/2022 17:32,0
13/12/2022 17:47,0
13/12/2022 18:02,0
13/12/2022 18:17,0
13/12/2022 18:32,0
13/12/2022 18:47,0
13/12/2022 19:01,0
13/12/2022 19:16,0
13/12/2022 19:31,0
13/12/2022 19:46,0
13/12/2022 20:01,0
13/12/2022 20:16,0
13/12/2022 20:30,0
13/12/2022 20:45,0
13/12/2022 21:00,0
13/12/2022 21:02,0
13/12/2022 21:17,0
13/12/2022 21:32,0
13/12/2022 21:47,0
13/12/2022 22:02,0
13/12/2022 22:16,0
13/12/2022 22:31,0
13/12/2022 22:46,0
13/12/2022 23:01,0
13/12/2022 23:16,0
13/12/2022 23:31,0
13/12/2022 23:45,0
14/12/2022 00:00,0
14/12/2022 00:15,0
14/12/2022 00:30,0
14/12/2022 00:45,0
14/12/2022 01:00,0
14/12/2022 01:14,0
14/12/2022 01:29,0
14/12/2022 01:44,0
14/12/2022 01:59,0
14/12/2022 02:14,0
14/12/2022 02:29,0
14/12/2022 02:43,0
14/12/2022 02:58,0
14/12/2022 03:13,0
14/12/2022 03:28,0
14/12/2022 03:43,0
14/12/2022 03:58,0
14/12/2022 04:12,0
14/12/2022 04:27,0
14/12/2022 04:42,0
14/12/2022 04:57,0
14/12/2022 05:27,0
14/12/2022 05:41,0
14/12/2022 05:56,0
14/12/2022 06:11,0
14/12/2022 06:26,0
14/12/2022 06:41,0
14/12/2022 06:56,0
14/12/2022 07:01,0
14/12/2022 07:16,0
14/12/2022 07:31,0
14/12/2022 07:46,0
14/12/2022 08:15,0
14/12/2022 08:30,0
14/12/2022 08:45,0
14/12/2022 09:00,0
14/12/2022 09:15,0
14/12/2022 09:29,0
14/12/2022 09:44,0
14/12/2022 09:59,0
14/12/2022 10:14,0
14/12/2022 10:29,0
14/12/2022 10:44,0
14/12/2022 10:58,0
14/12/2022 11:13,0
14/12/2022 11:28,0
14/12/2022 11:43,0
14/12/2022 11:58,2
14/12/2022 12:13,3
14/12/2022 12:16,5
14/12/2022 12:31,6
14/12/2022 12:46,8
14/12/2022 13:01,11
14/12/2022 13:16,13
14/12/2022 13:30,19
14/12/2022 13:45,27
14/12/2022 14:00,34
14/12/2022 14:15,38
14/12/2022 14:30,52
14/12/2022 14:45,62
14/12/2022 14:59,41
14/12/2022 15:14,50
14/12/2022 15:29,56
14/12/2022 15:44,24
14/12/2022 15:59,11
14/12/2022 16:14,8
14/12/2022 16:28,6
14/12/2022 16:43,4
14/12/2022 16:58,2
14/12/2022 17:13,1
14/12/2022 17:28,0
14/12/2022 17:42,0
14/12/2022 17:57,0
14/12/2022 18:12,0
14/12/2022 18:27,0
14/12/2022 18:42,0
14/12/2022 18:57,0
14/12/2022 19:11,0
14/12/2022 19:26,0
14/12/2022 19:41,0
14/12/2022 19:56,0
14/12/2022 20:11,0
14/12/2022 20:26,0
14/12/2022 20:40,0
14/12/2022 20:55,0
14/12/2022 21:10,0
14/12/2022 21:25,0
14/12/2022 21:40,0
14/12/2022 21:55,0
14/12/2022 22:09,0
14/12/2022 22:24,0
14/12/2022 22:39,0
14/12/2022 22:54,0
14/12/2022 23:09,0
14/12/2022 23:24,0
14/12/2022 23:38,0
14/12/2022 23:53,0
15/12/2022 00:08,0
15/12/2022 00:23,0
15/12/2022 00:38,0
15/12/2022 00:53,0
15/12/2022 01:07,0
15/12/2022 01:22,0
15/12/2022 01:37,0
15/12/2022 01:52,0
15/12/2022 02:07,0
15/12/2022 02:22,0
15/12/2022 02:36,0
15/12/2022 02:51,0
15/12/2022 03:06,0
15/12/2022 03:21,0
15/12/2022 03:36,0
15/12/2022 03:51,0
15/12/2022 04:05,0
15/12/2022 04:20,0
15/12/2022 04:35,0
15/12/2022 04:50,0
15/12/2022 05:05,0
15/12/2022 05:20,0
15/12/2022 05:34,0
15/12/2022 05:49,0
15/12/2022 06:04,0
15/12/2022 06:19,0
15/12/2022 06:34,0
15/12/2022 06:49,0
15/12/2022 07:03,0
15/12/2022 07:18,0
15/12/2022 07:33,0
15/12/2022 07:48,0
15/12/2022 08:03,0
15/12/2022 08:18,0
15/12/2022 08:32,0
15/12/2022 08:47,0
15/12/2022 09:02,0
15/12/2022 09:17,0
15/12/2022 09:32,0
15/12/2022 09:47,0
15/12/2022 10:01,0
15/12/2022 10:16,0
15/12/2022 10:31,0
15/12/2022 10:46,0
15/12/2022 11:16,0
15/12/2022 11:30,0
15/12/2022 11:45,0
15/12/2022 12:00,1
15/12/2022 12:15,2
15/12/2022 12:30,3
15/12/2022 12:44,4
15/12/2022 12:59,5
15/12/2022 13:14,7
15/12/2022 13:29,9
15/12/2022 13:44,11
15/12/2022 13:59,12
15/12/2022 14:13,15
15/12/2022 14:28,21
15/12/2022 14:43,17
15/12/2022 14:58,16
15/12/2022 15:13,15
15/12/2022 15:28,16
15/12/2022 15:42,14
15/12/2022 15:57,12
15/12/2022 16:12,9
15/12/2022 16:27,6
15/12/2022 16:42,4
15/12/2022 16:57,2
15/12/2022 17:11,0
15/12/2022 17:26,0
15/12/2022 17:41,0
15/12/2022 17:56,0
15/12/2022 18:11,0
15/12/2022 18:26,0
15/12/2022 18:40,0
15/12/2022 18:55,0
15/12/2022 19:10,0
15/12/2022 19:25,0
15/12/2022 19:40,0
15/12/2022 19:55,0
15/12/2022 20:09,0
15/12/2022 20:24,0
15/12/2022 20:39,0
15/12/2022 20:54,0
15/12/2022 21:09,0
15/12/2022 21:24,0
15/12/2022 21:38,0
15/12/2022 21:53,0
15/12/2022 22:08,0
15/12/2022 22:23,0
15/12/2022 22:38,0
15/12/2022 22:53,0
15/12/2022 23:07,0
15/12/2022 23:22,0
15/12/2022 23:37,0
15/12/2022 23:52,0
16/12/2022 00:07,0
16/12/2022 00:22,0
16/12/2022 00:36,0
16/12/2022 00:51,0
16/12/2022 01:06,0
16/12/2022 01:21,0
16/12/2022 01:36,0
16/12/2022 01:51,0
16/12/2022 02:05,0
16/12/2022 02:20,0
16/12/2022 02:35,0
16/12/2022 02:50,0
16/12/2022 03:05,0
16/12/2022 03:20,0
16/12/2022 03:53,0
16/12/2022 04:08,0
16/12/2022 04:23,0
16/12/2022 04:37,0
16/12/2022 04:52,0
16/12/2022 05:07,0
16/12/2022 05:22,0
16/12/2022 05:24,0
16/12/2022 05:39,0
16/12/2022 05:54,0
16/12/2022 06:23,0
16/12/2022 06:38,0
16/12/2022 06:53,0
16/12/2022 07:08,0
16/12/2022 07:23,0
16/12/2022 07:38,0
16/12/2022 07:52,0
16/12/2022 08:07,0
16/12/2022 08:22,0
16/12/2022 08:37,0
16/12/2022 08:52,0
16/12/2022 09:07,0
16/12/2022 09:21,0
16/12/2022 09:36,0
16/12/2022 09:51,0
16/12/2022 10:06,0
16/12/2022 10:21,0
16/12/2022 10:36,0
16/12/2022 10:50,0
16/12/2022 11:05,0
16/12/2022 11:20,0
16/12/2022 11:50,0
16/12/2022 12:05,2
16/12/2022 12:19,3
16/12/2022 12:34,3
16/12/2022 12:49,5
16/12/2022 13:04,8
16/12/2022 13:19,10
16/12/2022 13:34,12
16/12/2022 13:48,14
16/12/2022 14:03,18
16/12/2022 14:18,22
16/12/2022 14:33,25
16/12/2022 14:48,21
16/12/2022 15:17,14
16/12/2022 15:32,13
16/12/2022 15:47,10
16/12/2022 16:02,9
16/12/2022 16:17,6
16/12/2022 16:31,3
16/12/2022 16:46,2
16/12/2022 17:01,0
16/12/2022 17:16,0
16/12/2022 17:31,0
16/12/2022 17:46,0
16/12/2022 18:00,0
16/12/2022 18:15,0
16/12/2022 18:30,0
16/12/2022 18:33,0
16/12/2022 18:48,0
16/12/2022 19:02,0
16/12/2022 19:17,0
16/12/2022 19:32,0
16/12/2022 19:47,0
16/12/2022 20:02,0
16/12/2022 20:17,0
16/12/2022 20:31,0
16/12/2022 20:46,0
16/12/2022 21:01,0
16/12/2022 21:16,0
16/12/2022 21:31,0
16/12/2022 21:46,0
16/12/2022 22:00,0
16/12/2022 22:15,0
16/12/2022 22:30,0
16/12/2022 22:45,0
16/12/2022 23:00,0
16/12/2022 23:15,0
16/12/2022 23:29,0
16/12/2022 23:33,0
16/12/2022 23:48,0
17/12/2022 00:03,0
17/12/2022 00:17,0
17/12/2022 00:32,0
17/12/2022 00:47,0
17/12/2022 01:02,0
17/12/2022 01:17,0
17/12/2022 01:32,0
17/12/2022 01:46,0
17/12/2022 02:01,0
17/12/2022 02:16,0
17/12/2022 02:31,0
17/12/2022 02:46,0
17/12/2022 03:01,0
17/12/2022 03:15,0
17/12/2022 03:19,0
17/12/2022 03:34,0
17/12/2022 03:49,0
17/12/2022 04:04,0
17/12/2022 04:19,0
17/12/2022 04:34,0
17/12/2022 04:48,0
17/12/2022 05:03,0
17/12/2022 05:18,0
17/12/2022 05:33,0
17/12/2022 05:48,0
17/12/2022 06:03,0
17/12/2022 06:17,0
17/12/2022 06:32,0
17/12/2022 06:47,0
17/12/2022 07:02,0
17/12/2022 07:17,0
17/12/2022 07:32,0
17/12/2022 07:46,0
17/12/2022 08:01,0
17/12/2022 08:16,0
17/12/2022 08:31,0
17/12/2022 08:46,0
17/12/2022 09:01,0
17/12/2022 09:15,0
17/12/2022 09:30,0
17/12/2022 09:45,0
17/12/2022 10:00,0
17/12/2022 10:15,0
17/12/2022 10:30,0
17/12/2022 10:44,0
17/12/2022 10:59,0
17/12/2022 11:14,0
17/12/2022 11:29,0
17/12/2022 11:44,0
17/12/2022 11:58,0
17/12/2022 12:13,0
17/12/2022 12:28,0
17/12/2022 12:43,2
17/12/2022 12:58,3
17/12/2022 13:13,5
17/12/2022 13:27,6
17/12/2022 13:42,8
17/12/2022 13:57,8
17/12/2022 14:12,9
17/12/2022 14:27,14
17/12/2022 14:42,15
17/12/2022 14:56,12
17/12/2022 15:11,16
17/12/2022 15:26,15
17/12/2022 15:41,11
17/12/2022 15:56,10
17/12/2022 16:11,6
17/12/2022 16:25,3
17/12/2022 16:40,2
17/12/2022 16:55,1
17/12/2022 17:10,0
17/12/2022 17:25,0
17/12/2022 17:40,0
17/12/2022 17:54,0
17/12/2022 18:09,0
17/12/2022 18:24,0
17/12/2022 18:39,0
17/12/2022 18:54,0
17/12/2022 19:09,0
17/12/2022 19:23,0
17/12/2022 19:38,0
17/12/2022 19:53,0
17/12/2022 20:08,0
17/12/2022 20:23,0
17/12/2022 20:38,0
17/12/2022 20:52,0
17/12/2022 21:07,0
17/12/2022 21:22,0
17/12/2022 21:37,0
17/12/2022 21:52,0
17/12/2022 22:07,0
17/12/2022 22:21,0
17/12/2022 22:36,0
17/12/2022 22:51,0
17/12/2022 23:06,0
17/12/2022 23:21,0
17/12/2022 23:36,0
17/12/2022 23:50,0
18/12/2022 00:05,0
18/12/2022 00:20,0
18/12/2022 00:35,0
18/12/2022 00:50,0
18/12/2022 01:05,0
18/12/2022 01:19,0
18/12/2022 01:34,0
18/12/2022 01:49,0
18/12/2022 02:04,0
18/12/2022 02:19,0
18/12/2022 02:34,0
18/12/2022 02:48,0
18/12/2022 03:03,0
18/12/2022 03:18,0
18/12/2022 03:33,0
18/12/2022 03:48,0
18/12/2022 04:03,0
18/12/2022 04:17,0
18/12/2022 04:32,0
18/12/2022 04:47,0
18/12/2022 05:02,0
18/12/2022 05:03,0
18/12/2022 05:18,0
18/12/2022 05:33,0
18/12/2022 05:48,0
18/12/2022 06:03,0
18/12/2022 06:17,0
18/12/2022 06:32,0
18/12/2022 06:47,0
18/12/2022 07:02,0
18/12/2022 07:17,0
18/12/2022 07:31,0
18/12/2022 07:46,0
18/12/2022 08:01,0
18/12/2022 08:16,0
18/12/2022 08:31,0
18/12/2022 08:46,0
18/12/2022 09:00,0
18/12/2022 09:15,0
18/12/2022 09:16,0
18/12/2022 09:31,0
18/12/2022 09:46,0
18/12/2022 10:01,0
18/12/2022 10:16,0
18/12/2022 10:31,0
18/12/2022 10:45,0
18/12/2022 11:15,0
18/12/2022 11:30,0
18/12/2022 11:45,0
18/12/2022 12:00,1
18/12/2022 12:14,3
18/12/2022 12:29,5
18/12/2022 12:44,7
18/12/2022 12:59,10
18/12/2022 13:14,12
18/12/2022 13:29,15
18/12/2022 13:43,17
18/12/2022 13:58,20
18/12/2022 14:13,42
18/12/2022 14:28,58
18/12/2022 14:43,66
18/12/2022 14:58,70
18/12/2022 15:12,47
18/12/2022 15:27,26
18/12/2022 15:42,16
18/12/2022 15:57,10
18/12/2022 16:12,7
18/12/2022 16:27,5
18/12/2022 16:41,3
18/12/2022 16:56,2
18/12/2022 17:11,1
18/12/2022 17:26,0
18/12/2022 17:41,0
18/12/2022 17:56,0
18/12/2022 18:10,0
18/12/2022 18:25,0
18/12/2022 18:40,0
18/12/2022 18:55,0
18/12/2022 19:10,0
18/12/2022 19:24,0
18/12/2022 19:39,0
18/12/2022 19:54,0
18/12/2022 20:09,0
18/12/2022 20:24,0
18/12/2022 20:39,0
18/12/2022 20:53,0
18/12/2022 21:08,0
18/12/2022 21:23,0
18/12/2022 21:38,0
18/12/2022 21:53,0
18/12/2022 22:08,0
18/12/2022 22:22,0
18/12/2022 22:37,0
18/12/2022 22:52,0
18/12/2022 23:07,0
18/12/2022 23:22,0
18/12/2022 23:37,0
18/12/2022 23:51,0
19/12/2022 00:06,0
19/12/2022 00:21,0
19/12/2022 00:36,0
19/12/2022 00:38,0
19/12/2022 00:53,0
19/12/2022 01:08,0
19/12/2022 01:23,0
19/12/2022 01:38,0
19/12/2022 02:07,0
19/12/2022 02:22,0
19/12/2022 02:37,0
19/12/2022 02:52,0
19/12/2022 03:07,0
19/12/2022 03:22,0
19/12/2022 03:36,0
19/12/2022 03:51,0
19/12/2022 04:06,0
19/12/2022 04:21,0
19/12/2022 04:36,0
19/12/2022 04:51,0
19/12/2022 05:05,0
19/12/2022 05:20,0
19/12/2022 05:35,0
19/12/2022 05:50,0
19/12/2022 06:05,0
19/12/2022 06:20,0
19/12/2022 06:34,0
19/12/2022 06:49,0
19/12/2022 07:04,0
19/12/2022 07:19,0
19/12/2022 07:34,0
19/12/2022 07:49,0
19/12/2022 08:03,0
19/12/2022 08:18,0
19/12/2022 08:33,0
19/12/2022 08:48,0
19/12/2022 09:03,0
19/12/2022 09:17,0
19/12/2022 09:32,0
19/12/2022 09:47,0
19/12/2022 10:02,0
19/12/2022 10:17,0
19/12/2022 10:32,0
19/12/2022 10:46,0
19/12/2022 11:01,0
19/12/2022 11:16,0
19/12/2022 11:31,0
19/12/2022 11:46,0
19/12/2022 12:01,0
19/12/2022 12:15,2
19/12/2022 12:30,5
19/12/2022 12:45,8
19/12/2022 13:00,11
19/12/2022 13:15,13
19/12/2022 13:30,13
19/12/2022 13:44,12
19/12/2022 13:59,12
19/12/2022 14:14,16
19/12/2022 14:29,15
19/12/2022 14:44,11
19/12/2022 14:59,17
19/12/2022 15:13,20
19/12/2022 15:28,22
19/12/2022 15:43,21
19/12/2022 15:58,14
19/12/2022 16:13,8
19/12/2022 16:28,5
19/12/2022 16:42,2
19/12/2022 16:57,1
19/12/2022 17:12,0
19/12/2022 17:27,0
19/12/2022 17:42,0
19/12/2022 17:57,0
19/12/2022 18:11,0
19/12/2022 18:26,0
19/12/2022 18:41,0
19/12/2022 18:56,0
19/12/2022 19:11,0
19/12/2022 19:26,0
19/12/2022 19:40,0
19/12/2022 19:55,0
19/12/2022 20:10,0
19/12/2022 20:25,0
19/12/2022 20:40,0
19/12/2022 20:55,0
19/12/2022 21:09,0
19/12/2022 21:24,0
19/12/2022 21:39,0
19/12/2022 21:54,0
19/12/2022 22:09,0
19/12/2022 22:24,0
19/12/2022 22:38,0
19/12/2022 22:53,0
19/12/2022 23:08,0
19/12/2022 23:23,0
19/12/2022 23:53,0
20/12/2022 00:07,0
20/12/2022 00:22,0
20/12/2022 00:37,0
20/12/2022 00:52,0
20/12/2022 01:07,0
20/12/2022 01:09,0
20/12/2022 01:23,0
20/12/2022 01:38,0
20/12/2022 01:53,0
20/12/2022 02:08,0
20/12/2022 02:23,0
20/12/2022 02:38,0
20/12/2022 02:52,0
20/12/2022 03:07,0
20/12/2022 03:22,0
20/12/2022 03:41,0
20/12/2022 03:56,0
20/12/2022 04:11,0
20/12/2022 04:26,0
20/12/2022 04:41,0
20/12/2022 04:56,0
20/12/2022 05:10,0
20/12/2022 05:25,0
20/12/2022 05:40,0
20/12/2022 05:55,0
20/12/2022 06:10,0
20/12/2022 06:25,0
20/12/2022 06:39,0
20/12/2022 06:54,0
20/12/2022 07:09,0
20/12/2022 07:24,0
20/12/2022 08:08,0
20/12/2022 08:12,0
20/12/2022 08:27,0
20/12/2022 08:41,0
20/12/2022 08:56,0
20/12/2022 09:11,0
20/12/2022 09:26,0
20/12/2022 09:41,0
20/12/2022 09:56,0
20/12/2022 10:10,0
20/12/2022 10:12,0
20/12/2022 10:27,0
20/12/2022 10:41,0
20/12/2022 10:56,0
20/12/2022 11:11,0
20/12/2022 11:26,0
20/12/2022 11:41,0
20/12/2022 11:55,0
20/12/2022 12:10,1
20/12/2022 12:25,2
20/12/2022 12:40,3
20/12/2022 12:55,5
20/12/2022 13:10,6
20/12/2022 13:24,9
20/12/2022 13:39,11
20/12/2022 13:40,11
20/12/2022 13:55,11
20/12/2022 14:39,14
20/12/2022 14:54,12
20/12/2022 15:09,9
20/12/2022 15:24,9
20/12/2022 15:39,9
20/12/2022 15:54,6
20/12/2022 16:08,5
20/12/2022 16:23,4
20/12/2022 16:38,2
20/12/2022 16:53,1
20/12/2022 17:08,0
20/12/2022 17:23,0
20/12/2022 17:37,0
20/12/2022 17:52,0
20/12/2022 18:07,0
20/12/2022 18:22,0
20/12/2022 18:52,0
20/12/2022 19:06,0
20/12/2022 19:21,0
20/12/2022 19:36,0
20/12/2022 19:51,0
20/12/2022 20:06,0
20/12/2022 20:21,0
20/12/2022 20:35,0
20/12/2022 20:50,0
20/12/2022 21:05,0
20/12/2022 21:20,0
20/12/2022 21:35,0
20/12/2022 21:50,0
20/12/2022 22:04,0
20/12/2022 22:19,0
20/12/2022 22:34,0
20/12/2022 22:49,0
20/12/2022 23:04,0
20/12/2022 23:19,0
20/12/2022 23:33,0
20/12/2022 23:48,0
21/12/2022 00:03,0
21/12/2022 00:18,0
21/12/2022 00:33,0
21/12/2022 00:48,0
21/12/2022 01:02,0
21/12/2022 01:17,0
21/12/2022 01:32,0
21/12/2022 01:47,0
21/12/2022 02:02,0
21/12/2022 02:16,0
21/12/2022 02:31,0
21/12/2022 02:46,0
21/12/2022 03:01,0
21/12/2022 03:16,0
21/12/2022 03:31,0
21/12/2022 03:45,0
21/12/2022 04:00,0
21/12/2022 04:15,0
21/12/2022 04:30,0
21/12/2022 04:45,0
21/12/2022 05:00,0
21/12/2022 05:14,0
21/12/2022 05:29,0
21/12/2022 05:44,0
21/12/2022 05:59,0
21/12/2022 06:14,0
21/12/2022 06:29,0
21/12/2022 06:43,0
21/12/2022 06:58,0
21/12/2022 07:13,0
21/12/2022 07:28,0
21/12/2022 07:43,0
21/12/2022 07:58,0
21/12/2022 08:12,0
21/12/2022 08:27,0
21/12/2022 08:42,0
21/12/2022 08:57,0
21/12/2022 09:12,0
21/12/2022 09:27,0
21/12/2022 09:41,0
21/12/2022 09:56,0
21/12/2022 10:11,0
21/12/2022 10:26,0
21/12/2022 10:41,0
21/12/2022 10:56,0
21/12/2022 11:25,0
21/12/2022 11:40,0
21/12/2022 11:55,1
21/12/2022 12:10,2
21/12/2022 12:25,4
21/12/2022 12:39,5
21/12/2022 12:54,7
21/12/2022 13:09,9
21/12/2022 13:24,11
21/12/2022 13:39,12
21/12/2022 13:54,14
21/12/2022 14:08,18
21/12/2022 14:23,33
21/12/2022 14:38,41
21/12/2022 14:53,58
21/12/2022 15:08,59
21/12/2022 15:23,56
21/12/2022 15:37,49
21/12/2022 15:52,41
21/12/2022 16:07,31
21/12/2022 16:22,12
21/12/2022 16:37,5
21/12/2022 16:52,3
21/12/2022 17:06,1
21/12/2022 17:21,0
21/12/2022 17:36,0
21/12/2022 17:51,0
21/12/2022 18:06,0
21/12/2022 18:21,0
21/12/2022 18:35,0
21/12/2022 18:50,0
21/12/2022 19:05,0
21/12/2022 19:20,0
21/12/2022 19:35,0
21/12/2022 19:49,0
21/12/2022 20:04,0
21/12/2022 20:19,0
21/12/2022 20:34,0
21/12/2022 21:04,0
21/12/2022 21:18,0
21/12/2022 21:33,0
21/12/2022 21:48,0
21/12/2022 22:03,0
21/12/2022 22:18,0
21/12/2022 22:33,0
21/12/2022 22:47,0
21/12/2022 23:02,0
21/12/2022 23:17,0
21/12/2022 23:32,0
21/12/2022 23:47,0
22/12/2022 00:02,0
22/12/2022 00:16,0
22/12/2022 00:31,0
22/12/2022 00:46,0
22/12/2022 00:49,0
22/12/2022 01:04,0
22/12/2022 01:19,0
22/12/2022 01:34,0
22/12/2022 01:48,0
22/12/2022 02:03,0
22/12/2022 02:18,0
22/12/2022 02:33,0
22/12/2022 02:48,0
22/12/2022 03:03,0
22/12/2022 03:17,0
22/12/2022 03:32,0
22/12/2022 03:47,0
22/12/2022 04:02,0
22/12/2022 04:17,0
22/12/2022 04:32,0
22/12/2022 04:46,0
22/12/2022 05:01,0
22/12/2022 05:16,0
22/12/2022 05:31,0
22/12/2022 05:46,0
22/12/2022 06:01,0
22/12/2022 06:15,0
22/12/2022 06:30,0
22/12/2022 06:45,0
22/12/2022 07:00,0
22/12/2022 07:15,0
22/12/2022 07:30,0
22/12/2022 07:44,0
22/12/2022 07:59,0
22/12/2022 08:14,0
22/12/2022 08:29,0
22/12/2022 08:44,0
22/12/2022 08:59,0
22/12/2022 09:13,0
22/12/2022 09:28,0
22/12/2022 09:43,0
22/12/2022 09:58,0
22/12/2022 10:13,0
22/12/2022 10:28,0
22/12/2022 10:42,0
22/12/2022 10:57,0
22/12/2022 11:12,0
22/12/2022 11:27,0
22/12/2022 11:42,0
22/12/2022 11:57,1
22/12/2022 12:11,3
22/12/2022 12:26,5
22/12/2022 12:41,6
22/12/2022 12:56,8
22/12/2022 13:11,9
22/12/2022 13:26,13
22/12/2022 13:40,20
22/12/2022 13:55,18
22/12/2022 14:10,17
22/12/2022 14:25,15
22/12/2022 14:40,16
22/12/2022 14:55,16
22/12/2022 15:09,17
22/12/2022 15:24,17
22/12/2022 15:39,17
22/12/2022 16:09,11
22/12/2022 16:11,9
22/12/2022 16:26,7
22/12/2022 16:41,5
22/12/2022 16:56,3
22/12/2022 17:10,1
22/12/2022 17:25,0
22/12/2022 17:40,0
22/12/2022 17:55,0
22/12/2022 18:10,0
22/12/2022 18:25,0
22/12/2022 18:54,0
22/12/2022 19:09,0
22/12/2022 19:24,0
22/12/2022 19:39,0
22/12/2022 19:54,0
22/12/2022 20:08,0
22/12/2022 20:23,0
22/12/2022 20:38,0
22/12/2022 20:53,0
22/12/2022 21:08,0
22/12/2022 21:23,0
22/12/2022 21:37,0
22/12/2022 21:52,0
22/12/2022 22:07,0
22/12/2022 22:22,0
22/12/2022 22:37,0
22/12/2022 22:52,0
22/12/2022 22:55,0
22/12/2022 23:10,0
22/12/2022 23:24,0
22/12/2022 23:39,0
22/12/2022 23:54,0
23/12/2022 00:09,0
23/12/2022 00:24,0
23/12/2022 00:39,0
23/12/2022 00:53,0
23/12/2022 01:08,0
23/12/2022 01:23,0
23/12/2022 01:38,0
23/12/2022 01:53,0
23/12/2022 02:08,0
23/12/2022 02:22,0
23/12/2022 02:37,0
23/12/2022 02:52,0
23/12/2022 03:07,0
23/12/2022 03:22,0
23/12/2022 03:37,0
23/12/2022 03:51,0
23/12/2022 04:06,0
23/12/2022 04:21,0
23/12/2022 04:36,0
23/12/2022 04:51,0
23/12/2022 05:05,0
23/12/2022 05:20,0
23/12/2022 05:35,0
23/12/2022 05:50,0
23/12/2022 06:05,0
23/12/2022 06:20,0
23/12/2022 06:34,0
23/12/2022 06:49,0
23/12/2022 07:04,0
23/12/2022 07:19,0
23/12/2022 07:34,0
23/12/2022 07:49,0
23/12/2022 08:03,0
23/12/2022 08:18,0
23/12/2022 08:33,0
23/12/2022 08:48,0
23/12/2022 09:03,0
23/12/2022 09:07,0
23/12/2022 09:22,0
23/12/2022 09:37,0
23/12/2022 09:52,0
23/12/2022 10:07,0
23/12/2022 10:09,0
23/12/2022 10:23,0
23/12/2022 10:38,0
23/12/2022 10:53,0
23/12/2022 11:08,0
23/12/2022 11:23,0
23/12/2022 11:38,0
23/12/2022 11:52,1
23/12/2022 12:07,3
23/12/2022 12:22,5
23/12/2022 12:37,6
23/12/2022 12:52,9
23/12/2022 13:07,13
23/12/2022 13:36,14
23/12/2022 13:51,12
23/12/2022 14:06,14
23/12/2022 14:21,14
23/12/2022 14:36,13
23/12/2022 14:50,13
23/12/2022 15:05,13
23/12/2022 15:20,12
23/12/2022 15:35,10
23/12/2022 15:50,9
23/12/2022 16:05,8
23/12/2022 16:19,5
23/12/2022 16:34,3
23/12/2022 16:49,2
23/12/2022 17:04,1
23/12/2022 17:19,0
23/12/2022 17:34,0
23/12/2022 17:48,0
23/12/2022 18:18,0
23/12/2022 18:33,0
23/12/2022 19:03,0
23/12/2022 19:17,0
23/12/2022 20:02,0
23/12/2022 20:18,0
23/12/2022 21:17,0
23/12/2022 21:32,0
23/12/2022 21:47,0
23/12/2022 22:02,0
23/12/2022 22:17,0
23/12/2022 22:32,0
23/12/2022 23:01,0
23/12/2022 23:31,0
23/12/2022 23:46,0
24/12/2022 00:01,0
24/12/2022 00:15,0
24/12/2022 00:30,0
24/12/2022 00:45,0
24/12/2022 01:00,0
24/12/2022 01:15,0
24/12/2022 01:29,0
24/12/2022 01:44,0
24/12/2022 01:47,0
24/12/2022 02:02,0
24/12/2022 02:17,0
24/12/2022 02:31,0
24/12/2022 02:46,0
24/12/2022 03:01,0
24/12/2022 03:16,0
24/12/2022 03:31,0
24/12/2022 03:46,0
24/12/2022 04:00,0
24/12/2022 04:15,0
24/12/2022 04:30,0
24/12/2022 04:45,0
24/12/2022 05:00,0
24/12/2022 05:15,0
24/12/2022 05:29,0
24/12/2022 05:44,0
24/12/2022 05:59,0
24/12/2022 06:14,0
24/12/2022 06:29,0
24/12/2022 06:44,0
24/12/2022 06:58,0
24/12/2022 07:13,0
24/12/2022 07:28,0
24/12/2022 07:43,0
24/12/2022 07:58,0
24/12/2022 08:13,0
24/12/2022 08:27,0
24/12/2022 08:42,0
24/12/2022 08:57,0
24/12/2022 09:12,0
24/12/2022 09:27,0
24/12/2022 09:42,0
24/12/2022 09:56,0
24/12/2022 10:11,0
24/12/2022 10:26,0
24/12/2022 10:41,0
24/12/2022 10:56,0
24/12/2022 11:11,0
24/12/2022 11:25,0
24/12/2022 11:40,0
24/12/2022 11:55,0
24/12/2022 12:10,1
24/12/2022 12:25,3
24/12/2022 12:40,4
24/12/2022 12:54,7
24/12/2022 13:24,25
24/12/2022 13:39,15
24/12/2022 13:54,19
24/12/2022 14:09,16
24/12/2022 14:23,17
24/12/2022 14:38,24
24/12/2022 14:56,25
24/12/2022 15:10,38
24/12/2022 15:25,27
24/12/2022 15:46,21
24/12/2022 16:01,11
24/12/2022 16:16,7
24/12/2022 16:31,5
24/12/2022 16:45,4
24/12/2022 17:00,2
24/12/2022 17:30,0
24/12/2022 17:45,0
24/12/2022 18:00,0
24/12/2022 18:14,0
24/12/2022 18:29,0
24/12/2022 18:44,0
24/12/2022 18:59,0
24/12/2022 19:14,0
24/12/2022 19:29,0
24/12/2022 19:43,0
24/12/2022 19:58,0
24/12/2022 20:13,0
24/12/2022 20:28,0
24/12/2022 20:43,0
24/12/2022 20:58,0
24/12/2022 21:12,0
24/12/2022 21:27,0
24/12/2022 21:42,0
24/12/2022 22:12,0
24/12/2022 22:27,0
24/12/2022 22:41,0
24/12/2022 22:56,0
24/12/2022 23:11,0
24/12/2022 23:26,0
25/12/2022 00:10,0
25/12/2022 00:25,0
25/12/2022 00:40,0
25/12/2022 00:55,0
25/12/2022 01:10,0
25/12/2022 01:25,0
25/12/2022 01:39,0
25/12/2022 01:54,0
25/12/2022 02:09,0
25/12/2022 02:24,0
25/12/2022 02:39,0
25/12/2022 02:54,0
25/12/2022 03:08,0
25/12/2022 03:23,0
25/12/2022 03:38,0
25/12/2022 03:53,0
25/12/2022 04:08,0
25/12/2022 04:23,0
25/12/2022 04:37,0
25/12/2022 04:52,0
25/12/2022 05:07,0
25/12/2022 05:22,0
25/12/2022 05:26,0
25/12/2022 05:41,0
25/12/2022 05:55,0
25/12/2022 06:10,0
25/12/2022 06:12,0
25/12/2022 06:27,0
25/12/2022 06:42,0
25/12/2022 06:57,0
25/12/2022 07:11,0
25/12/2022 07:26,0
25/12/2022 07:41,0
25/12/2022 07:56,0
25/12/2022 08:11,0
25/12/2022 08:26,0
25/12/2022 08:40,0
25/12/2022 08:55,0
25/12/2022 09:10,0
25/12/2022 09:25,0
25/12/2022 09:40,0
25/12/2022 09:55,0
25/12/2022 10:09,0
25/12/2022 10:24,0
25/12/2022 10:39,0
25/12/2022 11:09,0
25/12/2022 11:24,0
25/12/2022 11:38,0
25/12/2022 11:53,0
25/12/2022 12:08,1
25/12/2022 12:23,2
25/12/2022 12:38,3
25/12/2022 12:52,5
25/12/2022 13:07,11
25/12/2022 13:22,17
25/12/2022 13:37,14
25/12/2022 13:52,14
25/12/2022 14:07,16
25/12/2022 14:21,19
25/12/2022 14:36,18
25/12/2022 14:51,16
25/12/2022 15:06,14
25/12/2022 15:21,13
25/12/2022 15:36,11
25/12/2022 15:50,10
25/12/2022 16:05,8
25/12/2022 16:20,6
25/12/2022 16:35,4
25/12/2022 16:50,2
25/12/2022 17:05,1
25/12/2022 17:19,0
25/12/2022 17:34,0
25/12/2022 17:49,0
25/12/2022 18:04,0
25/12/2022 18:19,0
25/12/2022 18:34,0
25/12/2022 18:48,0
25/12/2022 19:18,0
25/12/2022 19:33,0
25/12/2022 19:48,0
25/12/2022 20:03,0
25/12/2022 20:17,0
25/12/2022 20:32,0
25/12/2022 20:47,0
25/12/2022 21:02,0
25/12/2022 21:17,0
25/12/2022 21:32,0
25/12/2022 21:46,0
25/12/2022 22:01,0
25/12/2022 22:16,0
25/12/2022 22:31,0
25/12/2022 22:46,0
25/12/2022 23:01,0
25/12/2022 23:15,0
25/12/2022 23:30,0
25/12/2022 23:45,0
26/12/2022 00:00,0
26/12/2022 00:15,0
26/12/2022 00:17,0
26/12/2022 00:32,0
26/12/2022 00:47,0
26/12/2022 01:02,0
26/12/2022 01:17,0
26/12/2022 01:31,0
26/12/2022 02:01,0
26/12/2022 02:16,0
26/12/2022 02:31,0
26/12/2022 02:46,0
26/12/2022 03:00,0
26/12/2022 03:15,0
26/12/2022 03:30,0
26/12/2022 03:45,0
26/12/2022 04:00,0
26/12/2022 04:14,0
26/12/2022 04:29,0
26/12/2022 04:33,0
26/12/2022 04:47,0
26/12/2022 05:02,0
26/12/2022 05:17,0
26/12/2022 05:32,0
26/12/2022 05:47,0
26/12/2022 06:02,0
26/12/2022 06:16,0
26/12/2022 06:31,0
26/12/2022 06:46,0
26/12/2022 07:01,0
26/12/2022 07:16,0
26/12/2022 07:31,0
26/12/2022 07:45,0
26/12/2022 08:00,0
26/12/2022 08:15,0
26/12/2022 08:30,0
26/12/2022 08:45,0
26/12/2022 08:59,0
26/12/2022 09:14,0
26/12/2022 09:29,0
26/12/2022 09:44,0
26/12/2022 09:59,0
26/12/2022 10:14,0
26/12/2022 10:28,0
26/12/2022 10:43,0
26/12/2022 10:58,0
26/12/2022 11:13,0
26/12/2022 11:28,0
26/12/2022 11:43,0
26/12/2022 11:57,1
26/12/2022 12:12,3
26/12/2022 12:27,6
26/12/2022 12:42,8
26/12/2022 12:57,11
26/12/2022 13:00,12
26/12/2022 13:14,14
26/12/2022 13:29,16
26/12/2022 13:44,18
26/12/2022 13:59,18
26/12/2022 14:14,37
26/12/2022 14:29,69
26/12/2022 14:43,73
26/12/2022 14:58,75
26/12/2022 15:13,73
26/12/2022 15:28,53
26/12/2022 15:43,20
26/12/2022 15:58,16
26/12/2022 16:12,12
26/12/2022 16:27,7
26/12/2022 16:42,4
26/12/2022 16:57,2
26/12/2022 17:12,1
26/12/2022 17:27,0
26/12/2022 17:41,0
26/12/2022 17:56,0
26/12/2022 18:11,0
26/12/2022 18:26,0
26/12/2022 18:41,0
26/12/2022 18:47,0
26/12/2022 19:01,0
26/12/2022 19:16,0
26/12/2022 19:31,0
26/12/2022 19:46,0
26/12/2022 20:01,0
26/12/2022 20:16,0
26/12/2022 20:30,0
26/12/2022 20:45,0
26/12/2022 21:00,0
26/12/2022 21:15,0
26/12/2022 21:30,0
26/12/2022 21:45,0
26/12/2022 21:59,0
26/12/2022 22:14,0
26/12/2022 22:29,0
26/12/2022 22:44,0
26/12/2022 22:59,0
26/12/2022 23:14,0
26/12/2022 23:28,0
26/12/2022 23:43,0
26/12/2022 23:58,0
27/12/2022 00:13,0
27/12/2022 00:28,0
27/12/2022 00:43,0
27/12/2022 00:57,0
27/12/2022 01:12,0
27/12/2022 01:27,0
27/12/2022 01:42,0
27/12/2022 01:57,0
27/12/2022 02:26,0
27/12/2022 02:41,0
27/12/2022 02:56,0
27/12/2022 03:11,0
27/12/2022 03:26,0
27/12/2022 03:41,0
27/12/2022 04:10,0
27/12/2022 04:25,0
27/12/2022 04:40,0
27/12/2022 04:55,0
27/12/2022 05:10,0
27/12/2022 05:24,0
27/12/2022 05:39,0
27/12/2022 05:54,0
27/12/2022 06:09,0
27/12/2022 06:24,0
27/12/2022 06:39,0
27/12/2022 06:53,0
27/12/2022 07:23,0
27/12/2022 07:38,0
27/12/2022 07:53,0
27/12/2022 08:08,0
27/12/2022 08:22,0
27/12/2022 08:37,0
27/12/2022 08:52,0
27/12/2022 09:07,0
27/12/2022 09:22,0
27/12/2022 09:37,0
27/12/2022 09:51,0
27/12/2022 10:06,0
27/12/2022 10:21,0
27/12/2022 10:36,0
27/12/2022 10:38,0
27/12/2022 10:53,0
27/12/2022 11:23,0
27/12/2022 11:38,0
27/12/2022 11:53,0
27/12/2022 12:07,0
27/12/2022 12:22,1
27/12/2022 12:37,1
27/12/2022 12:52,4
27/12/2022 13:07,5
27/12/2022 13:22,10
27/12/2022 13:36,14
27/12/2022 13:51,44
27/12/2022 14:06,48
27/12/2022 14:21,40
27/12/2022 14:36,35
27/12/2022 14:51,32
27/12/2022 15:05,32
27/12/2022 15:20,41
27/12/2022 15:35,31
27/12/2022 16:05,7
27/12/2022 16:20,5
27/12/2022 16:34,4
27/12/2022 16:49,3
27/12/2022 17:04,1
27/12/2022 17:19,0
27/12/2022 17:34,0
27/12/2022 17:49,0
27/12/2022 18:03,0
27/12/2022 18:18,0
27/12/2022 18:33,0
27/12/2022 18:48,0
27/12/2022 19:03,0
27/12/2022 19:18,0
27/12/2022 19:32,0
27/12/2022 19:47,0
27/12/2022 20:02,0
27/12/2022 20:17,0
27/12/2022 20:32,0
27/12/2022 20:47,0
27/12/2022 21:01,0
27/12/2022 21:16,0
27/12/2022 21:31,0
27/12/2022 21:46,0
27/12/2022 22:01,0
27/12/2022 22:16,0
27/12/2022 22:30,0
27/12/2022 22:45,0
27/12/2022 23:00,0
27/12/2022 23:15,0
27/12/2022 23:30,0
27/12/2022 23:45,0
27/12/2022 23:59,0
28/12/2022 00:14,0
28/12/2022 00:29,0
28/12/2022 00:44,0
28/12/2022 00:59,0
28/12/2022 01:14,0
28/12/2022 01:28,0
28/12/2022 01:43,0
28/12/2022 01:58,0
28/12/2022 02:13,0
28/12/2022 02:28,0
28/12/2022 02:42,0
28/12/2022 02:57,0
28/12/2022 03:12,0
28/12/2022 03:27,0
28/12/2022 03:42,0
28/12/2022 03:57,0
28/12/2022 04:11,0
28/12/2022 04:26,0
28/12/2022 04:41,0
28/12/2022 04:56,0
28/12/2022 05:11,0
28/12/2022 05:24,0
28/12/2022 05:39,0
28/12/2022 05:54,0
28/12/2022 06:09,0
28/12/2022 06:10,0
28/12/2022 06:25,0
28/12/2022 06:40,0
28/12/2022 06:55,0
28/12/2022 07:10,0
28/12/2022 07:25,0
28/12/2022 07:39,0
28/12/2022 07:54,0
28/12/2022 08:09,0
28/12/2022 08:24,0
28/12/2022 08:39,0
28/12/2022 08:54,0
28/12/2022 09:08,0
28/12/2022 09:23,0
28/12/2022 09:38,0
28/12/2022 09:53,0
28/12/2022 10:08,0
28/12/2022 10:23,0
28/12/2022 10:37,0
28/12/2022 10:52,0
28/12/2022 11:07,0
28/12/2022 11:22,0
28/12/2022 11:37,0
28/12/2022 11:52,0
28/12/2022 12:06,1
28/12/2022 12:21,3
28/12/2022 12:36,6
28/12/2022 12:51,9
28/12/2022 13:06,11
28/12/2022 13:21,13
28/12/2022 13:35,15
28/12/2022 13:50,17
28/12/2022 14:05,20
28/12/2022 14:20,66
28/12/2022 14:35,77
28/12/2022 14:39,78
28/12/2022 14:53,78
28/12/2022 15:08,75
28/12/2022 15:23,71
28/12/2022 15:38,66
28/12/2022 15:53,58
28/12/2022 16:08,45
28/12/2022 16:22,13
28/12/2022 16:37,7
28/12/2022 16:52,4
28/12/2022 17:07,2
28/12/2022 17:22,1
28/12/2022 17:37,0
28/12/2022 17:51,0
28/12/2022 18:06,0
28/12/2022 18:21,0
28/12/2022 18:36,0
28/12/2022 18:51,0
28/12/2022 19:04,0
28/12/2022 19:18,0
28/12/2022 19:33,0
28/12/2022 19:48,0
28/12/2022 20:03,0
28/12/2022 20:18,0
28/12/2022 20:33,0
28/12/2022 20:47,0
28/12/2022 21:02,0
28/12/2022 21:17,0
28/12/2022 21:32,0
28/12/2022 21:47,0
28/12/2022 22:01,0
28/12/2022 22:16,0
28/12/2022 22:31,0
28/12/2022 22:46,0
28/12/2022 22:49,0
28/12/2022 23:04,0
28/12/2022 23:19,0
28/12/2022 23:33,0
28/12/2022 23:48,0
29/12/2022 00:03,0
29/12/2022 00:18,0
29/12/2022 00:33,0
29/12/2022 00:48,0
29/12/2022 01:02,0
29/12/2022 01:17,0
29/12/2022 01:32,0
29/12/2022 01:47,0
29/12/2022 02:02,0
29/12/2022 02:17,0
29/12/2022 02:31,0
29/12/2022 02:46,0
29/12/2022 03:01,0
29/12/2022 03:16,0
29/12/2022 03:31,0
29/12/2022 03:46,0
29/12/2022 04:00,0
29/12/2022 04:15,0
29/12/2022 04:30,0
29/12/2022 04:45,0
29/12/2022 05:00,0
29/12/2022 05:15,0
29/12/2022 05:29,0
29/12/2022 05:44,0
29/12/2022 05:59,0
29/12/2022 06:14,0
29/12/2022 06:29,0
29/12/2022 06:44,0
29/12/2022 06:58,0
29/12/2022 07:13,0
29/12/2022 07:28,0
29/12/2022 07:43,0
29/12/2022 07:58,0
29/12/2022 08:13,0
29/12/2022 08:27,0
29/12/2022 08:42,0
29/12/2022 08:57,0
29/12/2022 09:12,0
29/12/2022 09:27,0
29/12/2022 09:28,0
29/12/2022 09:43,0
29/12/2022 10:13,0
29/12/2022 10:28,0
29/12/2022 10:42,0
29/12/2022 10:57,0
29/12/2022 11:12,0
29/12/2022 11:27,0
29/12/2022 11:28,0
29/12/2022 11:43,0
29/12/2022 11:58,1
29/12/2022 12:13,3
29/12/2022 12:28,5
29/12/2022 12:42,8
29/12/2022 12:57,10
29/12/2022 13:12,12
29/12/2022 13:27,14
29/12/2022 13:42,16
29/12/2022 13:57,18
29/12/2022 14:11,38
29/12/2022 14:26,74
29/12/2022 14:41,77
29/12/2022 14:56,77
29/12/2022 15:11,74
29/12/2022 15:26,70
29/12/2022 15:40,64
29/12/2022 15:55,56
29/12/2022 16:10,46
29/12/2022 16:25,33
29/12/2022 16:40,9
29/12/2022 16:54,4
29/12/2022 17:09,2
29/12/2022 17:24,1
29/12/2022 17:39,0
29/12/2022 17:54,0
29/12/2022 18:09,0
29/12/2022 18:23,0
29/12/2022 18:38,0
29/12/2022 18:53,0
29/12/2022 19:08,0
29/12/2022 19:23,0
29/12/2022 19:38,0
29/12/2022 19:52,0
29/12/2022 20:07,0
29/12/2022 20:22,0
29/12/2022 20:37,0
29/12/2022 20:52,0
29/12/2022 21:07,0
29/12/2022 21:21,0
29/12/2022 21:36,0
29/12/2022 21:51,0
29/12/2022 22:06,0
29/12/2022 22:21,0
29/12/2022 22:36,0
29/12/2022 22:50,0
29/12/2022 23:05,0
29/12/2022 23:20,0
29/12/2022 23:35,0
29/12/2022 23:50,0
30/12/2022 00:05,0
30/12/2022 00:19,0
30/12/2022 00:34,0
30/12/2022 00:49,0
30/12/2022 01:04,0
30/12/2022 01:19,0
30/12/2022 01:34,0
30/12/2022 01:48,0
30/12/2022 02:03,0
30/12/2022 02:18,0
30/12/2022 02:33,0
30/12/2022 02:48,0
30/12/2022 02:50,0
30/12/2022 03:05,0
30/12/2022 03:20,0
30/12/2022 03:35,0
30/12/2022 03:49,0
30/12/2022 04:04,0
30/12/2022 04:19,0
30/12/2022 04:34,0
30/12/2022 04:49,0
30/12/2022 05:04,0
30/12/2022 05:18,0
30/12/2022 05:33,0
30/12/2022 05:48,0
30/12/2022 05:52,0
30/12/2022 06:07,0
30/12/2022 06:22,0
30/12/2022 06:36,0
30/12/2022 06:51,0
30/12/2022 07:06,0
30/12/2022 07:21,0
30/12/2022 07:36,0
30/12/2022 07:51,0
30/12/2022 08:05,0
30/12/2022 08:20,0
30/12/2022 08:35,0
30/12/2022 08:50,0
30/12/2022 09:05,0
30/12/2022 09:20,0
30/12/2022 09:34,0
30/12/2022 09:49,0
30/12/2022 10:04,0
30/12/2022 10:19,0
30/12/2022 10:34,0
30/12/2022 10:49,0
30/12/2022 11:03,0
30/12/2022 11:18,0
30/12/2022 11:33,0
30/12/2022 11:48,0
30/12/2022 12:03,2
30/12/2022 12:18,4
30/12/2022 12:32,7
30/12/2022 12:47,9
30/12/2022 13:02,12
30/12/2022 13:17,14
30/12/2022 13:32,16
30/12/2022 13:47,18
30/12/2022 14:01,20
30/12/2022 14:16,59
30/12/2022 14:31,78
30/12/2022 14:46,79
30/12/2022 15:01,78
30/12/2022 15:16,75
30/12/2022 15:30,71
30/12/2022 15:45,63
30/12/2022 16:00,53
30/12/2022 16:15,38
30/12/2022 16:30,14
30/12/2022 16:44,6
30/12/2022 16:59,3
30/12/2022 17:14,2
30/12/2022 17:29,0
30/12/2022 17:44,0
30/12/2022 17:59,0
30/12/2022 18:13,0
30/12/2022 18:28,0
30/12/2022 18:43,0
30/12/2022 18:58,0
30/12/2022 19:13,0
30/12/2022 19:28,0
30/12/2022 19:42,0
30/12/2022 19:57,0
30/12/2022 20:12,0
30/12/2022 20:27,0
30/12/2022 20:42,0
30/12/2022 20:57,0
30/12/2022 21:11,0
30/12/2022 21:26,0
30/12/2022 21:41,0
30/12/2022 21:56,0
30/12/2022 22:11,0
30/12/2022 22:26,0
30/12/2022 22:40,0
30/12/2022 22:55,0
30/12/2022 23:10,0
30/12/2022 23:25,0
30/12/2022 23:40,0
30/12/2022 23:55,0
31/12/2022 00:09,0
31/12/2022 00:24,0
31/12/2022 00:39,0
31/12/2022 00:54,0
31/12/2022 01:09,0
31/12/2022 01:24,0
31/12/2022 01:38,0
31/12/2022 01:53,0
31/12/2022 02:08,0
31/12/2022 02:23,0
31/12/2022 02:38,0
31/12/2022 02:53,0
31/12/2022 02:56,0
31/12/2022 03:11,0
31/12/2022 03:26,0
31/12/2022 03:41,0
31/12/2022 03:56,0
31/12/2022 04:10,0
31/12/2022 04:25,0
31/12/2022 04:40,0
31/12/2022 04:55,0
31/12/2022 05:10,0
31/12/2022 05:25,0
31/12/2022 05:39,0
31/12/2022 05:41,0
31/12/2022 05:56,0
31/12/2022 06:11,0
31/12/2022 06:25,0
31/12/2022 06:40,0
31/12/2022 06:55,0
31/12/2022 07:10,0
31/12/2022 07:25,0
31/12/2022 07:40,0
31/12/2022 08:09,0
31/12/2022 08:24,0
31/12/2022 08:39,0
31/12/2022 08:54,0
31/12/2022 09:09,0
31/12/2022 09:23,0
31/12/2022 09:38,0
31/12/2022 09:53,0
31/12/2022 10:08,0
31/12/2022 10:23,0
31/12/2022 10:38,0
31/12/2022 10:52,0
31/12/2022 11:07,0
31/12/2022 11:22,0
31/12/2022 11:37,0
31/12/2022 11:52,1
31/12/2022 12:07,2
31/12/2022 12:21,3
31/12/2022 12:36,7
31/12/2022 12:51,11
31/12/2022 13:06,9
31/12/2022 13:21,17
31/12/2022 13:36,19
31/12/2022 13:37,21
31/12/2022 13:52,20
31/12/2022 14:07,27
31/12/2022 14:22,23
31/12/2022 14:36,24
31/12/2022 14:51,36
31/12/2022 15:06,18
31/12/2022 15:21,22
31/12/2022 15:36,14
31/12/2022 15:51,13
31/12/2022 16:05,11
31/12/2022 16:20,6
31/12/2022 16:35,4
31/12/2022 16:50,2
31/12/2022 16:54,1
31/12/2022 17:09,0
31/12/2022 17:23,0
31/12/2022 17:38,0
31/12/2022 17:53,0
31/12/2022 18:08,0
31/12/2022 18:23,0
31/12/2022 18:38,0
31/12/2022 18:52,0
31/12/2022 19:07,0
31/12/2022 19:22,0
31/12/2022 19:37,0
31/12/2022 20:07,0
31/12/2022 20:21,0
31/12/2022 20:36,0
31/12/2022 20:51,0
31/12/2022 21:21,0
31/12/2022 21:36,0
31/12/2022 21:50,0
31/12/2022 22:05,0
31/12/2022 22:20,0
31/12/2022 22:35,0
31/12/2022 22:50,0
31/12/2022 23:05,0
31/12/2022 23:19,0
31/12/2022 23:34,0
31/12/2022 23:49,0
01/01/2023 00:19,0
01/01/2023 00:34,0
01/01/2023 00:48,0
01/01/2023 01:03,0
01/01/2023 01:18,0
01/01/2023 01:33,0
01/01/2023 01:48,0
01/01/2023 02:02,0
01/01/2023 02:17,0
01/01/2023 02:32,0
01/01/2023 02:47,0
01/01/2023 03:02,0
01/01/2023 03:17,0
01/01/2023 03:31,0
01/01/2023 03:46,0
01/01/2023 04:01,0
01/01/2023 04:16,0
01/01/2023 04:31,0
01/01/2023 04:46,0
01/01/2023 05:00,0
01/01/2023 05:15,0
01/01/2023 05:30,0
01/01/2023 05:45,0
01/01/2023 06:00,0
01/01/2023 06:15,0
01/01/2023 06:29,0
01/01/2023 06:44,0
01/01/2023 06:59,0
01/01/2023 07:14,0
01/01/2023 07:29,0
01/01/2023 07:44,0
01/01/2023 07:58,0
01/01/2023 08:13,0
01/01/2023 08:28,0
01/01/2023 08:43,0
01/01/2023 08:58,0
01/01/2023 09:13,0
01/01/2023 09:27,0
01/01/2023 09:42,0
01/01/2023 09:57,0
01/01/2023 10:12,0
01/01/2023 10:27,0
01/01/2023 10:42,0
01/01/2023 10:43,0
01/01/2023 10:58,0
01/01/2023 11:13,0
01/01/2023 11:27,0
01/01/2023 11:42,0
01/01/2023 11:57,1
01/01/2023 12:12,3
01/01/2023 12:27,6
01/01/2023 12:42,9
01/01/2023 12:56,12
01/01/2023 13:11,17
01/01/2023 13:26,19
01/01/2023 13:41,22
01/01/2023 13:56,25
01/01/2023 14:11,41
01/01/2023 14:25,33
01/01/2023 14:40,14
01/01/2023 14:55,12
01/01/2023 15:10,10
01/01/2023 15:25,9
01/01/2023 15:40,6
01/01/2023 15:54,8
01/01/2023 16:09,10
01/01/2023 16:24,5
01/01/2023 16:39,2
01/01/2023 16:54,1
01/01/2023 17:08,1
01/01/2023 17:23,0
01/01/2023 17:38,0
01/01/2023 17:53,0
01/01/2023 18:08,0
01/01/2023 18:23,0
01/01/2023 18:37,0
01/01/2023 18:52,0
01/01/2023 19:07,0
01/01/2023 19:22,0
01/01/2023 19:37,0
01/01/2023 19:52,0
01/01/2023 20:06,0
01/01/2023 20:21,0
01/01/2023 20:36,0
01/01/2023 20:51,0
01/01/2023 21:06,0
01/01/2023 21:21,0
01/01/2023 21:35,0
01/01/2023 21:38,0
01/01/2023 21:53,0
01/01/2023 22:08,0
01/01/2023 22:23,0
01/01/2023 22:28,0
01/01/2023 22:43,0
01/01/2023 22:57,0
01/01/2023 23:12,0
01/01/2023 23:17,0
01/01/2023 23:32,0
01/01/2023 23:47,0
02/01/2023 00:02,0
02/01/2023 00:17,0
02/01/2023 00:31,0
02/01/2023 00:46,0
02/01/2023 01:01,0
02/01/2023 01:16,0
02/01/2023 01:31,0
02/01/2023 01:46,0
02/01/2023 02:00,0
02/01/2023 02:15,0
02/01/2023 02:30,0
02/01/2023 02:45,0
02/01/2023 03:00,0
02/01/2023 03:14,0
02/01/2023 03:29,0
02/01/2023 03:44,0
02/01/2023 03:59,0
02/01/2023 04:14,0
02/01/2023 04:29,0
02/01/2023 04:43,0
02/01/2023 04:58,0
02/01/2023 05:13,0
02/01/2023 05:28,0
02/01/2023 05:43,0
02/01/2023 05:58,0
02/01/2023 06:12,0
02/01/2023 06:27,0
02/01/2023 06:57,0
02/01/2023 07:12,0
02/01/2023 07:27,0
02/01/2023 07:41,0
02/01/2023 07:56,0
02/01/2023 08:11,0
02/01/2023 08:26,0
02/01/2023 08:56,0
02/01/2023 09:10,0
02/01/2023 09:25,0
02/01/2023 09:40,0
02/01/2023 09:55,0
02/01/2023 10:10,0
02/01/2023 10:25,0
02/01/2023 10:39,0
02/01/2023 10:54,0
02/01/2023 11:01,0
02/01/2023 11:15,0
02/01/2023 11:30,0
02/01/2023 11:45,0
02/01/2023 12:00,1
02/01/2023 12:15,1
02/01/2023 12:29,2
02/01/2023 12:44,3
02/01/2023 12:59,7
02/01/2023 13:14,7
02/01/2023 13:29,15
02/01/2023 13:44,19
02/01/2023 13:58,16
02/01/2023 14:13,15
02/01/2023 14:28,17
02/01/2023 14:43,21
02/01/2023 14:58,18
02/01/2023 15:13,17
02/01/2023 15:27,18
02/01/2023 15:42,17
02/01/2023 15:57,14
02/01/2023 16:12,9
02/01/2023 16:27,6
02/01/2023 16:42,4
02/01/2023 16:56,2
02/01/2023 17:11,1
02/01/2023 17:26,0
02/01/2023 17:41,0
02/01/2023 17:56,0
02/01/2023 18:11,0
02/01/2023 18:25,0
02/01/2023 18:40,0
02/01/2023 18:55,0
02/01/2023 19:10,0
02/01/2023 19:25,0
02/01/2023 19:40,0
02/01/2023 19:54,0
02/01/2023 20:09,0
02/01/2023 20:24,0
02/01/2023 20:39,0
02/01/2023 20:54,0
02/01/2023 21:09,0
02/01/2023 21:23,0
02/01/2023 21:38,0
02/01/2023 21:53,0
02/01/2023 22:08,0
02/01/2023 22:23,0
02/01/2023 22:38,0
02/01/2023 22:52,0
02/01/2023 23:07,0
02/01/2023 23:22,0
02/01/2023 23:37,0
02/01/2023 23:52,0
03/01/2023 00:07,0
03/01/2023 00:21,0
03/01/2023 00:36,0
03/01/2023 00:51,0
03/01/2023 01:06,0
03/01/2023 01:36,0
03/01/2023 01:50,0
03/01/2023 02:05,0
03/01/2023 02:20,0
03/01/2023 02:35,0
03/01/2023 02:50,0
03/01/2023 03:05,0
03/01/2023 03:19,0
03/01/2023 03:34,0
03/01/2023 03:49,0
03/01/2023 03:50,0
03/01/2023 04:05,0
03/01/2023 04:20,0
03/01/2023 04:34,0
03/01/2023 04:49,0
03/01/2023 05:04,0
03/01/2023 05:19,0
03/01/2023 05:34,0
03/01/2023 05:49,0
03/01/2023 06:03,0
03/01/2023 06:18,0
03/01/2023 06:33,0
03/01/2023 06:48,0
03/01/2023 07:03,0
03/01/2023 07:18,0
03/01/2023 07:32,0
03/01/2023 07:47,0
03/01/2023 08:02,0
03/01/2023 08:17,0
03/01/2023 08:32,0
03/01/2023 08:47,0
03/01/2023 09:01,0
03/01/2023 09:16,0
03/01/2023 09:31,0
03/01/2023 09:46,0
03/01/2023 10:01,0
03/01/2023 10:16,0
03/01/2023 10:30,0
03/01/2023 10:45,0
03/01/2023 11:00,0
03/01/2023 11:15,0
03/01/2023 11:30,0
03/01/2023 11:45,1
03/01/2023 11:59,2
03/01/2023 12:14,4
03/01/2023 12:29,6
03/01/2023 12:44,9
03/01/2023 12:59,11
03/01/2023 13:13,14
03/01/2023 13:28,17
03/01/2023 13:43,16
03/01/2023 13:58,20
03/01/2023 14:13,25
03/01/2023 14:28,30
03/01/2023 14:42,36
03/01/2023 14:57,55
03/01/2023 15:12,57
03/01/2023 15:27,29
03/01/2023 15:42,21
03/01/2023 15:57,16
03/01/2023 16:11,12
03/01/2023 16:26,9
03/01/2023 16:41,6
03/01/2023 16:56,4
03/01/2023 17:11,2
03/01/2023 17:26,1
03/01/2023 17:40,0
03/01/2023 17:55,0
03/01/2023 18:10,0
03/01/2023 18:25,0
03/01/2023 18:40,0
03/01/2023 18:55,0
03/01/2023 19:09,0
03/01/2023 19:24,0
03/01/2023 19:39,0
03/01/2023 19:54,0
03/01/2023 20:09,0
03/01/2023 20:24,0
03/01/2023 20:38,0
03/01/2023 20:53,0
03/01/2023 21:08,0
03/01/2023 21:23,0
03/01/2023 21:38,0
03/01/2023 21:53,0
03/01/2023 22:07,0
03/01/2023 22:22,0
03/01/2023 22:37,0
03/01/2023 22:52,0
03/01/2023 23:07,0
03/01/2023 23:22,0
03/01/2023 23:36,0
03/01/2023 23:51,0
04/01/2023 00:06,0
04/01/2023 00:21,0
04/01/2023 00:36,0
04/01/2023 00:51,0
04/01/2023 01:05,0
04/01/2023 01:20,0
04/01/2023 01:35,0
04/01/2023 01:39,0
04/01/2023 01:54,0
04/01/2023 02:09,0
04/01/2023 02:24,0
04/01/2023 02:38,0
04/01/2023 02:53,0
04/01/2023 03:08,0
04/01/2023 03:23,0
04/01/2023 03:38,0
04/01/2023 03:53,0
04/01/2023 04:07,0
04/01/2023 04:22,0
04/01/2023 04:37,0
04/01/2023 04:52,0
04/01/2023 05:07,0
04/01/2023 05:21,0
04/01/2023 05:36,0
04/01/2023 05:51,0
04/01/2023 06:06,0
04/01/2023 06:21,0
04/01/2023 06:36,0
04/01/2023 06:50,0
04/01/2023 07:05,0
04/01/2023 07:20,0
04/01/2023 07:35,0
04/01/2023 07:50,0
04/01/2023 08:05,0
04/01/2023 08:19,0
04/01/2023 08:34,0
04/01/2023 08:49,0
04/01/2023 09:04,0
04/01/2023 09:19,0
04/01/2023 09:34,0
04/01/2023 09:48,0
04/01/2023 10:03,0
04/01/2023 10:18,0
04/01/2023 10:33,0
04/01/2023 10:48,0
04/01/2023 11:03,0
04/01/2023 11:17,0
04/01/2023 11:32,0
04/01/2023 11:47,0
04/01/2023 11:51,1
04/01/2023 12:05,2
04/01/2023 12:20,3
04/01/2023 12:35,5
04/01/2023 12:50,7
04/01/2023 13:05,9
04/01/2023 13:20,11
04/01/2023 13:34,13
04/01/2023 13:49,16
04/01/2023 14:04,32
04/01/2023 14:19,81
04/01/2023 14:34,85
04/01/2023 14:49,87
04/01/2023 15:03,87
04/01/2023 15:18,85
04/01/2023 15:33,81
04/01/2023 15:48,74
04/01/2023 16:03,65
04/01/2023 16:18,54
04/01/2023 16:32,41
04/01/2023 16:47,16
04/01/2023 17:02,5
04/01/2023 17:17,3
04/01/2023 17:32,1
04/01/2023 17:47,0
04/01/2023 18:01,0
04/01/2023 18:16,0
04/01/2023 18:46,0
04/01/2023 19:01,0
04/01/2023 19:16,0
04/01/2023 19:30,0
04/01/2023 19:45,0
04/01/2023 20:00,0
04/01/2023 20:15,0
04/01/2023 20:30,0
04/01/2023 20:45,0
04/01/2023 20:59,0
04/01/2023 21:14,0
04/01/2023 21:29,0
04/01/2023 21:44,0
04/01/2023 21:59,0
04/01/2023 22:14,0
04/01/2023 22:28,0
04/01/2023 22:30,0
04/01/2023 22:45,0
04/01/2023 23:00,0
04/01/2023 23:14,0
04/01/2023 23:29,0
04/01/2023 23:44,0
04/01/2023 23:59,0
05/01/2023 00:14,0
05/01/2023 00:29,0
05/01/2023 00:43,0
05/01/2023 00:58,0
05/01/2023 01:13,0
05/01/2023 01:28,0
05/01/2023 01:43,0
05/01/2023 01:58,0
05/01/2023 02:12,0
05/01/2023 02:27,0
05/01/2023 02:42,0
05/01/2023 02:57,0
05/01/2023 02:59,0
05/01/2023 03:14,0
05/01/2023 03:29,0
05/01/2023 03:44,0
05/01/2023 03:58,0
05/01/2023 04:13,0
05/01/2023 04:28,0
05/01/2023 04:43,0
05/01/2023 04:58,0
05/01/2023 05:13,0
05/01/2023 05:27,0
05/01/2023 05:42,0
05/01/2023 05:57,0
05/01/2023 06:12,0
05/01/2023 06:27,0
05/01/2023 06:42,0
05/01/2023 06:56,0
05/01/2023 07:11,0
05/01/2023 07:26,0
05/01/2023 07:41,0
05/01/2023 07:56,0
05/01/2023 08:11,0
05/01/2023 08:25,0
05/01/2023 08:40,0
05/01/2023 08:55,0
05/01/2023 09:10,0
05/01/2023 09:25,0
05/01/2023 09:40,0
05/01/2023 09:54,0
05/01/2023 10:09,0
05/01/2023 10:24,0
05/01/2023 10:39,0
05/01/2023 10:54,0
05/01/2023 11:09,0
05/01/2023 11:23,0
05/01/2023 11:38,0
05/01/2023 11:53,1
05/01/2023 12:08,2
05/01/2023 12:23,4
05/01/2023 12:38,6
05/01/2023 12:52,8
05/01/2023 13:07,12
05/01/2023 13:09,15
05/01/2023 13:23,18
05/01/2023 13:38,23
05/01/2023 13:53,31
05/01/2023 14:08,38
05/01/2023 14:23,52
05/01/2023 14:38,84
05/01/2023 14:52,118
05/01/2023 15:07,92
05/01/2023 15:22,86
05/01/2023 15:37,82
05/01/2023 15:52,77
05/01/2023 16:07,64
05/01/2023 16:21,53
05/01/2023 16:36,38
05/01/2023 16:51,13
05/01/2023 17:06,7
05/01/2023 17:21,4
05/01/2023 17:36,1
05/01/2023 17:50,0
05/01/2023 18:05,0
05/01/2023 18:20,0
05/01/2023 18:35,0
05/01/2023 18:50,0
05/01/2023 19:05,0
05/01/2023 19:19,0
05/01/2023 19:34,0
05/01/2023 19:49,0
05/01/2023 20:04,0
05/01/2023 20:19,0
05/01/2023 20:34,0
05/01/2023 20:48,0
05/01/2023 21:03,0
05/01/2023 21:18,0
05/01/2023 21:33,0
05/01/2023 21:48,0
05/01/2023 22:02,0
05/01/2023 22:17,0
05/01/2023 22:32,0
05/01/2023 22:47,0
05/01/2023 23:02,0
05/01/2023 23:17,0
05/01/2023 23:31,0
05/01/2023 23:46,0
06/01/2023 00:01,0
06/01/2023 00:16,0
06/01/2023 00:31,0
06/01/2023 00:46,0
06/01/2023 01:00,0
06/01/2023 01:15,0
06/01/2023 01:30,0
06/01/2023 01:45,0
06/01/2023 02:00,0
06/01/2023 02:15,0
06/01/2023 02:29,0
06/01/2023 02:44,0
06/01/2023 02:59,0
06/01/2023 03:14,0
06/01/2023 03:29,0
06/01/2023 03:44,0
06/01/2023 03:58,0
06/01/2023 04:13,0
06/01/2023 04:28,0
06/01/2023 04:43,0
06/01/2023 04:58,0
06/01/2023 05:13,0
06/01/2023 05:27,0
06/01/2023 05:42,0
06/01/2023 05:57,0
06/01/2023 06:12,0
06/01/2023 06:27,0
06/01/2023 06:42,0
06/01/2023 06:56,0
06/01/2023 07:11,0
06/01/2023 07:26,0
06/01/2023 07:41,0
06/01/2023 07:56,0
06/01/2023 08:11,0
06/01/2023 08:25,0
06/01/2023 08:40,0
06/01/2023 08:55,0
06/01/2023 09:10,0
06/01/2023 09:25,0
06/01/2023 09:40,0
06/01/2023 09:54,0
06/01/2023 10:09,0
06/01/2023 10:24,0
06/01/2023 10:39,0
06/01/2023 10:54,0
06/01/2023 11:09,0
06/01/2023 11:23,0
06/01/2023 11:38,0
06/01/2023 11:53,1
06/01/2023 12:08,2
06/01/2023 12:23,3
06/01/2023 12:38,4
06/01/2023 12:52,5
06/01/2023 13:07,8
06/01/2023 13:22,11
06/01/2023 13:37,17
06/01/2023 13:52,20
06/01/2023 14:07,19
06/01/2023 14:10,26
06/01/2023 14:25,24
06/01/2023 14:39,26
06/01/2023 14:54,32
06/01/2023 15:09,29
06/01/2023 15:24,29
06/01/2023 15:39,20
06/01/2023 15:54,12
06/01/2023 16:08,9
06/01/2023 16:23,8
06/01/2023 16:38,5
06/01/2023 16:53,3
06/01/2023 16:57,2
06/01/2023 17:11,1
06/01/2023 17:26,0
06/01/2023 17:41,0
06/01/2023 17:56,0
06/01/2023 18:11,0
06/01/2023 18:25,0
06/01/2023 18:40,0
06/01/2023 18:55,0
06/01/2023 19:10,0
06/01/2023 19:25,0
06/01/2023 19:40,0
06/01/2023 19:54,0
06/01/2023 20:09,0
06/01/2023 20:24,0
06/01/2023 20:39,0
06/01/2023 20:54,0
06/01/2023 21:09,0
06/01/2023 21:23,0
06/01/2023 21:38,0
06/01/2023 21:53,0
06/01/2023 22:08,0
06/01/2023 22:23,0
06/01/2023 22:38,0
06/01/2023 22:52,0
06/01/2023 23:07,0
06/01/2023 23:22,0
06/01/2023 23:37,0
06/01/2023 23:52,0
07/01/2023 00:07,0
07/01/2023 00:13,0
07/01/2023 00:28,0
07/01/2023 00:43,0
07/01/2023 00:58,0
07/01/2023 01:12,0
07/01/2023 01:27,0
07/01/2023 01:42,0
07/01/2023 01:57,0
07/01/2023 02:12,0
07/01/2023 02:27,0
07/01/2023 02:41,0
07/01/2023 02:56,0
07/01/2023 03:11,0
07/01/2023 03:26,0
07/01/2023 03:41,0
07/01/2023 03:56,0
07/01/2023 04:10,0
07/01/2023 04:25,0
07/01/2023 04:40,0
07/01/2023 04:55,0
07/01/2023 05:10,0
07/01/2023 05:25,0
07/01/2023 05:39,0
07/01/2023 05:54,0
07/01/2023 06:09,0
07/01/2023 06:24,0
07/01/2023 06:39,0
07/01/2023 06:54,0
07/01/2023 07:08,0
07/01/2023 07:23,0
07/01/2023 07:38,0
07/01/2023 07:53,0
07/01/2023 08:08,0
07/01/2023 08:23,0
07/01/2023 08:37,0
07/01/2023 08:52,0
07/01/2023 09:07,0
07/01/2023 09:22,0
07/01/2023 09:37,0
07/01/2023 09:52,0
07/01/2023 10:06,0
07/01/2023 10:21,0
07/01/2023 10:36,0
07/01/2023 10:51,0
07/01/2023 11:06,0
07/01/2023 11:21,0
07/01/2023 11:35,0
07/01/2023 11:50,0
07/01/2023 12:05,1
07/01/2023 12:20,2
07/01/2023 12:35,4
07/01/2023 12:50,6
07/01/2023 13:04,10
07/01/2023 13:19,12
07/01/2023 13:22,12
07/01/2023 13:37,13
07/01/2023 13:51,12
07/01/2023 14:06,12
07/01/2023 14:08,14
07/01/2023 14:23,15
07/01/2023 14:38,18
07/01/2023 14:53,21
07/01/2023 15:07,19
07/01/2023 15:22,15
07/01/2023 15:37,14
07/01/2023 15:52,14
07/01/2023 16:07,11
07/01/2023 16:08,9
07/01/2023 16:23,7
07/01/2023 16:52,13
07/01/2023 17:07,8
07/01/2023 17:22,1
07/01/2023 17:37,0
07/01/2023 17:52,0
07/01/2023 18:07,0
07/01/2023 18:21,0
07/01/2023 18:36,0
07/01/2023 18:51,0
07/01/2023 19:06,0
07/01/2023 19:21,0
07/01/2023 19:36,0
07/01/2023 19:50,0
07/01/2023 20:05,0
07/01/2023 20:20,0
07/01/2023 20:35,0
07/01/2023 20:50,0
07/01/2023 21:05,0
07/01/2023 21:19,0
07/01/2023 21:34,0
07/01/2023 21:49,0
07/01/2023 22:04,0
07/01/2023 22:19,0
07/01/2023 22:34,0
07/01/2023 22:48,0
07/01/2023 23:03,0
07/01/2023 23:18,0
07/01/2023 23:33,0
07/01/2023 23:48,0
08/01/2023 00:03,0
08/01/2023 00:17,0
08/01/2023 00:32,0
08/01/2023 00:47,0
08/01/2023 01:02,0
08/01/2023 01:17,0
08/01/2023 01:32,0
08/01/2023 01:46,0
08/01/2023 02:01,0
08/01/2023 02:16,0
08/01/2023 02:31,0
08/01/2023 02:46,0
08/01/2023 03:01,0
08/01/2023 03:15,0
08/01/2023 03:30,0
08/01/2023 03:45,0
08/01/2023 04:00,0
08/01/2023 04:15,0
08/01/2023 04:30,0
08/01/2023 04:44,0
08/01/2023 04:47,0
08/01/2023 05:02,0
08/01/2023 05:16,0
08/01/2023 05:31,0
08/01/2023 05:46,0
08/01/2023 06:01,0
08/01/2023 06:16,0
08/01/2023 06:31,0
08/01/2023 06:45,0
08/01/2023 07:00,0
08/01/2023 07:15,0
08/01/2023 07:30,0
08/01/2023 07:34,0
08/01/2023 07:48,0
08/01/2023 08:03,0
08/01/2023 08:18,0
08/01/2023 08:33,0
08/01/2023 08:48,0
08/01/2023 09:03,0
08/01/2023 09:17,0
08/01/2023 09:32,0
08/01/2023 09:47,0
08/01/2023 10:02,0
08/01/2023 10:32,0
08/01/2023 10:46,0
08/01/2023 11:01,0
08/01/2023 11:16,0
08/01/2023 11:19,0
08/01/2023 11:34,0
08/01/2023 11:49,0
08/01/2023 12:04,2
08/01/2023 12:18,7
08/01/2023 12:33,11
08/01/2023 12:48,11
08/01/2023 13:03,12
08/01/2023 13:18,15
08/01/2023 13:33,19
08/01/2023 13:47,18
08/01/2023 14:02,20
08/01/2023 14:17,22
08/01/2023 14:32,20
08/01/2023 14:47,20
08/01/2023 15:02,18
08/01/2023 15:16,14
08/01/2023 15:31,12
08/01/2023 15:46,10
08/01/2023 16:01,8
08/01/2023 16:16,5
08/01/2023 16:31,4
08/01/2023 16:45,3
08/01/2023 17:00,2
08/01/2023 17:15,1
08/01/2023 17:17,0
08/01/2023 17:32,0
08/01/2023 17:46,0
08/01/2023 18:01,0
08/01/2023 18:16,0
08/01/2023 18:31,0
08/01/2023 18:46,0
08/01/2023 19:01,0
08/01/2023 19:15,0
08/01/2023 19:30,0
08/01/2023 19:45,0
08/01/2023 20:00,0
08/01/2023 20:15,0
08/01/2023 20:30,0
08/01/2023 20:44,0
08/01/2023 20:59,0
08/01/2023 21:14,0
08/01/2023 21:29,0
08/01/2023 21:44,0
08/01/2023 21:59,0
08/01/2023 22:13,0
08/01/2023 22:28,0
08/01/2023 22:43,0
08/01/2023 22:58,0
08/01/2023 23:13,0
08/01/2023 23:28,0
08/01/2023 23:42,0
08/01/2023 23:57,0
09/01/2023 00:12,0
09/01/2023 00:27,0
09/01/2023 00:42,0
09/01/2023 00:57,0
09/01/2023 01:11,0
09/01/2023 01:26,0
09/01/2023 01:41,0
09/01/2023 01:56,0
09/01/2023 02:11,0
09/01/2023 02:26,0
09/01/2023 02:40,0
09/01/2023 02:55,0
09/01/2023 03:10,0
09/01/2023 03:25,0
09/01/2023 03:40,0
09/01/2023 03:55,0
09/01/2023 04:09,0
09/01/2023 04:24,0
09/01/2023 04:39,0
09/01/2023 04:54,0
09/01/2023 05:09,0
09/01/2023 05:24,0
09/01/2023 05:38,0
09/01/2023 05:53,0
09/01/2023 06:08,0
09/01/2023 06:23,0
09/01/2023 06:38,0
09/01/2023 06:53,0
09/01/2023 07:07,0
09/01/2023 07:22,0
09/01/2023 07:37,0
09/01/2023 07:52,0
09/01/2023 08:07,0
09/01/2023 08:21,0
09/01/2023 08:36,0
09/01/2023 08:51,0
09/01/2023 09:06,0
09/01/2023 09:21,0
09/01/2023 09:36,0
09/01/2023 09:50,0
09/01/2023 10:05,0
09/01/2023 10:20,0
09/01/2023 10:35,0
09/01/2023 10:50,0
09/01/2023 11:05,0
09/01/2023 11:19,0
09/01/2023 11:34,0
09/01/2023 11:49,2
09/01/2023 12:04,6
09/01/2023 12:19,12
09/01/2023 12:34,15
09/01/2023 12:48,20
09/01/2023 13:03,26
09/01/2023 13:18,46
09/01/2023 13:33,39
09/01/2023 13:35,32
09/01/2023 13:50,41
09/01/2023 14:05,80
09/01/2023 14:20,89
09/01/2023 14:35,95
09/01/2023 14:49,91
09/01/2023 15:04,91
09/01/2023 15:19,93
09/01/2023 15:34,89
09/01/2023 15:49,82
09/01/2023 16:04,72
09/01/2023 16:18,60
09/01/2023 16:33,48
09/01/2023 16:48,28
09/01/2023 17:03,8
09/01/2023 17:18,4
09/01/2023 17:33,2
09/01/2023 17:47,0
09/01/2023 18:02,0
09/01/2023 18:17,0
09/01/2023 18:32,0
09/01/2023 18:47,0
09/01/2023 19:02,0
09/01/2023 19:16,0
09/01/2023 19:31,0
09/01/2023 19:46,0
09/01/2023 20:01,0
09/01/2023 20:16,0
09/01/2023 20:31,0
09/01/2023 20:45,0
09/01/2023 21:00,0
09/01/2023 21:15,0
09/01/2023 21:30,0
09/01/2023 21:45,0
09/01/2023 22:00,0
09/01/2023 22:14,0
09/01/2023 22:29,0
09/01/2023 22:44,0
09/01/2023 22:59,0
09/01/2023 23:14,0
09/01/2023 23:28,0
09/01/2023 23:43,0
09/01/2023 23:58,0
10/01/2023 00:13,0
10/01/2023 00:28,0
10/01/2023 00:31,0
10/01/2023 00:45,0
10/01/2023 01:00,0
10/01/2023 01:15,0
10/01/2023 01:30,0
10/01/2023 01:45,0
10/01/2023 02:00,0
10/01/2023 02:14,0
10/01/2023 02:29,0
10/01/2023 02:44,0
10/01/2023 02:59,0
10/01/2023 03:14,0
10/01/2023 03:29,0
10/01/2023 03:43,0
10/01/2023 03:58,0
10/01/2023 04:13,0
10/01/2023 04:28,0
10/01/2023 04:43,0
10/01/2023 04:58,0
10/01/2023 05:12,0
10/01/2023 05:27,0
10/01/2023 05:42,0
10/01/2023 05:57,0
10/01/2023 06:12,0
10/01/2023 06:26,0
10/01/2023 06:41,0
10/01/2023 06:56,0
10/01/2023 07:11,0
10/01/2023 07:26,0
10/01/2023 07:41,0
10/01/2023 07:44,0
10/01/2023 07:59,0
10/01/2023 08:14,0
10/01/2023 08:29,0
10/01/2023 08:43,0
10/01/2023 08:58,0
10/01/2023 09:13,0
10/01/2023 09:28,0
10/01/2023 09:43,0
10/01/2023 09:57,0
10/01/2023 10:12,0
10/01/2023 10:27,0
10/01/2023 10:42,0
10/01/2023 10:57,0
10/01/2023 11:12,0
10/01/2023 11:26,0
10/01/2023 11:41,0
10/01/2023 11:56,2
10/01/2023 12:11,3
10/01/2023 12:26,6
10/01/2023 12:41,8
10/01/2023 12:55,11
10/01/2023 13:10,14
10/01/2023 13:25,16
10/01/2023 13:30,17
10/01/2023 13:45,17
10/01/2023 14:00,16
10/01/2023 14:15,20
10/01/2023 14:29,21
10/01/2023 14:44,30
10/01/2023 14:59,35
10/01/2023 15:29,31
10/01/2023 15:44,25
10/01/2023 15:58,19
10/01/2023 16:13,14
10/01/2023 16:28,10
10/01/2023 16:43,6
10/01/2023 16:58,4
10/01/2023 17:12,2
10/01/2023 17:27,1
10/01/2023 17:42,0
10/01/2023 17:57,0
10/01/2023 18:12,0
10/01/2023 18:27,0
10/01/2023 18:41,0
10/01/2023 18:56,0
10/01/2023 19:11,0
10/01/2023 19:26,0
10/01/2023 19:41,0
10/01/2023 19:56,0
10/01/2023 20:10,0
10/01/2023 20:25,0
10/01/2023 20:40,0
10/01/2023 20:55,0
10/01/2023 21:10,0
10/01/2023 21:25,0
10/01/2023 21:39,0
10/01/2023 21:54,0
10/01/2023 22:09,0
10/01/2023 22:24,0
10/01/2023 22:39,0
10/01/2023 22:54,0
10/01/2023 23:08,0
10/01/2023 23:23,0
10/01/2023 23:38,0
11/01/2023 00:08,0
11/01/2023 00:23,0
11/01/2023 00:37,0
11/01/2023 00:52,0
11/01/2023 01:07,0
11/01/2023 01:22,0
11/01/2023 01:25,0
11/01/2023 01:40,0
11/01/2023 01:55,0
11/01/2023 02:10,0
11/01/2023 02:24,0
11/01/2023 02:39,0
11/01/2023 02:54,0
11/01/2023 03:09,0
11/01/2023 03:24,0
11/01/2023 03:39,0
11/01/2023 03:53,0
11/01/2023 04:08,0
11/01/2023 04:23,0
11/01/2023 04:38,0
11/01/2023 04:53,0
11/01/2023 05:08,0
11/01/2023 05:22,0
11/01/2023 05:37,0
11/01/2023 05:52,0
11/01/2023 06:07,0
11/01/2023 06:22,0
11/01/2023 06:37,0
11/01/2023 06:51,0
11/01/2023 07:06,0
11/01/2023 07:21,0
11/01/2023 07:36,0
11/01/2023 07:51,0
11/01/2023 08:05,0
11/01/2023 08:20,0
11/01/2023 08:35,0
11/01/2023 08:50,0
11/01/2023 09:05,0
11/01/2023 09:20,0
11/01/2023 09:34,0
11/01/2023 09:49,0
11/01/2023 10:04,0
11/01/2023 10:19,0
11/01/2023 10:34,0
11/01/2023 10:49,0
11/01/2023 11:03,0
11/01/2023 11:18,0
11/01/2023 11:33,0
11/01/2023 11:37,1
11/01/2023 11:51,2
11/01/2023 12:06,4
11/01/2023 12:21,7
11/01/2023 12:36,9
11/01/2023 12:51,12
11/01/2023 13:06,14
11/01/2023 13:07,15
11/01/2023 13:21,16
11/01/2023 13:36,21
11/01/2023 13:51,56
11/01/2023 14:06,90
11/01/2023 14:21,95
11/01/2023 14:36,99
11/01/2023 14:50,102
11/01/2023 15:05,102
11/01/2023 15:20,100
11/01/2023 15:35,96
11/01/2023 15:50,90
11/01/2023 16:05,81
11/01/2023 16:20,70
11/01/2023 16:35,58
11/01/2023 16:50,44
11/01/2023 17:05,29
11/01/2023 17:19,6
11/01/2023 17:34,2
11/01/2023 17:49,1
11/01/2023 18:04,0
11/01/2023 18:19,0
11/01/2023 18:34,0
11/01/2023 18:48,0
11/01/2023 19:03,0
11/01/2023 19:18,0
11/01/2023 19:33,0
11/01/2023 19:48,0
11/01/2023 20:03,0
11/01/2023 20:17,0
11/01/2023 20:32,0
11/01/2023 20:47,0
11/01/2023 21:02,0
11/01/2023 21:17,0
11/01/2023 21:31,0
11/01/2023 21:46,0
11/01/2023 22:01,0
11/01/2023 22:16,0
11/01/2023 22:31,0
11/01/2023 22:46,0
11/01/2023 23:00,0
11/01/2023 23:15,0
11/01/2023 23:30,0
11/01/2023 23:45,0
12/01/2023 00:00,0
12/01/2023 00:15,0
12/01/2023 00:29,0
12/01/2023 00:44,0
12/01/2023 00:59,0
12/01/2023 01:14,0
12/01/2023 01:29,0
12/01/2023 01:44,0
12/01/2023 01:58,0
12/01/2023 02:13,0
12/01/2023 02:28,0
12/01/2023 02:43,0
12/01/2023 02:58,0
12/01/2023 03:13,0
12/01/2023 03:27,0
12/01/2023 03:42,0
12/01/2023 03:57,0
12/01/2023 04:12,0
12/01/2023 04:27,0
12/01/2023 04:42,0
12/01/2023 04:56,0
12/01/2023 05:11,0
12/01/2023 05:26,0
12/01/2023 05:41,0
12/01/2023 05:56,0
12/01/2023 06:11,0
12/01/2023 06:25,0
12/01/2023 06:40,0
12/01/2023 06:55,0
12/01/2023 07:10,0
12/01/2023 07:25,0
12/01/2023 07:40,0
12/01/2023 07:54,0
12/01/2023 08:09,0
12/01/2023 08:24,0
12/01/2023 08:39,0
12/01/2023 08:54,0
12/01/2023 09:09,0
12/01/2023 09:23,0
12/01/2023 09:38,0
12/01/2023 09:53,0
12/01/2023 10:08,0
12/01/2023 10:23,0
12/01/2023 10:38,0
12/01/2023 10:52,0
12/01/2023 11:07,0
12/01/2023 11:22,0
12/01/2023 11:37,1
12/01/2023 11:52,3
12/01/2023 12:07,5
12/01/2023 12:21,8
12/01/2023 12:36,10
12/01/2023 12:51,13
12/01/2023 13:06,15
12/01/2023 13:21,17
12/01/2023 13:35,31
12/01/2023 13:50,71
12/01/2023 14:05,91
12/01/2023 14:20,97
12/01/2023 14:35,101
12/01/2023 14:50,105
12/01/2023 15:04,106
12/01/2023 15:19,105
12/01/2023 15:34,92
12/01/2023 15:49,70
12/01/2023 16:04,66
12/01/2023 16:19,30
12/01/2023 16:33,34
12/01/2023 16:48,13
12/01/2023 17:06,5
12/01/2023 17:21,4
12/01/2023 17:36,1
12/01/2023 17:51,0
12/01/2023 18:06,0
12/01/2023 18:20,0
12/01/2023 18:35,0
12/01/2023 18:50,0
12/01/2023 19:05,0
12/01/2023 19:20,0
12/01/2023 19:35,0
12/01/2023 19:49,0
12/01/2023 20:04,0
12/01/2023 20:19,0
12/01/2023 20:34,0
12/01/2023 20:49,0
12/01/2023 21:04,0
12/01/2023 21:18,0
12/01/2023 21:33,0
12/01/2023 21:48,0
12/01/2023 22:03,0
12/01/2023 22:18,0
12/01/2023 22:33,0
12/01/2023 22:47,0
12/01/2023 23:02,0
12/01/2023 23:17,0
12/01/2023 23:32,0
12/01/2023 23:47,0
13/01/2023 00:02,0
13/01/2023 00:16,0
13/01/2023 00:31,0
13/01/2023 00:46,0
13/01/2023 01:01,0
13/01/2023 01:16,0
13/01/2023 01:31,0
13/01/2023 01:45,0
13/01/2023 02:00,0
13/01/2023 02:15,0
13/01/2023 02:30,0
13/01/2023 02:45,0
13/01/2023 03:00,0
13/01/2023 03:14,0
13/01/2023 03:29,0
13/01/2023 03:44,0
13/01/2023 03:59,0
13/01/2023 04:14,0
13/01/2023 04:29,0
13/01/2023 04:43,0
13/01/2023 04:58,0
13/01/2023 05:13,0
13/01/2023 05:28,0
13/01/2023 05:43,0
13/01/2023 05:58,0
13/01/2023 06:12,0
13/01/2023 06:27,0
13/01/2023 06:42,0
13/01/2023 06:57,0
13/01/2023 07:12,0
13/01/2023 07:27,0
13/01/2023 07:41,0
13/01/2023 07:56,0
13/01/2023 08:11,0
13/01/2023 08:26,0
13/01/2023 08:41,0
13/01/2023 08:55,0
13/01/2023 09:10,0
13/01/2023 09:25,0
13/01/2023 09:40,0
13/01/2023 09:55,0
13/01/2023 10:10,0
13/01/2023 10:24,0
13/01/2023 10:39,0
13/01/2023 10:54,0
13/01/2023 11:09,0
13/01/2023 11:24,0
13/01/2023 11:39,2
13/01/2023 11:53,5
13/01/2023 12:08,7
13/01/2023 12:23,11
13/01/2023 12:38,17
13/01/2023 12:53,23
13/01/2023 13:08,29
13/01/2023 13:22,34
13/01/2023 13:37,54
13/01/2023 13:52,82
13/01/2023 14:07,82
13/01/2023 14:22,81
13/01/2023 14:37,93
13/01/2023 14:51,98
13/01/2023 15:06,98
13/01/2023 15:21,101
13/01/2023 15:36,83
13/01/2023 15:51,64
13/01/2023 16:06,43
13/01/2023 16:20,30
13/01/2023 16:35,21
13/01/2023 16:50,14
13/01/2023 17:05,8
13/01/2023 17:20,4
13/01/2023 17:24,2
13/01/2023 17:39,1
13/01/2023 17:53,0
13/01/2023 18:08,0
13/01/2023 18:23,0
13/01/2023 18:38,0
13/01/2023 18:53,0
13/01/2023 19:07,0
13/01/2023 19:22,0
13/01/2023 19:37,0
13/01/2023 19:52,0
13/01/2023 20:07,0
13/01/2023 20:22,0
13/01/2023 20:36,0
13/01/2023 20:51,0
13/01/2023 21:06,0
13/01/2023 21:21,0
13/01/2023 21:36,0
13/01/2023 21:51,0
13/01/2023 22:05,0
13/01/2023 22:20,0
13/01/2023 22:35,0
13/01/2023 22:50,0
13/01/2023 23:05,0
13/01/2023 23:20,0
13/01/2023 23:34,0
13/01/2023 23:49,0
14/01/2023 00:04,0
14/01/2023 00:19,0
14/01/2023 00:34,0
14/01/2023 00:49,0
14/01/2023 01:03,0
14/01/2023 01:18,0
14/01/2023 01:33,0
14/01/2023 01:48,0
14/01/2023 02:03,0
14/01/2023 02:18,0
14/01/2023 02:32,0
14/01/2023 02:47,0
14/01/2023 03:02,0
14/01/2023 03:17,0
14/01/2023 03:32,0
14/01/2023 03:47,0
14/01/2023 04:01,0
14/01/2023 04:16,0
14/01/2023 04:31,0
14/01/2023 04:46,0
14/01/2023 05:01,0
14/01/2023 05:16,0
14/01/2023 05:30,0
14/01/2023 05:33,0
14/01/2023 05:47,0
14/01/2023 06:02,0
14/01/2023 06:17,0
14/01/2023 06:32,0
14/01/2023 06:47,0
14/01/2023 07:02,0
14/01/2023 07:16,0
14/01/2023 07:31,0
14/01/2023 07:46,0
14/01/2023 08:01,0
14/01/2023 08:16,0
14/01/2023 08:31,0
14/01/2023 08:45,0
14/01/2023 09:00,0
14/01/2023 09:15,0
14/01/2023 09:30,0
14/01/2023 09:45,0
14/01/2023 10:00,0
14/01/2023 10:14,0
14/01/2023 10:29,0
14/01/2023 10:44,0
14/01/2023 10:59,0
14/01/2023 11:14,0
14/01/2023 11:29,0
14/01/2023 11:43,1
14/01/2023 11:58,3
14/01/2023 12:13,6
14/01/2023 12:28,9
14/01/2023 12:43,12
14/01/2023 12:58,14
14/01/2023 13:12,17
14/01/2023 13:27,21
14/01/2023 13:42,82
14/01/2023 13:57,98
14/01/2023 14:12,107
14/01/2023 14:26,111
14/01/2023 14:41,112
14/01/2023 14:56,114
14/01/2023 15:11,111
14/01/2023 15:26,104
14/01/2023 15:41,107
14/01/2023 15:55,103
14/01/2023 16:10,94
14/01/2023 16:25,79
14/01/2023 16:40,70
14/01/2023 16:55,50
14/01/2023 17:10,23
14/01/2023 17:24,7
14/01/2023 17:39,3
14/01/2023 17:54,1
14/01/2023 18:09,0
14/01/2023 18:24,0
14/01/2023 18:39,0
14/01/2023 18:53,0
14/01/2023 19:08,0
14/01/2023 19:23,0
14/01/2023 19:38,0
14/01/2023 19:53,0
14/01/2023 20:08,0
14/01/2023 20:22,0
14/01/2023 20:37,0
14/01/2023 20:52,0
14/01/2023 21:07,0
14/01/2023 21:22,0
14/01/2023 21:37,0
14/01/2023 21:51,0
14/01/2023 22:06,0
14/01/2023 22:21,0
14/01/2023 22:36,0
14/01/2023 22:51,0
14/01/2023 23:06,0
14/01/2023 23:20,0
14/01/2023 23:35,0
14/01/2023 23:50,0
15/01/2023 00:05,0
15/01/2023 00:20,0
15/01/2023 00:35,0
15/01/2023 00:49,0
15/01/2023 01:04,0
15/01/2023 01:19,0
15/01/2023 01:34,0
15/01/2023 01:49,0
15/01/2023 02:04,0
15/01/2023 02:18,0
15/01/2023 02:33,0
15/01/2023 02:48,0
15/01/2023 03:03,0
15/01/2023 03:18,0
15/01/2023 03:33,0
15/01/2023 03:47,0
15/01/2023 04:02,0
15/01/2023 04:17,0
15/01/2023 04:32,0
15/01/2023 04:47,0
15/01/2023 05:02,0
15/01/2023 05:16,0
15/01/2023 05:31,0
15/01/2023 05:46,0
15/01/2023 06:01,0
15/01/2023 06:16,0
15/01/2023 06:30,0
15/01/2023 06:45,0
15/01/2023 07:00,0
15/01/2023 07:15,0
15/01/2023 07:30,0
15/01/2023 07:45,0
15/01/2023 07:59,0
15/01/2023 08:14,0
15/01/2023 08:29,0
15/01/2023 08:44,0
15/01/2023 08:59,0
15/01/2023 09:14,0
15/01/2023 09:28,0
15/01/2023 09:43,0
15/01/2023 09:58,0
15/01/2023 10:13,0
15/01/2023 10:28,0
15/01/2023 10:43,0
15/01/2023 10:57,0
15/01/2023 11:12,0
15/01/2023 11:27,1
15/01/2023 11:42,2
15/01/2023 11:57,5
15/01/2023 12:12,7
15/01/2023 12:26,10
15/01/2023 12:41,12
15/01/2023 13:11,17
15/01/2023 13:26,19
15/01/2023 13:41,84
15/01/2023 13:55,99
15/01/2023 14:10,107
15/01/2023 14:25,113
15/01/2023 14:40,117
15/01/2023 14:55,119
15/01/2023 15:10,118
15/01/2023 15:24,116
15/01/2023 15:39,109
15/01/2023 15:54,99
15/01/2023 16:09,91
15/01/2023 16:24,82
15/01/2023 16:27,78
15/01/2023 16:42,69
15/01/2023 16:56,53
15/01/2023 17:11,27
15/01/2023 17:13,11
15/01/2023 17:28,5
15/01/2023 17:43,2
15/01/2023 17:57,0
15/01/2023 18:12,0
15/01/2023 18:27,0
15/01/2023 18:57,0
15/01/2023 18:58,0
15/01/2023 19:13,0
15/01/2023 19:28,0
15/01/2023 19:42,0
15/01/2023 19:57,0
15/01/2023 20:12,0
15/01/2023 20:27,0
15/01/2023 20:42,0
15/01/2023 20:57,0
15/01/2023 21:11,0
15/01/2023 21:26,0
15/01/2023 21:41,0
15/01/2023 21:56,0
15/01/2023 22:11,0
15/01/2023 22:26,0
15/01/2023 22:40,0
15/01/2023 22:55,0
15/01/2023 23:10,0
15/01/2023 23:25,0
15/01/2023 23:40,0
15/01/2023 23:55,0
16/01/2023 00:09,0
16/01/2023 00:24,0
16/01/2023 00:39,0
16/01/2023 00:54,0
16/01/2023 01:09,0
16/01/2023 01:24,0
16/01/2023 01:24,0
16/01/2023 01:39,0
16/01/2023 01:54,0
16/01/2023 02:09,0
16/01/2023 02:39,0
16/01/2023 02:53,0
16/01/2023 03:08,0
16/01/2023 03:23,0
16/01/2023 03:38,0
16/01/2023 03:53,0
16/01/2023 04:08,0
16/01/2023 04:37,0
16/01/2023 04:52,0
16/01/2023 05:07,0
16/01/2023 05:22,0
16/01/2023 05:37,0
16/01/2023 05:51,0
16/01/2023 06:06,0
16/01/2023 06:21,0
16/01/2023 06:36,0
16/01/2023 06:51,0
16/01/2023 07:06,0
16/01/2023 07:20,0
16/01/2023 07:35,0
16/01/2023 07:50,0
16/01/2023 07:54,0
16/01/2023 08:09,0
16/01/2023 08:24,0
16/01/2023 08:39,0
16/01/2023 08:54,0
16/01/2023 09:08,0
16/01/2023 09:23,0
16/01/2023 09:38,0
16/01/2023 09:53,0
16/01/2023 10:08,0
16/01/2023 10:23,0
16/01/2023 10:52,0
16/01/2023 11:07,0
16/01/2023 11:22,0
16/01/2023 11:37,2
16/01/2023 11:52,4
16/01/2023 12:06,7
16/01/2023 12:21,10
16/01/2023 12:36,13
16/01/2023 12:51,16
16/01/2023 13:06,19
16/01/2023 13:20,21
16/01/2023 13:35,61
16/01/2023 13:50,98
16/01/2023 14:05,108
16/01/2023 14:20,114
16/01/2023 14:35,118
16/01/2023 14:49,119
16/01/2023 15:04,119
16/01/2023 15:19,117
16/01/2023 15:34,113
16/01/2023 15:49,106
16/01/2023 16:04,97
16/01/2023 16:18,86
16/01/2023 16:33,68
16/01/2023 16:48,57
16/01/2023 17:03,38
16/01/2023 17:18,19
16/01/2023 17:33,5
16/01/2023 17:47,2
16/01/2023 18:02,0
16/01/2023 18:17,0
16/01/2023 18:32,0
16/01/2023 18:47,0
16/01/2023 19:02,0
16/01/2023 19:16,0
16/01/2023 19:31,0
16/01/2023 19:46,0
16/01/2023 20:01,0
16/01/2023 20:16,0
16/01/2023 20:31,0
16/01/2023 20:45,0
16/01/2023 21:00,0
16/01/2023 21:15,0
16/01/2023 21:30,0
16/01/2023 21:45,0
16/01/2023 22:00,0
16/01/2023 22:14,0
16/01/2023 22:29,0
16/01/2023 22:44,0
16/01/2023 22:59,0
16/01/2023 23:14,0
16/01/2023 23:29,0
16/01/2023 23:43,0
16/01/2023 23:58,0
17/01/2023 00:28,0
17/01/2023 00:43,0
17/01/2023 00:58,0
17/01/2023 01:12,0
17/01/2023 01:27,0
17/01/2023 01:42,0
17/01/2023 01:57,0
17/01/2023 02:12,0
17/01/2023 02:27,0
17/01/2023 02:41,0
17/01/2023 02:56,0
17/01/2023 03:11,0
17/01/2023 03:26,0
17/01/2023 03:41,0
17/01/2023 03:56,0
17/01/2023 04:10,0
17/01/2023 04:25,0
17/01/2023 04:40,0
17/01/2023 04:55,0
17/01/2023 05:10,0
17/01/2023 05:24,0
17/01/2023 05:39,0
17/01/2023 05:54,0
17/01/2023 06:09,0
17/01/2023 06:24,0
17/01/2023 06:39,0
17/01/2023 06:53,0
17/01/2023 07:08,0
17/01/2023 07:23,0
17/01/2023 07:38,0
17/01/2023 07:53,0
17/01/2023 08:08,0
17/01/2023 08:22,0
17/01/2023 08:37,0
17/01/2023 09:07,0
17/01/2023 09:22,0
17/01/2023 09:37,0
17/01/2023 09:51,0
17/01/2023 10:06,0
17/01/2023 10:21,0
17/01/2023 10:23,0
17/01/2023 10:38,0
17/01/2023 10:52,0
17/01/2023 11:07,0
17/01/2023 11:22,0
17/01/2023 11:37,2
17/01/2023 11:52,4
17/01/2023 12:07,8
17/01/2023 12:21,11
17/01/2023 12:36,14
17/01/2023 12:51,18
17/01/2023 13:06,21
17/01/2023 13:21,25
17/01/2023 13:36,67
17/01/2023 13:50,97
17/01/2023 14:05,105
17/01/2023 14:20,111
17/01/2023 14:35,116
17/01/2023 14:38,117
17/01/2023 14:53,118
17/01/2023 15:08,119
17/01/2023 15:23,117
17/01/2023 15:37,114
17/01/2023 15:52,105
17/01/2023 16:07,96
17/01/2023 16:22,84
17/01/2023 16:37,69
17/01/2023 16:52,52
17/01/2023 17:06,35
17/01/2023 17:21,15
17/01/2023 17:36,4
17/01/2023 17:51,2
17/01/2023 17:58,1
17/01/2023 18:13,0
17/01/2023 18:28,0
17/01/2023 18:42,0
17/01/2023 18:57,0
17/01/2023 19:12,0
17/01/2023 19:27,0
17/01/2023 19:28,0
17/01/2023 19:43,0
17/01/2023 20:27,0
17/01/2023 20:42,0
17/01/2023 20:57,0
17/01/2023 21:27,0
17/01/2023 21:42,0
17/01/2023 21:56,0
17/01/2023 22:11,0
17/01/2023 22:41,0
17/01/2023 22:56,0
17/01/2023 23:10,0
17/01/2023 23:14,0
17/01/2023 23:28,0
17/01/2023 23:43,0
17/01/2023 23:58,0
18/01/2023 00:13,0
18/01/2023 00:43,0
18/01/2023 00:57,0
18/01/2023 01:12,0
18/01/2023 01:27,0
18/01/2023 01:42,0
18/01/2023 01:57,0
18/01/2023 02:11,0
18/01/2023 02:26,0
18/01/2023 02:41,0
18/01/2023 02:56,0
18/01/2023 03:11,0
18/01/2023 03:26,0
18/01/2023 03:40,0
18/01/2023 03:55,0
18/01/2023 04:10,0
18/01/2023 04:25,0
18/01/2023 04:40,0
18/01/2023 04:55,0
18/01/2023 05:09,0
18/01/2023 05:24,0
18/01/2023 05:54,0
18/01/2023 06:09,0
18/01/2023 06:24,0
18/01/2023 06:38,0
18/01/2023 06:53,0
18/01/2023 07:08,0
18/01/2023 07:11,0
18/01/2023 07:26,0
18/01/2023 07:40,0
18/01/2023 07:55,0
18/01/2023 08:10,0
18/01/2023 08:25,0
18/01/2023 08:40,0
18/01/2023 08:44,0
18/01/2023 08:59,0
18/01/2023 09:14,0
18/01/2023 09:28,0
18/01/2023 09:43,0
18/01/2023 09:58,0
18/01/2023 10:13,0
18/01/2023 10:14,0
18/01/2023 10:29,0
18/01/2023 10:44,0
18/01/2023 10:58,0
18/01/2023 11:13,0
18/01/2023 11:28,2
18/01/2023 11:43,3
18/01/2023 11:44,5
18/01/2023 11:59,6
18/01/2023 12:14,9
18/01/2023 12:28,13
18/01/2023 12:43,16
18/01/2023 12:58,19
18/01/2023 13:13,22
18/01/2023 13:28,47
18/01/2023 13:43,93
18/01/2023 13:57,103
18/01/2023 14:12,110
18/01/2023 14:27,115
18/01/2023 14:42,118
18/01/2023 14:57,120
18/01/2023 15:12,119
18/01/2023 15:26,115
18/01/2023 15:41,109
18/01/2023 15:56,98
18/01/2023 16:11,88
18/01/2023 16:26,81
18/01/2023 16:41,65
18/01/2023 16:55,56
18/01/2023 17:10,39
18/01/2023 17:40,5
18/01/2023 17:42,3
18/01/2023 17:57,2
18/01/2023 18:11,0
18/01/2023 18:26,0
18/01/2023 18:41,0
18/01/2023 18:56,0
18/01/2023 19:11,0
18/01/2023 19:26,0
18/01/2023 19:40,0
18/01/2023 19:55,0
18/01/2023 20:10,0
18/01/2023 20:25,0
18/01/2023 20:40,0
18/01/2023 20:55,0
18/01/2023 21:09,0
18/01/2023 21:24,0
18/01/2023 21:39,0
18/01/2023 22:09,0
18/01/2023 22:24,0
18/01/2023 22:38,0
18/01/2023 22:53,0
18/01/2023 23:08,0
18/01/2023 23:23,0
18/01/2023 23:38,0
18/01/2023 23:52,0
19/01/2023 00:07,0
19/01/2023 00:22,0
19/01/2023 00:37,0
19/01/2023 00:52,0
19/01/2023 01:07,0
19/01/2023 01:21,0
19/01/2023 01:36,0
19/01/2023 01:51,0
19/01/2023 02:06,0
19/01/2023 02:21,0
19/01/2023 02:36,0
19/01/2023 02:50,0
19/01/2023 03:05,0
19/01/2023 03:20,0
19/01/2023 03:35,0
19/01/2023 03:50,0
19/01/2023 04:05,0
19/01/2023 04:19,0
19/01/2023 04:23,0
19/01/2023 04:38,0
19/01/2023 04:53,0
19/01/2023 05:08,0
19/01/2023 05:22,0
19/01/2023 05:37,0
19/01/2023 05:52,0
19/01/2023 06:07,0
19/01/2023 06:22,0
19/01/2023 06:37,0
19/01/2023 06:51,0
19/01/2023 07:06,0
19/01/2023 07:21,0
19/01/2023 07:36,0
19/01/2023 07:51,0
19/01/2023 08:06,0
19/01/2023 08:20,0
19/01/2023 08:35,0
19/01/2023 08:50,0
19/01/2023 09:05,0
19/01/2023 09:20,0
19/01/2023 09:35,0
19/01/2023 09:49,0
19/01/2023 10:19,0
19/01/2023 10:34,0
19/01/2023 10:49,0
19/01/2023 11:04,0
19/01/2023 11:18,3
19/01/2023 11:33,3
19/01/2023 11:48,4
19/01/2023 12:03,9
19/01/2023 12:18,13
19/01/2023 12:33,17
19/01/2023 12:47,24
19/01/2023 13:02,28
19/01/2023 13:17,33
19/01/2023 13:32,38
19/01/2023 13:47,47
19/01/2023 14:02,47
19/01/2023 14:04,47
19/01/2023 14:19,50
19/01/2023 14:33,52
19/01/2023 14:48,54
19/01/2023 15:03,55
19/01/2023 15:18,59
19/01/2023 15:33,65
19/01/2023 16:02,39
19/01/2023 16:17,34
19/01/2023 16:32,28
19/01/2023 16:47,22
19/01/2023 17:02,17
19/01/2023 17:17,10
19/01/2023 17:31,4
19/01/2023 17:46,1
19/01/2023 18:01,1
19/01/2023 18:16,0
19/01/2023 18:31,0
19/01/2023 18:46,0
19/01/2023 19:00,0
19/01/2023 19:15,0
19/01/2023 19:30,0
19/01/2023 19:45,0
19/01/2023 20:00,0
19/01/2023 20:15,0
19/01/2023 20:29,0
19/01/2023 20:44,0
19/01/2023 20:59,0
19/01/2023 21:14,0
19/01/2023 21:29,0
19/01/2023 21:44,0
19/01/2023 21:58,0
19/01/2023 22:13,0
19/01/2023 22:28,0
19/01/2023 22:43,0
19/01/2023 22:58,0
19/01/2023 23:13,0
19/01/2023 23:27,0
19/01/2023 23:42,0
19/01/2023 23:57,0
20/01/2023 00:12,0
20/01/2023 00:27,0
20/01/2023 00:42,0
20/01/2023 00:56,0
20/01/2023 01:26,0
20/01/2023 01:41,0
20/01/2023 01:56,0
20/01/2023 02:11,0
20/01/2023 02:25,0
20/01/2023 02:40,0
20/01/2023 02:55,0
20/01/2023 03:10,0
20/01/2023 03:25,0
20/01/2023 03:40,0
20/01/2023 03:54,0
20/01/2023 04:09,0
20/01/2023 04:10,0
20/01/2023 04:25,0
20/01/2023 04:40,0
20/01/2023 04:55,0
20/01/2023 05:09,0
20/01/2023 05:11,0
20/01/2023 05:26,0
20/01/2023 05:41,0
20/01/2023 05:56,0
20/01/2023 06:11,0
20/01/2023 06:40,0
20/01/2023 06:55,0
20/01/2023 07:10,0
20/01/2023 07:25,0
20/01/2023 07:40,0
20/01/2023 07:54,0
20/01/2023 08:09,0
20/01/2023 08:24,0
20/01/2023 08:39,0
20/01/2023 08:54,0
20/01/2023 09:09,0
20/01/2023 09:23,0
20/01/2023 09:24,0
20/01/2023 09:39,0
20/01/2023 09:54,0
20/01/2023 10:09,0
20/01/2023 10:24,0
20/01/2023 10:39,0
20/01/2023 10:41,0
20/01/2023 10:55,0
20/01/2023 11:10,0
20/01/2023 11:25,0
20/01/2023 11:40,0
20/01/2023 11:55,0
20/01/2023 12:10,0
20/01/2023 12:24,1
20/01/2023 12:39,1
20/01/2023 12:54,1
20/01/2023 13:09,2
20/01/2023 13:24,2
20/01/2023 13:39,4
20/01/2023 13:53,5
20/01/2023 14:08,6
20/01/2023 14:23,7
20/01/2023 14:38,6
20/01/2023 14:53,5
20/01/2023 15:08,5
20/01/2023 15:22,4
20/01/2023 15:37,4
20/01/2023 15:52,4
20/01/2023 16:07,4
20/01/2023 16:22,3
20/01/2023 16:37,3
20/01/2023 16:51,2
20/01/2023 17:06,2
20/01/2023 17:21,1
20/01/2023 17:36,0
20/01/2023 17:51,0
20/01/2023 18:06,0
20/01/2023 18:20,0
20/01/2023 18:35,0
20/01/2023 18:50,0
20/01/2023 19:05,0
20/01/2023 19:10,0
20/01/2023 19:25,0
20/01/2023 19:40,0
20/01/2023 19:54,0
20/01/2023 20:09,0
20/01/2023 20:24,0
20/01/2023 20:39,0
20/01/2023 20:54,0
20/01/2023 21:09,0
20/01/2023 21:23,0
20/01/2023 21:38,0
20/01/2023 21:53,0
20/01/2023 22:08,0
20/01/2023 22:37,0
20/01/2023 22:52,0
20/01/2023 23:07,0
20/01/2023 23:22,0
20/01/2023 23:37,0
20/01/2023 23:52,0
21/01/2023 00:06,0
21/01/2023 00:21,0
21/01/2023 00:36,0
21/01/2023 00:51,0
21/01/2023 01:06,0
21/01/2023 01:21,0
21/01/2023 01:35,0
21/01/2023 01:50,0
21/01/2023 02:05,0
21/01/2023 02:20,0
21/01/2023 02:35,0
21/01/2023 02:50,0
21/01/2023 03:04,0
21/01/2023 03:19,0
21/01/2023 03:34,0
21/01/2023 03:49,0
21/01/2023 04:04,0
21/01/2023 04:19,0
21/01/2023 04:22,0
21/01/2023 04:37,0
21/01/2023 04:51,0
21/01/2023 05:06,0
21/01/2023 05:21,0
21/01/2023 05:36,0
21/01/2023 05:51,0
21/01/2023 06:06,0
21/01/2023 06:20,0
21/01/2023 06:35,0
21/01/2023 06:50,0
21/01/2023 07:05,0
21/01/2023 07:20,0
21/01/2023 07:34,0
21/01/2023 07:49,0
21/01/2023 08:04,0
21/01/2023 08:19,0
21/01/2023 08:34,0
21/01/2023 08:49,0
21/01/2023 09:04,0
21/01/2023 09:19,0
21/01/2023 09:33,0
21/01/2023 09:48,0
21/01/2023 10:03,0
21/01/2023 10:18,0
21/01/2023 10:33,0
21/01/2023 10:48,0
21/01/2023 11:02,0
21/01/2023 11:17,0
21/01/2023 11:32,1
21/01/2023 11:47,4
21/01/2023 12:02,10
21/01/2023 12:16,14
21/01/2023 12:31,17
21/01/2023 12:46,21
21/01/2023 13:01,25
21/01/2023 13:16,34
21/01/2023 13:31,46
21/01/2023 13:45,61
21/01/2023 14:00,50
21/01/2023 14:15,44
21/01/2023 14:30,50
21/01/2023 14:45,47
21/01/2023 15:00,37
21/01/2023 15:04,47
21/01/2023 15:18,47
21/01/2023 15:33,33
21/01/2023 15:48,36
21/01/2023 16:03,37
21/01/2023 16:18,34
21/01/2023 16:33,28
21/01/2023 16:47,23
21/01/2023 17:02,14
21/01/2023 17:17,9
21/01/2023 17:32,6
21/01/2023 17:47,3
21/01/2023 18:02,1
21/01/2023 18:16,0
21/01/2023 18:31,0
21/01/2023 18:46,0
21/01/2023 19:01,0
21/01/2023 19:16,0
21/01/2023 19:31,0
21/01/2023 19:45,0
21/01/2023 20:00,0
21/01/2023 20:15,0
21/01/2023 20:30,0
21/01/2023 20:45,0
21/01/2023 21:00,0
21/01/2023 21:14,0
21/01/2023 21:29,0
21/01/2023 21:44,0
21/01/2023 21:59,0
21/01/2023 22:14,0
21/01/2023 22:28,0
21/01/2023 22:43,0
21/01/2023 22:58,0
21/01/2023 23:13,0
21/01/2023 23:28,0
21/01/2023 23:43,0
21/01/2023 23:57,0
22/01/2023 00:12,0
22/01/2023 00:27,0
22/01/2023 00:42,0
22/01/2023 00:57,0
22/01/2023 01:12,0
22/01/2023 01:26,0
22/01/2023 01:41,0
22/01/2023 01:56,0
22/01/2023 02:11,0
22/01/2023 02:26,0
22/01/2023 02:41,0
22/01/2023 02:55,0
22/01/2023 03:10,0
22/01/2023 03:25,0
22/01/2023 03:40,0
22/01/2023 03:55,0
22/01/2023 04:10,0
22/01/2023 04:24,0
22/01/2023 04:39,0
22/01/2023 04:54,0
22/01/2023 05:09,0
22/01/2023 05:39,0
22/01/2023 05:53,0
22/01/2023 06:08,0
22/01/2023 06:23,0
22/01/2023 06:38,0
22/01/2023 06:53,0
22/01/2023 07:08,0
22/01/2023 07:22,0
22/01/2023 07:37,0
22/01/2023 07:52,0
22/01/2023 08:07,0
22/01/2023 08:22,0
22/01/2023 08:37,0
22/01/2023 08:51,0
22/01/2023 09:06,0
22/01/2023 09:21,0
22/01/2023 09:36,0
22/01/2023 09:51,0
22/01/2023 10:06,0
22/01/2023 10:20,0
22/01/2023 10:35,0
22/01/2023 11:05,0
22/01/2023 11:20,1
22/01/2023 11:35,3
22/01/2023 11:49,4
22/01/2023 12:04,6
22/01/2023 12:19,11
22/01/2023 12:34,13
22/01/2023 13:04,29
22/01/2023 13:18,54
22/01/2023 13:33,34
22/01/2023 13:48,46
22/01/2023 14:03,50
22/01/2023 14:33,31
22/01/2023 14:47,84
22/01/2023 15:02,72
22/01/2023 15:17,59
22/01/2023 15:32,39
22/01/2023 16:16,65
22/01/2023 16:31,26
22/01/2023 16:46,31
22/01/2023 17:01,20
22/01/2023 17:16,13
22/01/2023 17:30,8
22/01/2023 17:45,5
22/01/2023 18:00,2
22/01/2023 18:15,1
22/01/2023 18:30,0
22/01/2023 18:45,0
22/01/2023 18:59,0
22/01/2023 19:14,0
22/01/2023 19:29,0
22/01/2023 19:44,0
22/01/2023 19:59,0
22/01/2023 20:14,0
22/01/2023 20:28,0
22/01/2023 20:43,0
22/01/2023 20:58,0
22/01/2023 21:13,0
22/01/2023 21:43,0
22/01/2023 21:57,0
22/01/2023 22:12,0
22/01/2023 22:27,0
22/01/2023 22:42,0
22/01/2023 22:57,0
22/01/2023 23:12,0
22/01/2023 23:26,0
22/01/2023 23:41,0
22/01/2023 23:56,0
23/01/2023 00:11,0
23/01/2023 00:26,0
23/01/2023 00:41,0
23/01/2023 00:55,0
23/01/2023 01:10,0
23/01/2023 01:25,0
23/01/2023 01:40,0
23/01/2023 01:55,0
23/01/2023 02:10,0
23/01/2023 02:24,0
23/01/2023 02:39,0
23/01/2023 02:54,0
23/01/2023 03:09,0
23/01/2023 03:24,0
23/01/2023 03:39,0
23/01/2023 03:53,0
23/01/2023 04:08,0
23/01/2023 04:23,0
23/01/2023 04:38,0
23/01/2023 04:53,0
23/01/2023 05:08,0
23/01/2023 05:22,0
23/01/2023 05:37,0
23/01/2023 05:52,0
23/01/2023 06:07,0
23/01/2023 06:22,0
23/01/2023 06:36,0
23/01/2023 06:51,0
23/01/2023 07:06,0
23/01/2023 07:21,0
23/01/2023 07:36,0
23/01/2023 07:51,0
23/01/2023 08:05,0
23/01/2023 08:20,0
23/01/2023 08:35,0
23/01/2023 08:50,0
23/01/2023 09:05,0
23/01/2023 09:20,0
23/01/2023 09:34,0
23/01/2023 09:49,0
23/01/2023 10:04,0
23/01/2023 10:19,0
23/01/2023 10:34,0
23/01/2023 11:33,2
23/01/2023 11:48,5
23/01/2023 12:03,11
23/01/2023 12:18,15
23/01/2023 12:32,18
23/01/2023 12:47,16
23/01/2023 13:02,14
23/01/2023 13:17,15
23/01/2023 13:32,20
23/01/2023 13:47,27
23/01/2023 14:01,34
23/01/2023 14:31,42
23/01/2023 14:46,45
23/01/2023 15:01,47
23/01/2023 15:16,43
23/01/2023 15:30,37
23/01/2023 15:45,32
23/01/2023 15:47,33
23/01/2023 16:02,31
23/01/2023 16:17,26
23/01/2023 16:32,24
23/01/2023 16:47,16
23/01/2023 17:02,15
23/01/2023 17:16,9
23/01/2023 17:31,6
23/01/2023 17:46,2
23/01/2023 18:01,1
23/01/2023 18:16,0
23/01/2023 18:31,0
23/01/2023 18:45,0
23/01/2023 19:00,0
23/01/2023 19:15,0
23/01/2023 19:18,0
23/01/2023 19:33,0
23/01/2023 19:48,0
23/01/2023 20:02,0
23/01/2023 20:17,0
23/01/2023 20:32,0
23/01/2023 20:47,0
23/01/2023 21:02,0
23/01/2023 21:17,0
23/01/2023 21:31,0
23/01/2023 21:46,0
23/01/2023 22:01,0
23/01/2023 22:16,0
23/01/2023 22:31,0
23/01/2023 22:46,0
23/01/2023 23:00,0
23/01/2023 23:15,0
23/01/2023 23:30,0
23/01/2023 23:45,0
24/01/2023 00:00,0
24/01/2023 00:15,0
24/01/2023 00:29,0
24/01/2023 00:44,0
24/01/2023 00:59,0
24/01/2023 01:14,0
24/01/2023 01:29,0
24/01/2023 01:44,0
24/01/2023 01:58,0
24/01/2023 02:13,0
24/01/2023 02:28,0
24/01/2023 02:31,0
24/01/2023 02:46,0
24/01/2023 03:01,0
24/01/2023 03:16,0
24/01/2023 03:31,0
24/01/2023 03:46,0
24/01/2023 04:00,0
24/01/2023 04:15,0
24/01/2023 04:30,0
24/01/2023 04:45,0
24/01/2023 05:00,0
24/01/2023 05:15,0
24/01/2023 05:29,0
24/01/2023 05:44,0
24/01/2023 05:59,0
24/01/2023 06:14,0
24/01/2023 06:29,0
24/01/2023 06:44,0
24/01/2023 06:58,0
24/01/2023 07:13,0
24/01/2023 07:28,0
24/01/2023 07:43,0
24/01/2023 07:58,0
24/01/2023 07:59,0
24/01/2023 08:29,0
24/01/2023 08:44,0
24/01/2023 08:59,0
24/01/2023 09:13,0
24/01/2023 09:28,0
24/01/2023 09:43,0
24/01/2023 09:58,0
24/01/2023 10:13,0
24/01/2023 10:28,0
24/01/2023 10:42,0
24/01/2023 10:57,0
24/01/2023 11:12,0
24/01/2023 11:27,0
24/01/2023 11:42,1
24/01/2023 11:57,3
24/01/2023 12:11,4
24/01/2023 12:26,5
24/01/2023 12:56,19
24/01/2023 13:11,12
24/01/2023 13:26,25
24/01/2023 13:40,23
24/01/2023 13:55,23
24/01/2023 14:10,31
24/01/2023 14:25,20
24/01/2023 14:40,27
24/01/2023 14:55,41
24/01/2023 15:09,48
24/01/2023 15:24,70
24/01/2023 15:39,62
24/01/2023 15:54,23
24/01/2023 16:09,21
24/01/2023 16:24,13
24/01/2023 16:38,11
24/01/2023 16:53,8
24/01/2023 17:08,12
24/01/2023 17:23,15
24/01/2023 17:38,7
24/01/2023 17:53,3
24/01/2023 18:07,1
24/01/2023 18:22,0
24/01/2023 18:37,0
24/01/2023 18:52,0
24/01/2023 19:07,0
24/01/2023 19:22,0
24/01/2023 19:36,0
24/01/2023 19:51,0
24/01/2023 20:06,0
24/01/2023 20:21,0
24/01/2023 20:36,0
24/01/2023 20:51,0
24/01/2023 21:05,0
24/01/2023 21:20,0
24/01/2023 21:35,0
24/01/2023 21:50,0
24/01/2023 22:05,0
24/01/2023 22:20,0
24/01/2023 22:34,0
24/01/2023 22:49,0
24/01/2023 23:04,0
24/01/2023 23:19,0
24/01/2023 23:34,0
24/01/2023 23:49,0
25/01/2023 00:03,0
25/01/2023 00:18,0
25/01/2023 00:33,0
25/01/2023 00:48,0
25/01/2023 01:03,0
25/01/2023 01:17,0
25/01/2023 01:32,0
25/01/2023 01:47,0
25/01/2023 02:02,0
25/01/2023 02:17,0
25/01/2023 02:32,0
25/01/2023 02:46,0
25/01/2023 03:01,0
25/01/2023 03:16,0
25/01/2023 03:31,0
25/01/2023 03:34,0
25/01/2023 03:49,0
25/01/2023 04:04,0
25/01/2023 04:19,0
25/01/2023 04:33,0
25/01/2023 04:48,0
25/01/2023 05:03,0
25/01/2023 05:18,0
25/01/2023 05:33,0
25/01/2023 05:48,0
25/01/2023 06:02,0
25/01/2023 06:17,0
25/01/2023 06:32,0
25/01/2023 06:47,0
25/01/2023 07:02,0
25/01/2023 07:17,0
25/01/2023 07:31,0
25/01/2023 07:46,0
25/01/2023 08:01,0
25/01/2023 08:16,0
25/01/2023 08:31,0
25/01/2023 08:46,0
25/01/2023 09:00,0
25/01/2023 09:15,0
25/01/2023 09:30,0
25/01/2023 09:45,0
25/01/2023 10:00,0
25/01/2023 10:14,0
25/01/2023 10:29,0
25/01/2023 10:44,0
25/01/2023 10:45,1
25/01/2023 11:00,3
25/01/2023 11:15,5
25/01/2023 11:30,7
25/01/2023 11:45,11
25/01/2023 12:00,18
25/01/2023 12:14,26
25/01/2023 12:29,39
25/01/2023 12:44,48
25/01/2023 12:59,45
25/01/2023 13:14,52
25/01/2023 13:29,70
25/01/2023 13:43,75
25/01/2023 13:58,77
25/01/2023 14:13,90
25/01/2023 14:28,86
25/01/2023 14:43,83
25/01/2023 14:58,77
25/01/2023 15:12,66
25/01/2023 15:27,49
25/01/2023 15:42,38
25/01/2023 15:57,47
25/01/2023 16:12,59
25/01/2023 16:27,45
25/01/2023 16:41,37
25/01/2023 16:56,30
25/01/2023 17:11,23
25/01/2023 17:26,16
25/01/2023 17:41,8
25/01/2023 17:55,4
25/01/2023 18:10,2
25/01/2023 18:25,1
25/01/2023 18:40,0
25/01/2023 18:55,0
25/01/2023 19:10,0
25/01/2023 19:24,0
25/01/2023 19:39,0
25/01/2023 19:54,0
25/01/2023 20:09,0
25/01/2023 20:24,0
25/01/2023 20:39,0
25/01/2023 20:53,0
25/01/2023 21:08,0
25/01/2023 21:23,0
25/01/2023 21:41,0
25/01/2023 21:55,0
25/01/2023 22:10,0
25/01/2023 22:25,0
25/01/2023 22:40,0
25/01/2023 22:55,0
25/01/2023 23:10,0
25/01/2023 23:24,0
25/01/2023 23:39,0
25/01/2023 23:54,0
26/01/2023 00:09,0
26/01/2023 00:24,0
26/01/2023 00:39,0
26/01/2023 00:53,0
26/01/2023 01:08,0
26/01/2023 01:23,0
26/01/2023 01:38,0
26/01/2023 01:53,0
26/01/2023 02:22,0
26/01/2023 02:37,0
26/01/2023 02:52,0
26/01/2023 03:07,0
26/01/2023 03:22,0
26/01/2023 03:36,0
26/01/2023 03:51,0
26/01/2023 04:06,0
26/01/2023 04:21,0
26/01/2023 04:36,0
26/01/2023 04:51,0
26/01/2023 05:05,0
26/01/2023 05:20,0
26/01/2023 05:35,0
26/01/2023 05:50,0
26/01/2023 06:05,0
26/01/2023 06:20,0
26/01/2023 06:21,0
26/01/2023 06:35,0
26/01/2023 06:50,0
26/01/2023 07:20,0
26/01/2023 07:35,0
26/01/2023 07:50,0
26/01/2023 08:19,0
26/01/2023 08:34,0
26/01/2023 08:49,0
26/01/2023 09:04,0
26/01/2023 09:18,0
26/01/2023 09:33,0
26/01/2023 10:03,0
26/01/2023 10:18,0
26/01/2023 10:33,0
26/01/2023 10:47,0
26/01/2023 11:02,0
26/01/2023 11:17,0
26/01/2023 11:20,0
26/01/2023 11:34,0
26/01/2023 11:49,0
26/01/2023 12:04,0
26/01/2023 12:19,1
26/01/2023 12:34,1
26/01/2023 12:49,3
26/01/2023 13:03,4
26/01/2023 13:18,5
26/01/2023 13:33,6
26/01/2023 13:48,8
26/01/2023 14:03,7
26/01/2023 14:18,8
26/01/2023 14:32,10
26/01/2023 14:47,8
26/01/2023 15:02,11
26/01/2023 15:17,12
26/01/2023 15:32,12
26/01/2023 15:47,14
26/01/2023 16:01,11
26/01/2023 16:16,12
26/01/2023 16:31,16
26/01/2023 16:46,13
26/01/2023 17:01,11
26/01/2023 17:16,8
26/01/2023 17:30,5
26/01/2023 17:45,2
26/01/2023 18:00,0
26/01/2023 18:15,0
26/01/2023 18:30,0
26/01/2023 18:45,0
26/01/2023 18:59,0
26/01/2023 19:14,0
26/01/2023 19:29,0
26/01/2023 19:44,0
26/01/2023 19:59,0
26/01/2023 20:14,0
26/01/2023 20:28,0
26/01/2023 20:43,0
26/01/2023 20:58,0
26/01/2023 21:13,0
26/01/2023 21:28,0
26/01/2023 21:43,0
26/01/2023 21:57,0
26/01/2023 22:12,0
26/01/2023 22:27,0
26/01/2023 22:42,0
26/01/2023 22:57,0
26/01/2023 23:11,0
26/01/2023 23:26,0
26/01/2023 23:41,0
26/01/2023 23:56,0
27/01/2023 00:11,0
27/01/2023 00:26,0
27/01/2023 00:40,0
27/01/2023 00:55,0
27/01/2023 01:10,0
27/01/2023 01:25,0
27/01/2023 01:40,0
27/01/2023 01:55,0
27/01/2023 02:09,0
27/01/2023 02:24,0
27/01/2023 02:27,0
27/01/2023 02:41,0
27/01/2023 02:56,0
27/01/2023 03:11,0
27/01/2023 03:26,0
27/01/2023 03:41,0
27/01/2023 03:56,0
27/01/2023 04:10,0
27/01/2023 04:25,0
27/01/2023 04:40,0
27/01/2023 04:55,0
27/01/2023 05:10,0
27/01/2023 05:25,0
27/01/2023 05:39,0
27/01/2023 05:54,0
27/01/2023 06:09,0
27/01/2023 06:24,0
27/01/2023 06:39,0
27/01/2023 06:54,0
27/01/2023 07:08,0
27/01/2023 07:23,0
27/01/2023 07:38,0
27/01/2023 07:53,0
27/01/2023 08:08,0
27/01/2023 08:23,0
27/01/2023 08:37,0
27/01/2023 08:52,0
27/01/2023 09:07,0
27/01/2023 09:22,0
27/01/2023 09:37,0
27/01/2023 09:52,0
27/01/2023 10:06,0
27/01/2023 10:21,0
27/01/2023 10:36,0
27/01/2023 10:51,0
27/01/2023 11:06,1
27/01/2023 11:20,2
27/01/2023 11:35,5
27/01/2023 11:50,8
27/01/2023 12:05,11
27/01/2023 12:20,15
27/01/2023 12:35,19
27/01/2023 12:49,70
27/01/2023 13:04,85
27/01/2023 13:19,35
27/01/2023 13:34,91
27/01/2023 13:49,59
27/01/2023 14:04,62
27/01/2023 14:18,35
27/01/2023 14:33,111
27/01/2023 14:48,92
27/01/2023 15:03,114
27/01/2023 15:33,59
27/01/2023 15:47,47
27/01/2023 16:02,58
27/01/2023 16:17,49
27/01/2023 16:32,43
27/01/2023 16:47,27
27/01/2023 17:02,31
27/01/2023 17:16,20
27/01/2023 17:31,10
27/01/2023 17:46,6
27/01/2023 18:01,2
27/01/2023 18:16,0
27/01/2023 18:31,0
27/01/2023 18:45,0
27/01/2023 19:00,0
27/01/2023 19:15,0
27/01/2023 19:30,0
27/01/2023 19:45,0
27/01/2023 20:00,0
27/01/2023 20:14,0
27/01/2023 20:29,0
27/01/2023 20:44,0
27/01/2023 20:59,0
27/01/2023 21:14,0
27/01/2023 21:29,0
27/01/2023 21:43,0
27/01/2023 21:58,0
27/01/2023 22:13,0
27/01/2023 22:28,0
27/01/2023 22:43,0
27/01/2023 22:58,0
27/01/2023 23:12,0
27/01/2023 23:27,0
27/01/2023 23:42,0
27/01/2023 23:57,0
28/01/2023 00:12,0
28/01/2023 00:27,0
28/01/2023 00:41,0
28/01/2023 00:56,0
28/01/2023 01:11,0
28/01/2023 01:26,0
28/01/2023 01:41,0
28/01/2023 01:56,0
28/01/2023 02:10,0
28/01/2023 02:25,0
28/01/2023 02:40,0
28/01/2023 02:55,0
28/01/2023 03:10,0
28/01/2023 03:25,0
28/01/2023 03:39,0
28/01/2023 03:54,0
28/01/2023 04:09,0
28/01/2023 04:24,0
28/01/2023 04:39,0
28/01/2023 04:53,0
28/01/2023 05:08,0
28/01/2023 05:23,0
28/01/2023 05:25,0
28/01/2023 05:40,0
28/01/2023 05:55,0
28/01/2023 06:09,0
28/01/2023 06:24,0
28/01/2023 06:39,0
28/01/2023 06:54,0
28/01/2023 07:09,0
28/01/2023 07:24,0
28/01/2023 07:38,0
28/01/2023 07:53,0
28/01/2023 08:08,0
28/01/2023 08:23,0
28/01/2023 08:38,0
28/01/2023 08:53,0
28/01/2023 09:07,0
28/01/2023 09:22,0
28/01/2023 09:37,0
28/01/2023 09:52,0
28/01/2023 10:07,0
28/01/2023 10:22,0
28/01/2023 10:36,0
28/01/2023 11:06,0
28/01/2023 11:21,0
28/01/2023 11:36,0
28/01/2023 11:42,0
28/01/2023 11:57,0
28/01/2023 12:12,0
28/01/2023 12:26,2
28/01/2023 12:41,3
28/01/2023 12:56,4
28/01/2023 13:11,4
28/01/2023 13:26,3
28/01/2023 13:40,3
28/01/2023 13:55,4
28/01/2023 14:10,8
28/01/2023 14:25,11
28/01/2023 14:40,13
28/01/2023 14:55,15
28/01/2023 15:09,20
28/01/2023 15:24,39
28/01/2023 15:39,49
28/01/2023 15:54,62
28/01/2023 16:09,64
28/01/2023 16:24,49
28/01/2023 16:38,33
28/01/2023 16:53,38
28/01/2023 17:08,36
28/01/2023 17:23,19
28/01/2023 17:38,14
28/01/2023 17:53,7
28/01/2023 18:07,5
28/01/2023 18:22,3
28/01/2023 18:37,1
28/01/2023 18:52,0
28/01/2023 19:07,0
28/01/2023 19:22,0
28/01/2023 19:36,0
28/01/2023 19:51,0
28/01/2023 20:06,0
28/01/2023 20:21,0
28/01/2023 20:23,0
28/01/2023 20:38,0
28/01/2023 20:53,0
28/01/2023 21:07,0
28/01/2023 21:22,0
28/01/2023 21:37,0
28/01/2023 21:52,0
28/01/2023 22:07,0
28/01/2023 22:22,0
28/01/2023 22:36,0
28/01/2023 22:51,0
28/01/2023 23:06,0
28/01/2023 23:21,0
28/01/2023 23:36,0
28/01/2023 23:51,0
29/01/2023 00:05,0
29/01/2023 00:20,0
29/01/2023 00:35,0
29/01/2023 00:50,0
29/01/2023 01:05,0
29/01/2023 01:19,0
29/01/2023 01:34,0
29/01/2023 01:49,0
29/01/2023 02:04,0
29/01/2023 02:08,0
29/01/2023 02:23,0
29/01/2023 02:37,0
29/01/2023 02:52,0
29/01/2023 03:07,0
29/01/2023 03:22,0
29/01/2023 03:37,0
29/01/2023 03:52,0
29/01/2023 04:06,0
29/01/2023 04:21,0
29/01/2023 04:36,0
29/01/2023 04:51,0
29/01/2023 05:06,0
29/01/2023 05:21,0
29/01/2023 05:23,0
29/01/2023 05:38,0
29/01/2023 05:53,0
29/01/2023 06:08,0
29/01/2023 06:23,0
29/01/2023 06:38,0
29/01/2023 06:52,0
29/01/2023 07:07,0
29/01/2023 07:22,0
29/01/2023 07:37,0
29/01/2023 07:52,0
29/01/2023 08:07,0
29/01/2023 08:21,0
29/01/2023 08:36,0
29/01/2023 08:51,0
29/01/2023 09:06,0
29/01/2023 09:21,0
29/01/2023 09:36,0
29/01/2023 09:50,0
29/01/2023 10:05,0
29/01/2023 10:20,0
29/01/2023 10:35,0
29/01/2023 10:50,0
29/01/2023 11:05,1
29/01/2023 11:19,3
29/01/2023 11:49,7
29/01/2023 12:04,16
29/01/2023 12:19,51
29/01/2023 12:34,47
29/01/2023 12:48,50
29/01/2023 13:03,56
29/01/2023 13:18,49
29/01/2023 13:33,14
29/01/2023 13:48,18
29/01/2023 14:03,21
29/01/2023 14:17,28
29/01/2023 14:32,51
29/01/2023 14:47,54
29/01/2023 15:02,64
29/01/2023 15:17,86
29/01/2023 15:31,63
29/01/2023 15:46,51
29/01/2023 16:01,85
29/01/2023 16:16,85
29/01/2023 16:31,121
29/01/2023 16:46,66
29/01/2023 17:00,22
29/01/2023 17:15,19
29/01/2023 17:30,14
29/01/2023 17:45,10
29/01/2023 18:00,7
29/01/2023 18:15,4
29/01/2023 18:29,2
29/01/2023 18:44,0
29/01/2023 18:59,0
29/01/2023 19:14,0
29/01/2023 19:29,0
29/01/2023 19:44,0
29/01/2023 19:58,0
29/01/2023 20:13,0
29/01/2023 20:28,0
29/01/2023 20:43,0
29/01/2023 20:58,0
29/01/2023 21:13,0
29/01/2023 21:27,0
29/01/2023 21:42,0
29/01/2023 21:59,0
29/01/2023 22:14,0
29/01/2023 22:29,0
29/01/2023 22:43,0
29/01/2023 23:13,0
29/01/2023 23:28,0
29/01/2023 23:43,0
29/01/2023 23:46,0
30/01/2023 00:01,0
30/01/2023 00:16,0
30/01/2023 00:31,0
30/01/2023 00:45,0
30/01/2023 01:00,0
30/01/2023 01:01,0
30/01/2023 01:16,0
30/01/2023 01:31,0
30/01/2023 01:46,0
30/01/2023 02:00,0
30/01/2023 02:15,0
30/01/2023 02:30,0
30/01/2023 02:45,0
30/01/2023 03:00,0
30/01/2023 03:15,0
30/01/2023 03:29,0
30/01/2023 03:59,0
30/01/2023 04:14,0
30/01/2023 04:29,0
30/01/2023 04:44,0
30/01/2023 04:58,0
30/01/2023 05:13,0
30/01/2023 05:28,0
30/01/2023 05:43,0
30/01/2023 05:58,0
30/01/2023 06:13,0
30/01/2023 06:27,0
30/01/2023 06:42,0
30/01/2023 06:57,0
30/01/2023 07:12,0
30/01/2023 07:27,0
30/01/2023 07:42,0
30/01/2023 07:56,0
30/01/2023 08:11,0
30/01/2023 08:26,0
30/01/2023 08:41,0
30/01/2023 08:56,0
30/01/2023 09:11,0
30/01/2023 09:25,0
30/01/2023 09:40,0
30/01/2023 09:55,0
30/01/2023 10:10,0
30/01/2023 10:25,0
30/01/2023 10:40,0
30/01/2023 10:54,0
30/01/2023 11:09,1
30/01/2023 11:24,2
30/01/2023 11:39,4
30/01/2023 11:54,9
30/01/2023 12:09,12
30/01/2023 12:23,19
30/01/2023 12:38,23
30/01/2023 12:53,23
30/01/2023 13:08,21
30/01/2023 13:23,28
30/01/2023 13:38,93
30/01/2023 13:52,102
30/01/2023 14:07,46
30/01/2023 14:22,29
30/01/2023 14:37,34
30/01/2023 14:52,35
30/01/2023 15:07,33
30/01/2023 15:21,36
30/01/2023 15:36,30
30/01/2023 15:51,22
30/01/2023 16:06,17
30/01/2023 16:21,14
30/01/2023 16:36,9
30/01/2023 16:50,10
30/01/2023 17:05,10
30/01/2023 17:20,5
30/01/2023 17:35,1
30/01/2023 17:50,2
30/01/2023 18:04,1
30/01/2023 18:19,0
30/01/2023 18:34,0
30/01/2023 18:49,0
30/01/2023 19:04,0
30/01/2023 19:19,0
30/01/2023 19:33,0
30/01/2023 19:48,0
30/01/2023 20:03,0
30/01/2023 20:18,0
30/01/2023 20:33,0
30/01/2023 20:48,0
30/01/2023 21:02,0
30/01/2023 21:17,0
30/01/2023 21:32,0
30/01/2023 21:47,0
30/01/2023 22:02,0
30/01/2023 22:17,0
30/01/2023 22:31,0
30/01/2023 22:46,0
30/01/2023 23:01,0
30/01/2023 23:16,0
30/01/2023 23:31,0
30/01/2023 23:46,0
31/01/2023 00:00,0
31/01/2023 00:15,0
31/01/2023 00:30,0
31/01/2023 00:45,0
31/01/2023 01:00,0
31/01/2023 01:15,0
31/01/2023 01:29,0
31/01/2023 01:44,0
31/01/2023 01:59,0
31/01/2023 02:14,0
31/01/2023 02:29,0
31/01/2023 02:44,0
31/01/2023 02:58,0
31/01/2023 03:13,0
31/01/2023 03:28,0
31/01/2023 03:43,0
31/01/2023 03:58,0
31/01/2023 04:13,0
31/01/2023 04:27,0
31/01/2023 04:42,0
31/01/2023 04:57,0
31/01/2023 05:12,0
31/01/2023 05:27,0
31/01/2023 05:42,0
31/01/2023 05:56,0
31/01/2023 06:11,0
31/01/2023 06:26,0
31/01/2023 06:41,0
31/01/2023 06:56,0
31/01/2023 07:11,0
31/01/2023 07:25,0
31/01/2023 07:40,0
31/01/2023 07:55,0
31/01/2023 08:10,0
31/01/2023 08:25,0
31/01/2023 08:39,0
31/01/2023 08:54,0
31/01/2023 09:09,0
31/01/2023 09:24,0
31/01/2023 09:39,0
31/01/2023 09:54,0
31/01/2023 10:08,0
31/01/2023 10:23,0
31/01/2023 10:38,0
31/01/2023 10:53,0
31/01/2023 11:08,1
31/01/2023 11:09,1
31/01/2023 11:24,3
31/01/2023 11:39,8
31/01/2023 11:41,11
31/01/2023 11:56,14
31/01/2023 12:10,20
31/01/2023 12:25,28
31/01/2023 12:40,38
31/01/2023 12:55,47
31/01/2023 13:10,45
31/01/2023 13:11,43
31/01/2023 13:26,43
31/01/2023 13:40,49
31/01/2023 13:55,61
31/01/2023 14:10,60
31/01/2023 14:25,62
31/01/2023 14:40,71
31/01/2023 14:55,74
31/01/2023 15:09,73
31/01/2023 15:24,75
31/01/2023 15:39,75
31/01/2023 15:54,67
31/01/2023 16:09,58
31/01/2023 16:24,46
31/01/2023 16:38,41
31/01/2023 16:41,39
31/01/2023 16:56,40
31/01/2023 17:11,30
31/01/2023 17:26,25
31/01/2023 17:41,18
31/01/2023 17:56,12
31/01/2023 18:10,5
31/01/2023 18:25,1
31/01/2023 18:40,0
31/01/2023 18:55,0
31/01/2023 19:10,0
31/01/2023 19:24,0
31/01/2023 19:39,0
31/01/2023 19:54,0
31/01/2023 20:09,0
31/01/2023 20:24,0
31/01/2023 20:39,0
31/01/2023 20:53,0
31/01/2023 21:08,0
31/01/2023 21:23,0
31/01/2023 21:38,0
31/01/2023 21:53,0
31/01/2023 22:08,0
31/01/2023 22:22,0
31/01/2023 22:37,0
31/01/2023 22:52,0
31/01/2023 23:07,0
31/01/2023 23:22,0
31/01/2023 23:37,0
31/01/2023 23:51,0
01/02/2023 00:06,0
01/02/2023 00:21,0
01/02/2023 00:51,0
01/02/2023 01:06,0
01/02/2023 01:20,0
01/02/2023 01:35,0
01/02/2023 01:50,0
01/02/2023 02:05,0
01/02/2023 02:20,0
01/02/2023 02:35,0
01/02/2023 02:49,0
01/02/2023 03:04,0
01/02/2023 03:19,0
01/02/2023 03:34,0
01/02/2023 04:33,0
01/02/2023 04:48,0
01/02/2023 05:03,0
01/02/2023 05:18,0
01/02/2023 05:33,0
01/02/2023 05:34,0
01/02/2023 05:49,0
01/02/2023 06:04,0
01/02/2023 06:18,0
01/02/2023 06:33,0
01/02/2023 06:48,0
01/02/2023 07:03,0
01/02/2023 07:18,0
01/02/2023 07:33,0
01/02/2023 07:47,0
01/02/2023 08:02,0
01/02/2023 08:17,0
01/02/2023 08:32,0
01/02/2023 08:47,0
01/02/2023 09:02,0
01/02/2023 09:16,0
01/02/2023 09:31,0
01/02/2023 09:46,0
01/02/2023 10:01,0
01/02/2023 10:16,0
01/02/2023 10:31,0
01/02/2023 10:45,0
01/02/2023 11:00,2
01/02/2023 11:15,4
01/02/2023 11:30,9
01/02/2023 11:45,16
01/02/2023 12:00,21
01/02/2023 12:14,26
01/02/2023 12:29,31
01/02/2023 12:44,37
01/02/2023 13:29,47
01/02/2023 13:43,58
01/02/2023 13:58,98
01/02/2023 14:13,84
01/02/2023 14:28,73
01/02/2023 14:43,76
01/02/2023 14:58,61
01/02/2023 15:12,66
01/02/2023 15:27,65
01/02/2023 15:42,53
01/02/2023 15:57,59
01/02/2023 16:12,60
01/02/2023 16:27,63
01/02/2023 16:41,83
01/02/2023 16:56,52
01/02/2023 17:11,43
01/02/2023 17:26,28
01/02/2023 17:41,17
01/02/2023 17:56,12
01/02/2023 18:10,6
01/02/2023 18:25,2
01/02/2023 18:40,0
01/02/2023 18:55,0
01/02/2023 19:10,0
01/02/2023 19:25,0
01/02/2023 19:39,0
01/02/2023 19:54,0
01/02/2023 20:09,0
01/02/2023 20:24,0
01/02/2023 20:39,0
01/02/2023 20:54,0
01/02/2023 21:08,0
01/02/2023 21:23,0
01/02/2023 21:38,0
01/02/2023 21:53,0
01/02/2023 22:08,0
01/02/2023 22:37,0
01/02/2023 22:52,0
01/02/2023 23:07,0
01/02/2023 23:22,0
01/02/2023 23:37,0
01/02/2023 23:51,0
02/02/2023 00:06,0
02/02/2023 00:21,0
02/02/2023 00:36,0
02/02/2023 00:51,0
02/02/2023 01:06,0
02/02/2023 01:20,0
02/02/2023 01:50,0
02/02/2023 02:05,0
02/02/2023 02:20,0
02/02/2023 02:35,0
02/02/2023 02:49,0
02/02/2023 03:04,0
02/02/2023 03:19,0
02/02/2023 03:34,0
02/02/2023 03:49,0
02/02/2023 04:04,0
02/02/2023 04:18,0
02/02/2023 04:33,0
02/02/2023 04:48,0
02/02/2023 05:03,0
02/02/2023 05:18,0
02/02/2023 05:33,0
02/02/2023 05:47,0
02/02/2023 06:02,0
02/02/2023 06:17,0
02/02/2023 06:32,0
02/02/2023 06:47,0
02/02/2023 07:02,0
02/02/2023 07:16,0
02/02/2023 07:31,0
02/02/2023 07:46,0
02/02/2023 08:01,0
02/02/2023 08:16,0
02/02/2023 08:31,0
02/02/2023 08:45,0
02/02/2023 09:00,0
02/02/2023 09:15,0
02/02/2023 09:16,0
02/02/2023 09:31,0
02/02/2023 09:46,0
02/02/2023 10:01,0
02/02/2023 10:15,0
02/02/2023 10:30,0
02/02/2023 10:34,0
02/02/2023 10:49,0
02/02/2023 11:04,0
02/02/2023 11:19,1
02/02/2023 11:34,1
02/02/2023 11:49,2
02/02/2023 12:03,3
02/02/2023 12:18,5
02/02/2023 12:33,5
02/02/2023 12:48,6
02/02/2023 13:03,16
02/02/2023 13:18,20
02/02/2023 13:32,15
02/02/2023 13:47,9
02/02/2023 14:02,7
02/02/2023 14:17,3
02/02/2023 14:32,2
02/02/2023 14:47,5
02/02/2023 15:01,6
02/02/2023 15:16,9
02/02/2023 15:31,11
02/02/2023 15:46,25
02/02/2023 16:01,21
02/02/2023 16:16,76
02/02/2023 16:30,64
02/02/2023 16:45,87
02/02/2023 17:00,160
02/02/2023 17:15,115
02/02/2023 17:30,71
02/02/2023 17:45,13
02/02/2023 17:59,6
02/02/2023 18:14,4
02/02/2023 18:29,1
02/02/2023 18:33,0
02/02/2023 18:47,0
02/02/2023 19:02,0
02/02/2023 19:17,0
02/02/2023 19:32,0
02/02/2023 19:47,0
02/02/2023 20:02,0
02/02/2023 20:16,0
02/02/2023 20:31,0
02/02/2023 20:46,0
02/02/2023 21:01,0
02/02/2023 21:16,0
02/02/2023 21:30,0
02/02/2023 21:45,0
02/02/2023 22:00,0
02/02/2023 22:15,0
02/02/2023 22:30,0
02/02/2023 22:45,0
02/02/2023 22:59,0
02/02/2023 23:14,0
02/02/2023 23:29,0
02/02/2023 23:44,0
02/02/2023 23:59,0
03/02/2023 00:14,0
03/02/2023 00:28,0
03/02/2023 00:43,0
03/02/2023 00:58,0
03/02/2023 01:13,0
03/02/2023 01:28,0
03/02/2023 01:43,0
03/02/2023 01:57,0
03/02/2023 02:12,0
03/02/2023 02:27,0
03/02/2023 02:42,0
03/02/2023 02:57,0
03/02/2023 03:12,0
03/02/2023 03:26,0
03/02/2023 03:41,0
03/02/2023 03:56,0
03/02/2023 04:11,0
03/02/2023 04:26,0
03/02/2023 04:41,0
03/02/2023 04:55,0
03/02/2023 05:10,0
03/02/2023 05:25,0
03/02/2023 05:40,0
03/02/2023 05:55,0
03/02/2023 06:09,0
03/02/2023 06:24,0
03/02/2023 06:39,0
03/02/2023 06:54,0
03/02/2023 07:09,0
03/02/2023 07:24,0
03/02/2023 07:38,0
03/02/2023 07:53,0
03/02/2023 08:08,0
03/02/2023 08:23,0
03/02/2023 08:38,0
03/02/2023 08:53,0
03/02/2023 09:07,0
03/02/2023 09:22,0
03/02/2023 09:37,0
03/02/2023 09:52,0
03/02/2023 10:07,0
03/02/2023 10:22,0
03/02/2023 10:36,0
03/02/2023 10:51,0
03/02/2023 11:06,0
03/02/2023 11:21,1
03/02/2023 11:36,3
03/02/2023 11:51,4
03/02/2023 12:05,8
03/02/2023 12:20,11
03/02/2023 12:35,16
03/02/2023 12:50,16
03/02/2023 13:05,20
03/02/2023 13:20,21
03/02/2023 13:34,28
03/02/2023 13:49,25
03/02/2023 14:04,29
03/02/2023 14:19,28
03/02/2023 14:34,19
03/02/2023 14:49,17
03/02/2023 15:03,17
03/02/2023 15:18,13
03/02/2023 15:33,10
03/02/2023 15:48,10
03/02/2023 16:03,11
03/02/2023 16:18,8
03/02/2023 16:32,5
03/02/2023 16:47,12
03/02/2023 17:02,12
03/02/2023 17:17,3
03/02/2023 17:32,2
03/02/2023 18:01,3
03/02/2023 18:16,6
03/02/2023 18:31,3
03/02/2023 18:46,2
03/02/2023 19:01,0
03/02/2023 19:16,0
03/02/2023 19:30,0
03/02/2023 19:45,0
03/02/2023 20:00,0
03/02/2023 20:15,0
03/02/2023 20:30,0
03/02/2023 20:44,0
03/02/2023 20:59,0
03/02/2023 21:14,0
03/02/2023 21:29,0
03/02/2023 21:44,0
03/02/2023 21:59,0
03/02/2023 22:13,0
03/02/2023 22:28,0
03/02/2023 22:43,0
03/02/2023 22:58,0
03/02/2023 23:13,0
03/02/2023 23:28,0
03/02/2023 23:42,0
03/02/2023 23:57,0
04/02/2023 00:12,0
04/02/2023 00:27,0
04/02/2023 00:42,0
04/02/2023 01:11,0
04/02/2023 01:26,0
04/02/2023 01:30,0
04/02/2023 01:45,0
04/02/2023 02:00,0
04/02/2023 02:14,0
04/02/2023 02:29,0
04/02/2023 02:44,0
04/02/2023 02:59,0
04/02/2023 03:14,0
04/02/2023 03:29,0
04/02/2023 03:43,0
04/02/2023 03:58,0
04/02/2023 04:13,0
04/02/2023 04:43,0
04/02/2023 04:58,0
04/02/2023 05:12,0
04/02/2023 05:27,0
04/02/2023 05:44,0
04/02/2023 05:59,0
04/02/2023 06:14,0
04/02/2023 06:29,0
04/02/2023 06:58,0
04/02/2023 07:13,0
04/02/2023 07:28,0
04/02/2023 07:43,0
04/02/2023 07:58,0
04/02/2023 08:27,0
04/02/2023 08:42,0
04/02/2023 08:57,0
04/02/2023 09:12,0
04/02/2023 09:27,0
04/02/2023 09:42,0
04/02/2023 09:56,0
04/02/2023 10:11,0
04/02/2023 10:26,0
04/02/2023 10:41,0
04/02/2023 10:56,1
04/02/2023 11:11,5
04/02/2023 11:25,13
04/02/2023 11:40,16
04/02/2023 11:55,14
04/02/2023 11:57,15
04/02/2023 12:12,25
04/02/2023 12:27,43
04/02/2023 12:41,31
04/02/2023 12:56,73
04/02/2023 13:11,23
04/02/2023 13:26,49
04/02/2023 13:41,48
04/02/2023 13:56,93
04/02/2023 14:10,46
04/02/2023 14:25,109
04/02/2023 14:40,58
04/02/2023 14:55,84
04/02/2023 15:10,90
04/02/2023 15:25,50
04/02/2023 15:39,53
04/02/2023 15:54,54
04/02/2023 16:24,43
04/02/2023 16:39,32
04/02/2023 16:54,99
04/02/2023 17:08,28
04/02/2023 17:23,25
04/02/2023 17:38,35
04/02/2023 17:53,21
04/02/2023 18:08,8
04/02/2023 18:23,4
04/02/2023 18:37,1
04/02/2023 18:52,0
04/02/2023 19:07,0
04/02/2023 19:22,0
04/02/2023 19:37,0
04/02/2023 19:52,0
04/02/2023 20:06,0
04/02/2023 20:21,0
04/02/2023 20:36,0
04/02/2023 20:51,0
04/02/2023 21:06,0
04/02/2023 21:20,0
04/02/2023 21:35,0
04/02/2023 21:50,0
04/02/2023 22:05,0
04/02/2023 22:12,0
04/02/2023 22:27,0
04/02/2023 22:41,0
04/02/2023 22:56,0
04/02/2023 23:11,0
04/02/2023 23:26,0
04/02/2023 23:41,0
04/02/2023 23:55,0
05/02/2023 00:10,0
05/02/2023 00:25,0
05/02/2023 00:40,0
05/02/2023 00:55,0
05/02/2023 01:10,0
05/02/2023 01:24,0
05/02/2023 01:39,0
05/02/2023 01:54,0
05/02/2023 02:09,0
05/02/2023 02:24,0
05/02/2023 02:39,0
05/02/2023 02:53,0
05/02/2023 03:23,0
05/02/2023 03:38,0
05/02/2023 03:53,0
05/02/2023 04:08,0
05/02/2023 04:22,0
05/02/2023 04:37,0
05/02/2023 04:40,0
05/02/2023 04:55,0
05/02/2023 05:10,0
05/02/2023 05:25,0
05/02/2023 05:40,0
05/02/2023 06:09,0
05/02/2023 06:24,0
05/02/2023 06:39,0
05/02/2023 06:54,0
05/02/2023 07:09,0
05/02/2023 07:12,0
05/02/2023 07:27,0
05/02/2023 07:42,0
05/02/2023 07:57,0
05/02/2023 08:12,0
05/02/2023 08:26,0
05/02/2023 08:41,0
05/02/2023 08:56,0
05/02/2023 09:11,0
05/02/2023 09:26,0
05/02/2023 09:41,0
05/02/2023 09:55,0
05/02/2023 10:10,0
05/02/2023 10:25,0
05/02/2023 10:40,0
05/02/2023 10:55,0
05/02/2023 11:10,0
05/02/2023 11:24,1
05/02/2023 11:39,1
05/02/2023 11:54,1
05/02/2023 12:09,1
05/02/2023 12:24,1
05/02/2023 12:39,2
05/02/2023 12:53,2
05/02/2023 13:08,4
05/02/2023 13:23,5
05/02/2023 13:38,6
05/02/2023 13:53,7
05/02/2023 14:08,10
05/02/2023 14:22,8
05/02/2023 14:37,5
05/02/2023 14:52,5
05/02/2023 15:07,4
05/02/2023 15:22,4
05/02/2023 15:37,5
05/02/2023 15:51,6
05/02/2023 16:06,4
05/02/2023 16:21,5
05/02/2023 16:36,4
05/02/2023 16:51,4
05/02/2023 17:06,3
05/02/2023 17:20,4
05/02/2023 17:35,6
05/02/2023 17:50,7
05/02/2023 18:05,7
05/02/2023 18:20,2
05/02/2023 18:34,0
05/02/2023 18:49,0
05/02/2023 19:04,0
05/02/2023 19:19,0
05/02/2023 19:34,0
05/02/2023 19:49,0
05/02/2023 20:03,0
05/02/2023 20:18,0
05/02/2023 20:33,0
05/02/2023 20:48,0
05/02/2023 21:03,0
05/02/2023 21:18,0
05/02/2023 21:32,0
05/02/2023 21:47,0
05/02/2023 22:02,0
05/02/2023 22:17,0
05/02/2023 22:32,0
05/02/2023 22:47,0
05/02/2023 23:01,0
05/02/2023 23:16,0
05/02/2023 23:31,0
05/02/2023 23:46,0
06/02/2023 00:01,0
06/02/2023 00:16,0
06/02/2023 00:30,0
06/02/2023 00:45,0
06/02/2023 01:00,0
06/02/2023 01:15,0
06/02/2023 01:30,0
06/02/2023 01:45,0
06/02/2023 01:59,0
06/02/2023 02:14,0
06/02/2023 02:29,0
06/02/2023 02:44,0
06/02/2023 02:59,0
06/02/2023 03:14,0
06/02/2023 03:28,0
06/02/2023 03:43,0
06/02/2023 03:58,0
06/02/2023 04:13,0
06/02/2023 04:28,0
06/02/2023 04:43,0
06/02/2023 04:57,0
06/02/2023 05:12,0
06/02/2023 05:27,0
06/02/2023 05:57,0
06/02/2023 06:12,0
06/02/2023 06:26,0
06/02/2023 06:41,0
06/02/2023 07:11,0
06/02/2023 07:26,0
06/02/2023 07:41,0
06/02/2023 07:55,0
06/02/2023 08:10,0
06/02/2023 08:25,0
06/02/2023 08:40,0
06/02/2023 08:55,0
06/02/2023 09:09,0
06/02/2023 09:24,0
06/02/2023 09:39,0
06/02/2023 09:54,0
06/02/2023 10:09,0
06/02/2023 10:24,0
06/02/2023 10:53,1
06/02/2023 11:08,1
06/02/2023 11:23,3
06/02/2023 11:38,19
06/02/2023 11:53,21
06/02/2023 12:07,27
06/02/2023 12:22,31
06/02/2023 12:37,33
06/02/2023 12:52,47
06/02/2023 13:07,90
06/02/2023 13:22,85
06/02/2023 13:36,65
06/02/2023 13:51,89
06/02/2023 13:53,62
06/02/2023 14:07,75
06/02/2023 14:22,96
06/02/2023 14:37,83
06/02/2023 14:52,79
06/02/2023 15:07,78
06/02/2023 15:21,76
06/02/2023 15:36,81
06/02/2023 15:51,64
06/02/2023 16:06,55
06/02/2023 16:21,59
06/02/2023 16:35,64
06/02/2023 16:50,123
06/02/2023 17:05,17
06/02/2023 17:20,21
06/02/2023 17:35,35
06/02/2023 17:49,10
06/02/2023 18:04,1
06/02/2023 18:19,5
06/02/2023 18:34,3
06/02/2023 18:49,0
06/02/2023 19:04,0
06/02/2023 19:18,0
06/02/2023 19:33,0
06/02/2023 19:48,0
06/02/2023 20:03,0
06/02/2023 20:18,0
06/02/2023 20:33,0
06/02/2023 20:34,0
06/02/2023 20:49,0
06/02/2023 21:04,0
06/02/2023 21:18,0
06/02/2023 21:33,0
06/02/2023 21:34,0
06/02/2023 21:49,0
06/02/2023 22:04,0
06/02/2023 22:19,0
06/02/2023 22:33,0
06/02/2023 22:48,0
06/02/2023 23:03,0
06/02/2023 23:18,0
06/02/2023 23:33,0
06/02/2023 23:48,0
07/02/2023 00:02,0
07/02/2023 00:17,0
07/02/2023 00:32,0
07/02/2023 00:47,0
07/02/2023 01:02,0
07/02/2023 01:17,0
07/02/2023 01:31,0
07/02/2023 01:46,0
07/02/2023 02:01,0
07/02/2023 02:16,0
07/02/2023 02:31,0
07/02/2023 02:32,0
07/02/2023 02:47,0
07/02/2023 03:02,0
07/02/2023 03:17,0
07/02/2023 03:31,0
07/02/2023 03:46,0
07/02/2023 04:01,0
07/02/2023 04:16,0
07/02/2023 04:31,0
07/02/2023 04:46,0
07/02/2023 05:00,0
07/02/2023 05:15,0
07/02/2023 05:30,0
07/02/2023 05:45,0
07/02/2023 06:00,0
07/02/2023 06:15,0
07/02/2023 06:29,0
07/02/2023 06:44,0
07/02/2023 06:59,0
07/02/2023 07:14,0
07/02/2023 07:29,0
07/02/2023 07:44,0
07/02/2023 07:58,0
07/02/2023 08:13,0
07/02/2023 08:28,0
07/02/2023 08:43,0
07/02/2023 08:58,0
07/02/2023 09:13,0
07/02/2023 09:14,0
07/02/2023 09:28,0
07/02/2023 09:43,0
07/02/2023 09:58,0
07/02/2023 10:13,0
07/02/2023 10:28,0
07/02/2023 10:42,0
07/02/2023 10:57,0
07/02/2023 11:12,3
07/02/2023 11:27,11
07/02/2023 11:42,15
07/02/2023 11:56,24
07/02/2023 12:11,27
07/02/2023 12:26,27
07/02/2023 12:41,41
07/02/2023 12:56,68
07/02/2023 13:11,85
07/02/2023 13:25,128
07/02/2023 13:40,38
07/02/2023 13:55,116
07/02/2023 14:10,136
07/02/2023 14:25,79
07/02/2023 14:39,59
07/02/2023 14:54,78
07/02/2023 15:09,66
07/02/2023 15:24,109
07/02/2023 15:39,85
07/02/2023 15:54,80
07/02/2023 16:08,55
07/02/2023 16:23,79
07/02/2023 16:38,152
07/02/2023 16:53,36
07/02/2023 17:08,19
07/02/2023 17:09,7
07/02/2023 17:23,25
07/02/2023 17:38,28
07/02/2023 17:53,10
07/02/2023 18:08,8
07/02/2023 18:23,4
07/02/2023 18:38,1
07/02/2023 18:39,1
07/02/2023 18:54,0
07/02/2023 19:08,0
07/02/2023 19:23,0
07/02/2023 19:38,0
07/02/2023 19:53,0
07/02/2023 20:08,0
07/02/2023 20:22,0
07/02/2023 20:37,0
07/02/2023 20:52,0
07/02/2023 21:07,0
07/02/2023 21:22,0
07/02/2023 21:37,0
07/02/2023 21:51,0
07/02/2023 22:06,0
07/02/2023 22:21,0
07/02/2023 22:36,0
07/02/2023 22:51,0
07/02/2023 23:06,0
07/02/2023 23:35,0
07/02/2023 23:50,0
08/02/2023 00:05,0
08/02/2023 00:20,0
08/02/2023 00:35,0
08/02/2023 00:49,0
08/02/2023 01:04,0
08/02/2023 01:19,0
08/02/2023 01:34,0
08/02/2023 01:49,0
08/02/2023 02:04,0
08/02/2023 02:18,0
08/02/2023 02:33,0
08/02/2023 02:48,0
08/02/2023 03:03,0
08/02/2023 03:18,0
08/02/2023 03:33,0
08/02/2023 03:47,0
08/02/2023 04:02,0
08/02/2023 04:17,0
08/02/2023 04:32,0
08/02/2023 04:47,0
08/02/2023 05:02,0
08/02/2023 05:16,0
08/02/2023 05:31,0
08/02/2023 05:46,0
08/02/2023 06:01,0
08/02/2023 06:16,0
08/02/2023 06:31,0
08/02/2023 06:45,0
08/02/2023 07:00,0
08/02/2023 07:15,0
08/02/2023 07:30,0
08/02/2023 08:00,0
08/02/2023 08:14,0
08/02/2023 08:29,0
08/02/2023 08:44,0
08/02/2023 08:59,0
08/02/2023 09:14,0
08/02/2023 09:29,0
08/02/2023 09:43,0
08/02/2023 09:58,0
08/02/2023 10:13,0
08/02/2023 10:28,0
08/02/2023 10:43,1
08/02/2023 10:58,9
08/02/2023 11:12,22
08/02/2023 11:27,24
08/02/2023 11:42,16
08/02/2023 11:48,16
08/02/2023 12:03,27
08/02/2023 12:18,33
08/02/2023 12:33,34
08/02/2023 12:48,78
08/02/2023 13:03,81
08/02/2023 13:17,52
08/02/2023 13:32,93
08/02/2023 13:47,45
08/02/2023 14:17,171
08/02/2023 14:32,72
08/02/2023 14:46,74
08/02/2023 15:01,76
08/02/2023 15:16,75
08/02/2023 15:31,70
08/02/2023 15:46,56
08/02/2023 16:00,65
08/02/2023 16:15,44
08/02/2023 16:30,61
08/02/2023 16:45,38
08/02/2023 17:00,56
08/02/2023 17:15,37
08/02/2023 17:29,27
08/02/2023 17:44,34
08/02/2023 17:59,25
08/02/2023 18:14,8
08/02/2023 18:29,9
08/02/2023 18:44,4
08/02/2023 18:58,1
08/02/2023 19:13,0
08/02/2023 19:28,0
08/02/2023 19:43,0
08/02/2023 19:58,0
08/02/2023 20:13,0
08/02/2023 20:27,0
08/02/2023 20:42,0
08/02/2023 20:57,0
08/02/2023 21:12,0
08/02/2023 21:27,0
08/02/2023 21:42,0
08/02/2023 21:56,0
08/02/2023 22:11,0
08/02/2023 22:26,0
08/02/2023 22:41,0
08/02/2023 22:56,0
08/02/2023 23:11,0
08/02/2023 23:25,0
08/02/2023 23:40,0
08/02/2023 23:55,0
09/02/2023 00:10,0
09/02/2023 00:25,0
09/02/2023 00:40,0
09/02/2023 00:54,0
09/02/2023 01:09,0
09/02/2023 01:24,0
09/02/2023 01:39,0
09/02/2023 01:54,0
09/02/2023 02:09,0
09/02/2023 02:23,0
09/02/2023 02:38,0
09/02/2023 02:53,0
09/02/2023 03:08,0
09/02/2023 03:23,0
09/02/2023 03:38,0
09/02/2023 03:52,0
09/02/2023 04:07,0
09/02/2023 04:22,0
09/02/2023 04:37,0
09/02/2023 04:52,0
09/02/2023 05:07,0
09/02/2023 05:21,0
09/02/2023 05:36,0
09/02/2023 05:51,0
09/02/2023 06:06,0
09/02/2023 06:21,0
09/02/2023 06:36,0
09/02/2023 06:50,0
09/02/2023 07:05,0
09/02/2023 07:20,0
09/02/2023 07:35,0
09/02/2023 07:50,0
09/02/2023 08:04,0
09/02/2023 08:19,0
09/02/2023 08:22,0
09/02/2023 08:37,0
09/02/2023 08:51,0
09/02/2023 09:06,0
09/02/2023 09:21,0
09/02/2023 09:36,0
09/02/2023 09:51,0
09/02/2023 10:06,0
09/02/2023 10:20,1
09/02/2023 10:35,3
09/02/2023 10:50,5
09/02/2023 11:05,12
09/02/2023 11:20,22
09/02/2023 11:24,29
09/02/2023 11:38,38
09/02/2023 11:53,54
09/02/2023 12:08,64
09/02/2023 12:23,60
09/02/2023 12:38,69
09/02/2023 12:53,87
09/02/2023 13:07,102
09/02/2023 13:22,117
09/02/2023 13:37,113
09/02/2023 13:52,127
09/02/2023 14:07,107
09/02/2023 14:22,166
09/02/2023 14:36,165
09/02/2023 14:51,140
09/02/2023 15:06,125
09/02/2023 15:21,110
09/02/2023 15:36,102
09/02/2023 15:51,92
09/02/2023 16:05,85
09/02/2023 16:20,76
09/02/2023 16:35,67
09/02/2023 16:50,53
09/02/2023 17:05,50
09/02/2023 17:20,46
09/02/2023 17:34,36
09/02/2023 17:49,30
09/02/2023 18:04,22
09/02/2023 18:19,12
09/02/2023 18:34,6
09/02/2023 18:48,2
09/02/2023 19:03,0
09/02/2023 19:18,0
09/02/2023 19:33,0
09/02/2023 19:48,0
09/02/2023 20:03,0
09/02/2023 20:17,0
09/02/2023 20:32,0
09/02/2023 20:47,0
09/02/2023 21:02,0
09/02/2023 21:17,0
09/02/2023 21:32,0
09/02/2023 21:46,0
09/02/2023 22:01,0
09/02/2023 22:16,0
09/02/2023 22:31,0
09/02/2023 22:46,0
09/02/2023 23:01,0
09/02/2023 23:15,0
09/02/2023 23:30,0
09/02/2023 23:45,0
10/02/2023 00:00,0
10/02/2023 00:15,0
10/02/2023 00:44,0
10/02/2023 00:59,0
10/02/2023 01:14,0
10/02/2023 01:29,0
10/02/2023 01:44,0
10/02/2023 02:13,0
10/02/2023 02:28,0
10/02/2023 02:43,0
10/02/2023 02:58,0
10/02/2023 03:13,0
10/02/2023 03:28,0
10/02/2023 03:42,0
10/02/2023 03:57,0
10/02/2023 04:12,0
10/02/2023 04:27,0
10/02/2023 04:42,0
10/02/2023 04:57,0
10/02/2023 05:11,0
10/02/2023 05:29,0
10/02/2023 05:44,0
10/02/2023 05:58,0
10/02/2023 06:13,0
10/02/2023 06:28,0
10/02/2023 06:43,0
10/02/2023 06:58,0
10/02/2023 07:12,0
10/02/2023 07:27,0
10/02/2023 07:42,0
10/02/2023 07:57,0
10/02/2023 08:12,0
10/02/2023 08:27,0
10/02/2023 08:41,0
10/02/2023 08:56,0
10/02/2023 09:11,0
10/02/2023 09:26,0
10/02/2023 09:41,0
10/02/2023 09:56,0
10/02/2023 10:10,0
10/02/2023 10:25,0
10/02/2023 10:40,0
10/02/2023 10:55,2
10/02/2023 11:10,3
10/02/2023 11:25,11
10/02/2023 11:39,9
10/02/2023 11:54,14
10/02/2023 11:56,17
10/02/2023 12:11,19
10/02/2023 12:26,28
10/02/2023 12:41,21
10/02/2023 12:56,39
10/02/2023 13:10,46
10/02/2023 13:25,34
10/02/2023 13:40,50
10/02/2023 13:55,40
10/02/2023 14:10,66
10/02/2023 14:25,48
10/02/2023 14:39,50
10/02/2023 14:54,52
10/02/2023 15:09,39
10/02/2023 15:24,57
10/02/2023 15:39,63
10/02/2023 15:54,75
10/02/2023 16:23,67
10/02/2023 16:38,38
10/02/2023 16:53,48
10/02/2023 17:08,35
10/02/2023 17:22,26
10/02/2023 17:37,19
10/02/2023 17:52,18
10/02/2023 18:07,11
10/02/2023 18:22,5
10/02/2023 18:37,3
10/02/2023 18:51,1
10/02/2023 19:06,0
10/02/2023 19:21,0
10/02/2023 19:36,0
10/02/2023 19:51,0
10/02/2023 20:06,0
10/02/2023 20:20,0
10/02/2023 20:35,0
10/02/2023 20:50,0
10/02/2023 21:05,0
10/02/2023 21:20,0
10/02/2023 21:35,0
10/02/2023 21:49,0
10/02/2023 22:04,0
10/02/2023 22:19,0
10/02/2023 22:34,0
10/02/2023 22:49,0
10/02/2023 23:04,0
10/02/2023 23:18,0
10/02/2023 23:33,0
10/02/2023 23:48,0
11/02/2023 00:03,0
11/02/2023 00:18,0
11/02/2023 00:33,0
11/02/2023 00:47,0
11/02/2023 01:02,0
11/02/2023 01:17,0
11/02/2023 01:32,0
11/02/2023 01:47,0
11/02/2023 02:02,0
11/02/2023 02:16,0
11/02/2023 02:31,0
11/02/2023 02:46,0
11/02/2023 03:01,0
11/02/2023 03:16,0
11/02/2023 03:31,0
11/02/2023 03:45,0
11/02/2023 04:00,0
11/02/2023 04:15,0
11/02/2023 04:30,0
11/02/2023 04:45,0
11/02/2023 05:00,0
11/02/2023 05:14,0
11/02/2023 05:29,0
11/02/2023 05:44,0
11/02/2023 05:59,0
11/02/2023 06:29,0
11/02/2023 06:43,0
11/02/2023 06:58,0
11/02/2023 07:13,0
11/02/2023 07:28,0
11/02/2023 07:43,0
11/02/2023 07:58,0
11/02/2023 08:12,0
11/02/2023 08:27,0
11/02/2023 08:42,0
11/02/2023 08:57,0
11/02/2023 09:12,0
11/02/2023 09:26,0
11/02/2023 09:56,0
11/02/2023 10:11,0
11/02/2023 10:26,0
11/02/2023 10:41,0
11/02/2023 10:55,1
11/02/2023 11:25,4
11/02/2023 11:40,6
11/02/2023 11:55,14
11/02/2023 12:10,13
11/02/2023 12:24,18
11/02/2023 12:39,14
11/02/2023 12:54,17
11/02/2023 13:09,26
11/02/2023 13:24,36
11/02/2023 13:39,49
11/02/2023 13:53,72
11/02/2023 14:08,95
11/02/2023 14:23,178
11/02/2023 14:38,240
11/02/2023 14:53,154
11/02/2023 15:08,177
11/02/2023 15:22,98
11/02/2023 15:37,101
11/02/2023 15:52,134
11/02/2023 16:07,29
11/02/2023 16:22,39
11/02/2023 16:37,53
11/02/2023 16:51,80
11/02/2023 17:06,41
11/02/2023 17:21,18
11/02/2023 17:36,26
11/02/2023 17:38,8
11/02/2023 17:53,19
11/02/2023 18:08,39
11/02/2023 18:22,12
11/02/2023 18:37,7
11/02/2023 18:52,6
11/02/2023 19:07,1
11/02/2023 19:22,0
11/02/2023 19:37,0
11/02/2023 19:51,0
11/02/2023 20:06,0
11/02/2023 20:21,0
11/02/2023 20:36,0
11/02/2023 20:51,0
11/02/2023 21:06,0
11/02/2023 21:20,0
11/02/2023 21:35,0
11/02/2023 21:50,0
11/02/2023 22:05,0
11/02/2023 22:20,0
11/02/2023 22:35,0
11/02/2023 22:49,0
11/02/2023 23:04,0
11/02/2023 23:19,0
11/02/2023 23:34,0
11/02/2023 23:49,0
12/02/2023 00:03,0
12/02/2023 00:18,0
12/02/2023 00:33,0
12/02/2023 00:34,0
12/02/2023 00:49,0
12/02/2023 01:04,0
12/02/2023 01:19,0
12/02/2023 01:34,0
12/02/2023 01:48,0
12/02/2023 02:03,0
12/02/2023 02:18,0
12/02/2023 02:33,0
12/02/2023 02:48,0
12/02/2023 03:03,0
12/02/2023 03:17,0
12/02/2023 03:32,0
12/02/2023 03:47,0
12/02/2023 04:02,0
12/02/2023 04:17,0
12/02/2023 04:32,0
12/02/2023 04:46,0
12/02/2023 05:01,0
12/02/2023 05:16,0
12/02/2023 05:31,0
12/02/2023 05:46,0
12/02/2023 06:01,0
12/02/2023 06:15,0
12/02/2023 06:30,0
12/02/2023 06:45,0
12/02/2023 07:00,0
12/02/2023 07:15,0
12/02/2023 07:30,0
12/02/2023 07:44,0
12/02/2023 07:59,0
12/02/2023 08:14,0
12/02/2023 08:29,0
12/02/2023 08:44,0
12/02/2023 08:59,0
12/02/2023 09:28,0
12/02/2023 09:43,0
12/02/2023 09:58,0
12/02/2023 10:13,0
12/02/2023 10:28,0
12/02/2023 10:42,4
12/02/2023 10:57,13
12/02/2023 11:12,32
12/02/2023 11:27,23
12/02/2023 11:42,16
12/02/2023 11:56,16
12/02/2023 12:11,22
12/02/2023 12:26,67
12/02/2023 12:41,91
12/02/2023 12:56,60
12/02/2023 13:11,129
12/02/2023 13:25,238
12/02/2023 13:40,116
12/02/2023 13:55,145
12/02/2023 14:10,97
12/02/2023 14:25,63
12/02/2023 14:40,41
12/02/2023 14:54,182
12/02/2023 15:09,104
12/02/2023 15:24,50
12/02/2023 15:39,42
12/02/2023 15:54,58
12/02/2023 16:09,58
12/02/2023 16:23,49
12/02/2023 16:38,18
12/02/2023 16:53,11
12/02/2023 17:08,6
12/02/2023 17:23,6
12/02/2023 17:38,4
12/02/2023 17:52,2
12/02/2023 18:07,2
12/02/2023 18:22,1
12/02/2023 18:37,0
12/02/2023 18:52,0
12/02/2023 19:07,0
12/02/2023 19:21,0
12/02/2023 19:36,0
12/02/2023 19:51,0
12/02/2023 20:06,0
12/02/2023 20:21,0
12/02/2023 20:36,0
12/02/2023 20:50,0
12/02/2023 21:05,0
12/02/2023 21:20,0
12/02/2023 21:35,0
12/02/2023 21:50,0
12/02/2023 22:19,0
12/02/2023 22:34,0
12/02/2023 22:49,0
12/02/2023 23:04,0
12/02/2023 23:19,0
12/02/2023 23:34,0
12/02/2023 23:48,0
13/02/2023 00:03,0
13/02/2023 00:18,0
13/02/2023 00:33,0
13/02/2023 00:48,0
13/02/2023 00:52,0
13/02/2023 01:06,0
13/02/2023 01:21,0
13/02/2023 01:36,0
13/02/2023 01:51,0
13/02/2023 02:06,0
13/02/2023 02:21,0
13/02/2023 02:35,0
13/02/2023 02:50,0
13/02/2023 03:05,0
13/02/2023 03:20,0
13/02/2023 03:24,0
13/02/2023 03:38,0
13/02/2023 03:53,0
13/02/2023 04:08,0
13/02/2023 04:23,0
13/02/2023 04:38,0
13/02/2023 04:53,0
13/02/2023 05:07,0
13/02/2023 05:22,0
13/02/2023 05:37,0
13/02/2023 05:52,0
13/02/2023 06:07,0
13/02/2023 06:21,0
13/02/2023 06:36,0
13/02/2023 06:51,0
13/02/2023 07:06,0
13/02/2023 07:21,0
13/02/2023 07:36,0
13/02/2023 07:50,0
13/02/2023 08:05,0
13/02/2023 08:20,0
13/02/2023 08:35,0
13/02/2023 08:50,0
13/02/2023 09:05,0
13/02/2023 09:19,0
13/02/2023 09:34,0
13/02/2023 09:49,0
13/02/2023 10:04,0
13/02/2023 10:19,0
13/02/2023 10:34,0
13/02/2023 10:36,2
13/02/2023 10:51,5
13/02/2023 11:06,11
13/02/2023 11:20,6
13/02/2023 11:35,5
13/02/2023 11:50,5
13/02/2023 12:05,7
13/02/2023 12:20,7
13/02/2023 12:35,6
13/02/2023 12:49,8
13/02/2023 13:04,8
13/02/2023 13:19,7
13/02/2023 13:34,9
13/02/2023 13:49,8
13/02/2023 14:04,7
13/02/2023 14:18,7
13/02/2023 14:33,7
13/02/2023 14:48,7
13/02/2023 15:03,8
13/02/2023 15:18,8
13/02/2023 15:33,8
13/02/2023 15:47,6
13/02/2023 16:02,6
13/02/2023 16:17,7
13/02/2023 16:32,7
13/02/2023 16:47,6
13/02/2023 17:02,4
13/02/2023 17:16,3
13/02/2023 17:31,9
13/02/2023 17:46,21
13/02/2023 18:01,29
13/02/2023 18:16,42
13/02/2023 18:30,32
13/02/2023 18:45,15
13/02/2023 19:00,12
13/02/2023 19:15,1
13/02/2023 19:30,0
13/02/2023 19:45,0
13/02/2023 19:59,0
13/02/2023 20:14,0
13/02/2023 20:18,0
13/02/2023 20:32,0
13/02/2023 20:47,0
13/02/2023 21:02,0
13/02/2023 21:17,0
13/02/2023 21:32,0
13/02/2023 21:47,0
13/02/2023 22:01,0
13/02/2023 22:16,0
13/02/2023 22:31,0
13/02/2023 22:46,0
13/02/2023 23:01,0
13/02/2023 23:16,0
13/02/2023 23:30,0
13/02/2023 23:45,0
14/02/2023 00:00,0
14/02/2023 00:15,0
14/02/2023 00:30,0
14/02/2023 00:45,0
14/02/2023 00:59,0
14/02/2023 01:14,0
14/02/2023 01:29,0
14/02/2023 01:44,0
14/02/2023 01:59,0
14/02/2023 02:14,0
14/02/2023 02:28,0
14/02/2023 02:43,0
14/02/2023 02:58,0
14/02/2023 03:13,0
14/02/2023 03:28,0
14/02/2023 03:43,0
14/02/2023 03:57,0
14/02/2023 04:12,0
14/02/2023 04:27,0
14/02/2023 04:42,0
14/02/2023 04:57,0
14/02/2023 05:12,0
14/02/2023 05:26,0
14/02/2023 05:41,0
14/02/2023 06:11,0
14/02/2023 06:26,0
14/02/2023 06:41,0
14/02/2023 06:55,0
14/02/2023 07:10,0
14/02/2023 07:25,0
14/02/2023 07:40,0
14/02/2023 07:55,0
14/02/2023 08:09,0
14/02/2023 08:11,0
14/02/2023 08:25,0
14/02/2023 08:40,0
14/02/2023 08:55,0
14/02/2023 09:10,0
14/02/2023 09:25,0
14/02/2023 09:39,0
14/02/2023 09:54,0
14/02/2023 10:09,0
14/02/2023 10:24,0
14/02/2023 10:39,2
14/02/2023 10:54,5
14/02/2023 11:08,8
14/02/2023 11:38,16
14/02/2023 11:53,9
14/02/2023 12:08,24
14/02/2023 12:23,32
14/02/2023 12:37,15
14/02/2023 12:52,29
14/02/2023 13:07,24
14/02/2023 13:22,69
14/02/2023 13:37,67
14/02/2023 13:52,72
14/02/2023 14:21,99
14/02/2023 14:36,150
14/02/2023 14:51,51
14/02/2023 15:06,99
14/02/2023 15:21,108
14/02/2023 15:35,150
14/02/2023 15:50,165
14/02/2023 16:05,273
14/02/2023 16:20,85
14/02/2023 16:35,65
14/02/2023 16:50,223
14/02/2023 17:04,103
14/02/2023 17:19,52
14/02/2023 17:34,80
14/02/2023 17:49,57
14/02/2023 18:04,36
14/02/2023 18:19,34
14/02/2023 18:33,29
14/02/2023 18:48,10
14/02/2023 19:03,3
14/02/2023 19:18,0
14/02/2023 19:33,0
14/02/2023 19:48,0
14/02/2023 20:02,0
14/02/2023 20:17,0
14/02/2023 20:32,0
14/02/2023 20:47,0
14/02/2023 21:02,0
14/02/2023 21:17,0
14/02/2023 21:31,0
14/02/2023 21:46,0
14/02/2023 22:01,0
14/02/2023 22:16,0
14/02/2023 22:31,0
14/02/2023 22:45,0
14/02/2023 23:00,0
14/02/2023 23:15,0
14/02/2023 23:30,0
14/02/2023 23:45,0
15/02/2023 00:00,0
15/02/2023 00:14,0
15/02/2023 00:29,0
15/02/2023 00:44,0
15/02/2023 00:59,0
15/02/2023 01:14,0
15/02/2023 01:29,0
15/02/2023 01:43,0
15/02/2023 01:58,0
15/02/2023 02:13,0
15/02/2023 02:28,0
15/02/2023 02:43,0
15/02/2023 02:58,0
15/02/2023 03:12,0
15/02/2023 03:27,0
15/02/2023 03:42,0
15/02/2023 03:57,0
15/02/2023 04:12,0
15/02/2023 04:27,0
15/02/2023 04:41,0
15/02/2023 04:56,0
15/02/2023 05:11,0
15/02/2023 05:26,0
15/02/2023 05:41,0
15/02/2023 05:56,0
15/02/2023 06:10,0
15/02/2023 06:25,0
15/02/2023 06:40,0
15/02/2023 06:55,0
15/02/2023 07:10,0
15/02/2023 07:25,0
15/02/2023 07:39,0
15/02/2023 07:54,0
15/02/2023 08:09,0
15/02/2023 08:24,0
15/02/2023 08:39,0
15/02/2023 08:54,0
15/02/2023 09:08,0
15/02/2023 09:23,0
15/02/2023 09:38,0
15/02/2023 09:53,0
15/02/2023 10:08,0
15/02/2023 10:23,2
15/02/2023 10:37,4
15/02/2023 10:52,12
15/02/2023 11:07,27
15/02/2023 11:09,37
15/02/2023 11:24,48
15/02/2023 11:39,54
15/02/2023 11:53,69
15/02/2023 12:08,88
15/02/2023 12:23,85
15/02/2023 12:38,55
15/02/2023 12:39,42
15/02/2023 12:54,49
15/02/2023 13:09,83
15/02/2023 13:23,96
15/02/2023 13:38,108
15/02/2023 13:53,107
15/02/2023 14:08,119
15/02/2023 14:23,111
15/02/2023 14:38,125
15/02/2023 14:52,154
15/02/2023 15:07,149
15/02/2023 15:22,167
15/02/2023 15:37,205
15/02/2023 15:52,217
15/02/2023 16:07,211
15/02/2023 16:21,242
15/02/2023 16:36,185
15/02/2023 16:51,169
15/02/2023 17:06,86
15/02/2023 17:21,82
15/02/2023 17:36,74
15/02/2023 17:50,62
15/02/2023 18:05,34
15/02/2023 18:20,19
15/02/2023 18:35,9
15/02/2023 18:50,5
15/02/2023 19:05,3
15/02/2023 19:19,1
15/02/2023 19:34,0
15/02/2023 19:49,0
15/02/2023 20:04,0
15/02/2023 20:19,0
15/02/2023 20:34,0
15/02/2023 20:48,0
15/02/2023 21:03,0
15/02/2023 21:18,0
15/02/2023 21:33,0
15/02/2023 21:48,0
15/02/2023 22:03,0
15/02/2023 22:17,0
15/02/2023 22:32,0
15/02/2023 22:47,0
15/02/2023 23:02,0
15/02/2023 23:17,0
15/02/2023 23:32,0
15/02/2023 23:46,0
16/02/2023 00:01,0
16/02/2023 00:16,0
16/02/2023 00:31,0
16/02/2023 00:46,0
16/02/2023 01:00,0
16/02/2023 01:15,0
16/02/2023 01:30,0
16/02/2023 01:45,0
16/02/2023 02:00,0
16/02/2023 02:15,0
16/02/2023 02:29,0
16/02/2023 02:44,0
16/02/2023 02:59,0
16/02/2023 03:14,0
16/02/2023 03:29,0
16/02/2023 03:44,0
16/02/2023 03:58,0
16/02/2023 04:13,0
16/02/2023 04:28,0
16/02/2023 04:43,0
16/02/2023 04:58,0
16/02/2023 05:13,0
16/02/2023 05:27,0
16/02/2023 05:42,0
16/02/2023 05:57,0
16/02/2023 06:12,0
16/02/2023 06:27,0
16/02/2023 06:42,0
16/02/2023 06:56,0
16/02/2023 07:11,0
16/02/2023 07:26,0
16/02/2023 07:41,0
16/02/2023 07:56,0
16/02/2023 08:11,0
16/02/2023 08:25,0
16/02/2023 08:40,0
16/02/2023 08:55,0
16/02/2023 09:10,0
16/02/2023 09:25,0
16/02/2023 09:40,0
16/02/2023 09:54,0
16/02/2023 10:09,1
16/02/2023 10:24,4
16/02/2023 10:39,11
16/02/2023 10:54,30
16/02/2023 11:09,31
16/02/2023 11:23,35
16/02/2023 11:38,74
16/02/2023 11:53,88
16/02/2023 12:08,75
16/02/2023 12:23,114
16/02/2023 12:38,278
16/02/2023 12:52,345
16/02/2023 13:07,239
16/02/2023 13:22,173
16/02/2023 13:37,116
16/02/2023 13:52,236
16/02/2023 14:07,208
16/02/2023 14:21,233
16/02/2023 14:36,241
16/02/2023 14:51,246
16/02/2023 15:06,295
16/02/2023 15:21,108
16/02/2023 15:36,152
16/02/2023 15:50,183
16/02/2023 16:05,144
16/02/2023 16:20,193
16/02/2023 16:35,225
16/02/2023 16:36,165
16/02/2023 16:51,217
16/02/2023 17:06,241
16/02/2023 17:21,186
16/02/2023 17:35,181
16/02/2023 17:50,137
16/02/2023 18:05,96
16/02/2023 18:20,52
16/02/2023 18:35,26
16/02/2023 18:50,11
16/02/2023 19:04,3
16/02/2023 19:19,1
16/02/2023 19:34,0
16/02/2023 19:49,0
16/02/2023 20:04,0
16/02/2023 20:18,0
16/02/2023 20:33,0
16/02/2023 20:48,0
16/02/2023 21:03,0
16/02/2023 21:18,0
16/02/2023 21:33,0
16/02/2023 21:47,0
16/02/2023 22:02,0
16/02/2023 22:17,0
16/02/2023 22:32,0
16/02/2023 22:47,0
16/02/2023 23:02,0
16/02/2023 23:31,0
16/02/2023 23:46,0
17/02/2023 00:01,0
17/02/2023 00:16,0
17/02/2023 00:31,0
17/02/2023 00:45,0
17/02/2023 01:00,0
17/02/2023 01:15,0
17/02/2023 01:30,0
17/02/2023 01:32,0
17/02/2023 01:47,0
17/02/2023 02:02,0
17/02/2023 02:16,0
17/02/2023 02:46,0
17/02/2023 03:01,0
17/02/2023 03:16,0
17/02/2023 03:31,0
17/02/2023 03:45,0
17/02/2023 04:00,0
17/02/2023 04:15,0
17/02/2023 04:30,0
17/02/2023 04:45,0
17/02/2023 05:00,0
17/02/2023 05:14,0
17/02/2023 05:29,0
17/02/2023 05:44,0
17/02/2023 05:59,0
17/02/2023 06:14,0
17/02/2023 06:28,0
17/02/2023 06:43,0
17/02/2023 06:58,0
17/02/2023 07:13,0
17/02/2023 07:28,0
17/02/2023 07:43,0
17/02/2023 07:57,0
17/02/2023 08:12,0
17/02/2023 08:27,0
17/02/2023 08:42,0
17/02/2023 08:57,0
17/02/2023 09:12,0
17/02/2023 09:26,0
17/02/2023 09:41,0
17/02/2023 09:56,0
17/02/2023 10:11,2
17/02/2023 10:26,6
17/02/2023 10:41,10
17/02/2023 10:55,14
17/02/2023 11:10,22
17/02/2023 11:25,28
17/02/2023 11:40,28
17/02/2023 11:55,30
17/02/2023 12:10,35
17/02/2023 12:24,38
17/02/2023 12:39,135
17/02/2023 12:54,197
17/02/2023 13:09,220
17/02/2023 13:24,231
17/02/2023 13:39,242
17/02/2023 13:53,263
17/02/2023 14:08,306
17/02/2023 14:23,161
17/02/2023 14:38,327
17/02/2023 14:53,303
17/02/2023 15:08,304
17/02/2023 15:22,415
17/02/2023 15:37,245
17/02/2023 15:52,137
17/02/2023 16:07,123
17/02/2023 16:22,143
17/02/2023 16:37,144
17/02/2023 16:51,132
17/02/2023 17:06,89
17/02/2023 17:21,91
17/02/2023 17:36,59
17/02/2023 17:51,58
17/02/2023 18:06,32
17/02/2023 18:20,30
17/02/2023 18:35,29
17/02/2023 18:50,12
17/02/2023 19:05,4
17/02/2023 19:20,1
17/02/2023 19:35,0
17/02/2023 19:49,0
17/02/2023 20:04,0
17/02/2023 20:19,0
17/02/2023 20:34,0
17/02/2023 20:49,0
17/02/2023 21:04,0
17/02/2023 21:18,0
17/02/2023 21:33,0
17/02/2023 21:48,0
17/02/2023 22:03,0
17/02/2023 22:18,0
17/02/2023 22:33,0
17/02/2023 22:47,0
17/02/2023 23:02,0
17/02/2023 23:17,0
17/02/2023 23:32,0
17/02/2023 23:47,0
18/02/2023 00:01,0
18/02/2023 00:16,0
18/02/2023 00:31,0
18/02/2023 00:46,0
18/02/2023 01:01,0
18/02/2023 01:16,0
18/02/2023 01:30,0
18/02/2023 01:45,0
18/02/2023 02:00,0
18/02/2023 02:15,0
18/02/2023 02:30,0
18/02/2023 02:31,0
18/02/2023 02:46,0
18/02/2023 03:01,0
18/02/2023 03:15,0
18/02/2023 03:30,0
18/02/2023 03:45,0
18/02/2023 04:00,0
18/02/2023 04:15,0
18/02/2023 04:29,0
18/02/2023 04:44,0
18/02/2023 04:59,0
18/02/2023 05:14,0
18/02/2023 05:29,0
18/02/2023 05:44,0
18/02/2023 05:58,0
18/02/2023 06:13,0
18/02/2023 06:28,0
18/02/2023 06:43,0
18/02/2023 06:58,0
18/02/2023 07:13,0
18/02/2023 07:27,0
18/02/2023 07:42,0
18/02/2023 07:57,0
18/02/2023 08:12,0
18/02/2023 08:27,0
18/02/2023 08:42,0
18/02/2023 08:56,0
18/02/2023 09:11,0
18/02/2023 09:26,0
18/02/2023 09:41,0
18/02/2023 09:56,0
18/02/2023 10:11,1
18/02/2023 10:25,4
18/02/2023 10:40,10
18/02/2023 10:55,20
18/02/2023 11:10,29
18/02/2023 11:25,37
18/02/2023 11:40,45
18/02/2023 11:54,57
18/02/2023 12:09,68
18/02/2023 12:24,75
18/02/2023 12:39,77
18/02/2023 12:40,83
18/02/2023 12:55,86
18/02/2023 13:10,94
18/02/2023 13:25,92
18/02/2023 13:40,88
18/02/2023 13:54,85
18/02/2023 14:09,100
18/02/2023 14:24,103
18/02/2023 14:39,106
18/02/2023 14:54,110
18/02/2023 15:09,99
18/02/2023 15:24,97
18/02/2023 15:39,99
18/02/2023 15:54,92
18/02/2023 16:09,74
18/02/2023 16:23,75
18/02/2023 16:38,85
18/02/2023 16:53,65
18/02/2023 17:08,61
18/02/2023 17:23,62
18/02/2023 17:37,59
18/02/2023 17:52,53
18/02/2023 18:07,46
18/02/2023 18:22,35
18/02/2023 18:37,26
18/02/2023 18:52,14
18/02/2023 19:06,6
18/02/2023 19:21,1
18/02/2023 19:36,0
18/02/2023 19:51,0
18/02/2023 20:06,0
18/02/2023 20:21,0
18/02/2023 20:35,0
18/02/2023 20:50,0
18/02/2023 21:05,0
18/02/2023 21:20,0
18/02/2023 21:35,0
18/02/2023 21:50,0
18/02/2023 22:04,0
18/02/2023 22:19,0
18/02/2023 22:34,0
18/02/2023 22:49,0
18/02/2023 23:04,0
18/02/2023 23:19,0
18/02/2023 23:33,0
18/02/2023 23:48,0
19/02/2023 00:03,0
19/02/2023 00:18,0
19/02/2023 00:33,0
19/02/2023 00:48,0
19/02/2023 01:02,0
19/02/2023 01:17,0
19/02/2023 01:32,0
19/02/2023 01:47,0
19/02/2023 02:02,0
19/02/2023 02:17,0
19/02/2023 02:31,0
19/02/2023 02:46,0
19/02/2023 03:01,0
19/02/2023 03:16,0
19/02/2023 03:31,0
19/02/2023 03:32,0
19/02/2023 03:47,0
19/02/2023 04:01,0
19/02/2023 04:16,0
19/02/2023 04:31,0
19/02/2023 04:46,0
19/02/2023 05:01,0
19/02/2023 05:16,0
19/02/2023 05:30,0
19/02/2023 05:45,0
19/02/2023 06:00,0
19/02/2023 06:15,0
19/02/2023 06:30,0
19/02/2023 06:45,0
19/02/2023 06:59,0
19/02/2023 07:14,0
19/02/2023 07:29,0
19/02/2023 07:44,0
19/02/2023 07:59,0
19/02/2023 08:28,0
19/02/2023 08:43,0
19/02/2023 08:58,0
19/02/2023 09:13,0
19/02/2023 09:28,0
19/02/2023 09:42,0
19/02/2023 09:57,0
19/02/2023 10:03,0
19/02/2023 10:17,0
19/02/2023 10:32,2
19/02/2023 10:47,5
19/02/2023 11:02,9
19/02/2023 11:17,13
19/02/2023 11:32,19
19/02/2023 11:46,16
19/02/2023 12:01,22
19/02/2023 12:16,27
19/02/2023 12:46,77
19/02/2023 13:01,60
19/02/2023 13:15,74
19/02/2023 13:30,45
19/02/2023 13:45,66
19/02/2023 14:00,109
19/02/2023 14:15,60
19/02/2023 14:29,51
19/02/2023 14:44,56
19/02/2023 14:59,101
19/02/2023 15:14,128
19/02/2023 15:29,150
19/02/2023 15:44,151
19/02/2023 15:58,98
19/02/2023 16:13,53
19/02/2023 16:28,49
19/02/2023 16:43,52
19/02/2023 16:58,45
19/02/2023 17:13,50
19/02/2023 17:27,45
19/02/2023 17:42,33
19/02/2023 17:57,27
19/02/2023 18:12,22
19/02/2023 18:27,19
19/02/2023 18:42,13
19/02/2023 18:56,6
19/02/2023 19:11,3
19/02/2023 19:26,1
19/02/2023 19:41,0
19/02/2023 19:56,0
19/02/2023 20:11,0
19/02/2023 20:25,0
19/02/2023 20:40,0
19/02/2023 20:55,0
19/02/2023 21:10,0
19/02/2023 21:25,0
19/02/2023 21:40,0
19/02/2023 21:54,0
19/02/2023 22:09,0
19/02/2023 22:24,0
19/02/2023 22:39,0
19/02/2023 22:54,0
19/02/2023 23:09,0
19/02/2023 23:23,0
19/02/2023 23:38,0
19/02/2023 23:53,0
20/02/2023 00:08,0
20/02/2023 00:23,0
20/02/2023 00:38,0
20/02/2023 00:52,0
20/02/2023 01:22,0
20/02/2023 01:37,0
20/02/2023 01:52,0
20/02/2023 02:07,0
20/02/2023 02:21,0
20/02/2023 02:36,0
20/02/2023 02:51,0
20/02/2023 03:06,0
20/02/2023 03:21,0
20/02/2023 03:36,0
20/02/2023 03:50,0
20/02/2023 04:05,0
20/02/2023 04:20,0
20/02/2023 04:35,0
20/02/2023 04:50,0
20/02/2023 05:05,0
20/02/2023 05:19,0
20/02/2023 05:34,0
20/02/2023 05:49,0
20/02/2023 06:04,0
20/02/2023 06:19,0
20/02/2023 06:34,0
20/02/2023 06:48,0
20/02/2023 07:03,0
20/02/2023 07:18,0
20/02/2023 07:33,0
20/02/2023 07:48,0
20/02/2023 08:02,0
20/02/2023 08:17,0
20/02/2023 08:32,0
20/02/2023 08:47,0
20/02/2023 09:02,0
20/02/2023 09:17,0
20/02/2023 09:31,0
20/02/2023 09:46,0
20/02/2023 09:49,1
20/02/2023 10:04,3
20/02/2023 10:19,6
20/02/2023 10:33,10
20/02/2023 10:48,15
20/02/2023 11:03,26
20/02/2023 11:18,37
20/02/2023 11:33,51
20/02/2023 11:48,67
20/02/2023 12:02,65
20/02/2023 12:17,55
20/02/2023 12:32,115
20/02/2023 12:47,179
20/02/2023 13:02,131
20/02/2023 13:17,151
20/02/2023 13:31,136
20/02/2023 13:46,92
20/02/2023 14:01,139
20/02/2023 14:16,127
20/02/2023 14:31,163
20/02/2023 14:46,261
20/02/2023 15:00,315
20/02/2023 15:15,260
20/02/2023 15:30,246
20/02/2023 15:45,269
20/02/2023 16:00,265
20/02/2023 16:15,201
20/02/2023 16:29,263
20/02/2023 16:44,256
20/02/2023 16:59,159
20/02/2023 17:14,86
20/02/2023 17:29,68
20/02/2023 17:44,65
20/02/2023 17:58,69
20/02/2023 18:13,56
20/02/2023 18:28,40
20/02/2023 18:43,23
20/02/2023 18:58,8
20/02/2023 19:13,4
20/02/2023 19:27,1
20/02/2023 19:42,0
20/02/2023 19:57,0
20/02/2023 20:12,0
20/02/2023 20:27,0
20/02/2023 20:41,0
20/02/2023 20:56,0
20/02/2023 21:11,0
20/02/2023 21:26,0
20/02/2023 21:41,0
20/02/2023 21:56,0
20/02/2023 22:10,0
20/02/2023 22:25,0
20/02/2023 22:40,0
20/02/2023 22:55,0
20/02/2023 23:25,0
20/02/2023 23:39,0
20/02/2023 23:54,0
21/02/2023 00:09,0
21/02/2023 00:24,0
21/02/2023 00:39,0
21/02/2023 00:54,0
21/02/2023 01:08,0
21/02/2023 01:23,0
21/02/2023 01:38,0
21/02/2023 01:53,0
21/02/2023 02:08,0
21/02/2023 02:23,0
21/02/2023 02:37,0
21/02/2023 02:52,0
21/02/2023 03:07,0
21/02/2023 03:22,0
21/02/2023 03:37,0
21/02/2023 03:52,0
21/02/2023 04:06,0
21/02/2023 04:21,0
21/02/2023 04:36,0
21/02/2023 04:51,0
21/02/2023 05:06,0
21/02/2023 05:21,0
21/02/2023 05:35,0
21/02/2023 05:50,0
21/02/2023 06:05,0
21/02/2023 06:20,0
21/02/2023 06:35,0
21/02/2023 06:50,0
21/02/2023 07:04,0
21/02/2023 07:19,0
21/02/2023 07:34,0
21/02/2023 07:49,0
21/02/2023 08:04,0
21/02/2023 08:19,0
21/02/2023 08:33,0
21/02/2023 08:48,0
21/02/2023 09:03,0
21/02/2023 09:18,0
21/02/2023 09:33,0
21/02/2023 09:47,0
21/02/2023 10:02,2
21/02/2023 10:17,6
21/02/2023 10:32,13
21/02/2023 10:47,25
21/02/2023 11:02,34
21/02/2023 11:16,40
21/02/2023 11:31,54
21/02/2023 11:46,62
21/02/2023 12:01,70
21/02/2023 12:16,77
21/02/2023 12:31,85
21/02/2023 12:45,94
21/02/2023 13:00,189
21/02/2023 13:15,245
21/02/2023 13:45,310
21/02/2023 14:00,312
21/02/2023 14:14,286
21/02/2023 14:29,224
21/02/2023 14:44,294
21/02/2023 14:59,276
21/02/2023 15:14,242
21/02/2023 15:29,250
21/02/2023 15:43,239
21/02/2023 15:58,246
21/02/2023 16:13,264
21/02/2023 16:28,269
21/02/2023 16:43,269
21/02/2023 16:58,254
21/02/2023 17:12,234
21/02/2023 17:27,225
21/02/2023 17:42,197
21/02/2023 17:57,180
21/02/2023 17:59,164
21/02/2023 18:14,144
21/02/2023 18:28,114
21/02/2023 18:43,77
21/02/2023 19:13,9
21/02/2023 19:28,4
21/02/2023 19:43,1
21/02/2023 19:57,0
21/02/2023 20:12,0
21/02/2023 20:42,0
21/02/2023 20:57,0
21/02/2023 21:12,0
21/02/2023 21:26,0
21/02/2023 21:41,0
21/02/2023 21:56,0
21/02/2023 22:11,0
21/02/2023 22:26,0
21/02/2023 22:41,0
21/02/2023 22:55,0
21/02/2023 23:10,0
21/02/2023 23:25,0
21/02/2023 23:40,0
21/02/2023 23:55,0
22/02/2023 00:10,0
22/02/2023 00:24,0
22/02/2023 00:54,0
22/02/2023 01:09,0
22/02/2023 01:24,0
22/02/2023 01:39,0
22/02/2023 01:53,0
22/02/2023 02:08,0
22/02/2023 02:23,0
22/02/2023 02:38,0
22/02/2023 02:53,0
22/02/2023 03:08,0
22/02/2023 03:22,0
22/02/2023 03:37,0
22/02/2023 03:52,0
22/02/2023 04:07,0
22/02/2023 04:22,0
22/02/2023 04:37,0
22/02/2023 04:51,0
22/02/2023 05:06,0
22/02/2023 05:21,0
22/02/2023 05:36,0
22/02/2023 06:06,0
22/02/2023 06:20,0
22/02/2023 06:35,0
22/02/2023 06:50,0
22/02/2023 07:05,0
22/02/2023 07:20,0
22/02/2023 07:35,0
22/02/2023 07:49,0
22/02/2023 08:04,0
22/02/2023 08:19,0
22/02/2023 08:34,0
22/02/2023 08:49,0
22/02/2023 09:04,0
22/02/2023 09:18,0
22/02/2023 09:33,0
22/02/2023 09:48,1
22/02/2023 10:03,2
22/02/2023 10:18,7
22/02/2023 10:32,13
22/02/2023 10:47,21
22/02/2023 11:02,28
22/02/2023 11:17,42
22/02/2023 11:47,72
22/02/2023 12:01,60
22/02/2023 12:06,58
22/02/2023 12:21,62
22/02/2023 12:36,68
22/02/2023 12:51,62
22/02/2023 13:20,82
22/02/2023 13:35,82
22/02/2023 13:50,89
22/02/2023 14:05,106
22/02/2023 14:20,102
22/02/2023 14:34,107
22/02/2023 14:49,113
22/02/2023 15:19,95
22/02/2023 15:34,99
22/02/2023 15:49,102
22/02/2023 16:03,108
22/02/2023 16:18,122
22/02/2023 16:33,95
22/02/2023 16:48,89
22/02/2023 16:53,77
22/02/2023 17:08,67
22/02/2023 17:23,75
22/02/2023 17:38,66
22/02/2023 17:53,39
22/02/2023 18:08,49
22/02/2023 18:22,24
22/02/2023 18:37,14
22/02/2023 18:52,8
22/02/2023 19:07,3
22/02/2023 19:22,2
22/02/2023 19:37,0
22/02/2023 19:51,0
22/02/2023 20:06,0
22/02/2023 20:21,0
22/02/2023 20:36,0
22/02/2023 20:51,0
22/02/2023 21:06,0
22/02/2023 21:20,0
22/02/2023 21:35,0
22/02/2023 21:50,0
22/02/2023 22:05,0
22/02/2023 22:20,0
22/02/2023 22:35,0
22/02/2023 22:49,0
22/02/2023 23:04,0
22/02/2023 23:19,0
22/02/2023 23:34,0
22/02/2023 23:49,0
23/02/2023 00:04,0
23/02/2023 00:18,0
23/02/2023 00:33,0
23/02/2023 00:48,0
23/02/2023 01:03,0
23/02/2023 01:18,0
23/02/2023 01:33,0
23/02/2023 01:47,0
23/02/2023 02:02,0
23/02/2023 02:17,0
23/02/2023 02:32,0
23/02/2023 02:47,0
23/02/2023 03:01,0
23/02/2023 03:16,0
23/02/2023 03:31,0
23/02/2023 03:46,0
23/02/2023 04:01,0
23/02/2023 04:16,0
23/02/2023 04:30,0
23/02/2023 04:45,0
23/02/2023 05:00,0
23/02/2023 05:15,0
23/02/2023 05:30,0
23/02/2023 05:45,0
23/02/2023 05:59,0
23/02/2023 06:14,0
23/02/2023 06:29,0
23/02/2023 06:44,0
23/02/2023 06:59,0
23/02/2023 07:14,0
23/02/2023 07:28,0
23/02/2023 07:43,0
23/02/2023 07:58,0
23/02/2023 08:13,0
23/02/2023 08:28,0
23/02/2023 08:43,0
23/02/2023 08:57,0
23/02/2023 09:12,0
23/02/2023 09:27,0
23/02/2023 09:42,0
23/02/2023 09:57,1
23/02/2023 10:12,3
23/02/2023 10:26,8
23/02/2023 10:41,10
23/02/2023 10:56,13
23/02/2023 11:11,18
23/02/2023 11:26,20
23/02/2023 11:41,26
23/02/2023 11:55,29
23/02/2023 12:10,37
23/02/2023 12:25,43
23/02/2023 12:40,48
23/02/2023 12:55,52
23/02/2023 13:10,53
23/02/2023 13:39,54
23/02/2023 13:54,65
23/02/2023 14:09,66
23/02/2023 14:24,68
23/02/2023 14:39,77
23/02/2023 14:53,101
23/02/2023 15:08,98
23/02/2023 15:23,163
23/02/2023 15:38,98
23/02/2023 15:53,68
23/02/2023 16:08,97
23/02/2023 16:22,84
23/02/2023 16:37,118
23/02/2023 16:52,116
23/02/2023 17:07,105
23/02/2023 17:22,89
23/02/2023 17:37,73
23/02/2023 17:51,67
23/02/2023 18:06,42
23/02/2023 18:21,35
23/02/2023 18:36,22
23/02/2023 18:51,11
23/02/2023 19:05,6
23/02/2023 19:20,2
23/02/2023 19:35,1
23/02/2023 19:50,0
23/02/2023 20:05,0
23/02/2023 20:20,0
23/02/2023 20:34,0
23/02/2023 20:49,0
23/02/2023 21:04,0
23/02/2023 21:19,0
23/02/2023 21:34,0
23/02/2023 21:49,0
23/02/2023 22:03,0
23/02/2023 22:18,0
23/02/2023 22:33,0
23/02/2023 22:48,0
23/02/2023 23:03,0
23/02/2023 23:18,0
23/02/2023 23:32,0
23/02/2023 23:47,0
24/02/2023 00:02,0
24/02/2023 00:17,0
24/02/2023 00:32,0
24/02/2023 00:47,0
24/02/2023 01:01,0
24/02/2023 01:31,0
24/02/2023 01:46,0
24/02/2023 02:01,0
24/02/2023 02:16,0
24/02/2023 02:30,0
24/02/2023 02:45,0
24/02/2023 03:00,0
24/02/2023 03:15,0
24/02/2023 03:30,0
24/02/2023 03:45,0
24/02/2023 03:59,0
24/02/2023 04:14,0
24/02/2023 04:29,0
24/02/2023 04:44,0
24/02/2023 05:14,0
24/02/2023 05:28,0
24/02/2023 05:43,0
24/02/2023 05:58,0
24/02/2023 06:13,0
24/02/2023 06:43,0
24/02/2023 06:57,0
24/02/2023 07:12,0
24/02/2023 07:27,0
24/02/2023 07:42,0
24/02/2023 08:12,0
24/02/2023 08:26,0
24/02/2023 08:41,0
24/02/2023 08:56,0
24/02/2023 09:11,0
24/02/2023 09:26,0
24/02/2023 09:40,0
24/02/2023 09:55,1
24/02/2023 10:10,3
24/02/2023 10:25,7
24/02/2023 10:40,12
24/02/2023 10:55,23
24/02/2023 11:09,32
24/02/2023 11:24,43
24/02/2023 11:39,53
24/02/2023 11:54,71
24/02/2023 12:09,69
24/02/2023 12:24,82
24/02/2023 12:38,47
24/02/2023 12:53,63
24/02/2023 13:08,58
24/02/2023 13:23,56
24/02/2023 13:38,78
24/02/2023 13:53,59
24/02/2023 14:07,76
24/02/2023 14:22,76
24/02/2023 14:52,184
24/02/2023 15:07,331
24/02/2023 15:22,244
24/02/2023 15:36,111
24/02/2023 15:51,111
24/02/2023 16:06,133
24/02/2023 16:21,158
24/02/2023 16:36,117
24/02/2023 16:51,88
24/02/2023 17:05,72
24/02/2023 17:20,51
24/02/2023 17:35,50
24/02/2023 17:50,48
24/02/2023 18:05,33
24/02/2023 18:20,26
24/02/2023 18:34,17
24/02/2023 18:49,13
24/02/2023 19:04,9
24/02/2023 19:19,4
24/02/2023 19:34,2
24/02/2023 19:49,1
24/02/2023 20:03,0
24/02/2023 20:18,0
24/02/2023 20:33,0
24/02/2023 20:48,0
24/02/2023 21:03,0
24/02/2023 21:18,0
24/02/2023 21:32,0
24/02/2023 21:47,0
24/02/2023 22:02,0
24/02/2023 22:17,0
24/02/2023 22:32,0
24/02/2023 22:47,0
24/02/2023 23:01,0
24/02/2023 23:16,0
24/02/2023 23:31,0
24/02/2023 23:46,0
25/02/2023 00:01,0
25/02/2023 00:15,0
25/02/2023 00:30,0
25/02/2023 00:45,0
25/02/2023 01:00,0
25/02/2023 01:15,0
25/02/2023 01:16,0
25/02/2023 01:31,0
25/02/2023 01:46,0
25/02/2023 02:00,0
25/02/2023 02:15,0
25/02/2023 02:30,0
25/02/2023 02:45,0
25/02/2023 03:00,0
25/02/2023 03:14,0
25/02/2023 03:29,0
25/02/2023 03:44,0
25/02/2023 03:59,0
25/02/2023 04:14,0
25/02/2023 04:29,0
25/02/2023 04:43,0
25/02/2023 04:58,0
25/02/2023 05:13,0
25/02/2023 05:28,0
25/02/2023 05:43,0
25/02/2023 05:58,0
25/02/2023 06:12,0
25/02/2023 06:27,0
25/02/2023 06:42,0
25/02/2023 06:57,0
25/02/2023 07:12,0
25/02/2023 07:27,0
25/02/2023 07:41,0
25/02/2023 07:56,0
25/02/2023 08:11,0
25/02/2023 08:26,0
25/02/2023 08:41,0
25/02/2023 08:56,0
25/02/2023 09:10,0
25/02/2023 09:25,0
25/02/2023 09:40,0
25/02/2023 09:55,0
25/02/2023 10:10,0
25/02/2023 10:25,1
25/02/2023 10:39,3
25/02/2023 10:54,6
25/02/2023 11:09,6
25/02/2023 11:24,6
25/02/2023 11:39,8
25/02/2023 11:54,7
25/02/2023 12:08,7
25/02/2023 12:23,10
25/02/2023 12:38,12
25/02/2023 12:40,16
25/02/2023 12:55,15
25/02/2023 13:10,21
25/02/2023 13:24,21
25/02/2023 13:39,17
25/02/2023 13:54,20
25/02/2023 14:09,13
25/02/2023 14:24,14
25/02/2023 14:38,14
25/02/2023 14:53,14
25/02/2023 15:08,15
25/02/2023 15:23,14
25/02/2023 15:38,13
25/02/2023 15:52,21
25/02/2023 16:07,22
25/02/2023 16:22,23
25/02/2023 16:37,19
25/02/2023 16:52,18
25/02/2023 17:07,19
25/02/2023 17:21,19
25/02/2023 17:36,18
25/02/2023 17:51,15
25/02/2023 18:06,15
25/02/2023 18:21,9
25/02/2023 18:35,8
25/02/2023 18:50,8
25/02/2023 19:05,4
25/02/2023 19:20,2
25/02/2023 19:27,1
25/02/2023 19:42,0
25/02/2023 19:56,0
25/02/2023 20:11,0
25/02/2023 20:26,0
25/02/2023 20:41,0
25/02/2023 20:56,0
25/02/2023 21:10,0
25/02/2023 21:25,0
25/02/2023 21:40,0
25/02/2023 21:55,0
25/02/2023 22:10,0
25/02/2023 22:24,0
25/02/2023 22:39,0
25/02/2023 22:54,0
25/02/2023 23:09,0
25/02/2023 23:24,0
25/02/2023 23:39,0
25/02/2023 23:53,0
26/02/2023 00:08,0
26/02/2023 00:23,0
26/02/2023 00:38,0
26/02/2023 00:53,0
26/02/2023 01:07,0
26/02/2023 01:22,0
26/02/2023 01:37,0
26/02/2023 01:38,0
26/02/2023 01:53,0
26/02/2023 02:08,0
26/02/2023 02:23,0
26/02/2023 02:38,0
26/02/2023 02:52,0
26/02/2023 03:07,0
26/02/2023 03:22,0
26/02/2023 03:37,0
26/02/2023 03:52,0
26/02/2023 04:06,0
26/02/2023 04:21,0
26/02/2023 04:36,0
26/02/2023 04:51,0
26/02/2023 05:06,0
26/02/2023 05:35,0
26/02/2023 05:50,0
26/02/2023 06:05,0
26/02/2023 06:20,0
26/02/2023 06:35,0
26/02/2023 06:49,0
26/02/2023 07:04,0
26/02/2023 07:19,0
26/02/2023 07:34,0
26/02/2023 07:49,0
26/02/2023 07:50,0
26/02/2023 08:05,0
26/02/2023 08:20,0
26/02/2023 08:34,0
26/02/2023 08:49,0
26/02/2023 09:04,0
26/02/2023 09:19,0
26/02/2023 09:34,1
26/02/2023 09:48,3
26/02/2023 10:03,4
26/02/2023 10:18,9
26/02/2023 10:33,15
26/02/2023 10:48,14
26/02/2023 11:02,19
26/02/2023 11:17,26
26/02/2023 11:32,34
26/02/2023 11:47,31
26/02/2023 12:02,32
26/02/2023 12:17,36
26/02/2023 12:31,45
26/02/2023 12:46,47
26/02/2023 13:01,58
26/02/2023 13:31,65
26/02/2023 13:45,69
26/02/2023 14:00,56
26/02/2023 14:15,56
26/02/2023 14:45,75
26/02/2023 14:59,86
26/02/2023 15:14,81
26/02/2023 15:29,100
26/02/2023 15:44,118
26/02/2023 15:59,122
26/02/2023 16:13,67
26/02/2023 16:28,65
26/02/2023 16:43,58
26/02/2023 16:58,53
26/02/2023 17:13,47
26/02/2023 17:27,36
26/02/2023 17:42,39
26/02/2023 17:57,23
26/02/2023 18:12,29
26/02/2023 18:27,21
26/02/2023 18:41,14
26/02/2023 18:56,12
26/02/2023 19:11,8
26/02/2023 19:26,3
26/02/2023 19:41,1
26/02/2023 19:55,0
26/02/2023 20:10,0
26/02/2023 20:25,0
26/02/2023 20:40,0
26/02/2023 20:55,0
26/02/2023 21:09,0
26/02/2023 21:24,0
26/02/2023 21:39,0
26/02/2023 21:54,0
26/02/2023 22:09,0
26/02/2023 22:23,0
26/02/2023 22:38,0
26/02/2023 22:53,0
26/02/2023 23:08,0
26/02/2023 23:23,0
26/02/2023 23:38,0
26/02/2023 23:52,0
27/02/2023 00:07,0
27/02/2023 00:22,0
27/02/2023 00:37,0
27/02/2023 00:52,0
27/02/2023 01:06,0
27/02/2023 01:21,0
27/02/2023 01:36,0
27/02/2023 01:51,0
27/02/2023 02:06,0
27/02/2023 02:20,0
27/02/2023 02:35,0
27/02/2023 02:50,0
27/02/2023 03:05,0
27/02/2023 03:20,0
27/02/2023 03:34,0
27/02/2023 03:49,0
27/02/2023 04:04,0
27/02/2023 04:19,0
27/02/2023 04:34,0
27/02/2023 04:48,0
27/02/2023 05:05,0
27/02/2023 05:20,0
27/02/2023 05:34,0
27/02/2023 05:49,0
27/02/2023 06:04,0
27/02/2023 06:19,0
27/02/2023 06:34,0
27/02/2023 06:48,0
27/02/2023 07:03,0
27/02/2023 07:05,0
27/02/2023 07:20,0
27/02/2023 07:34,0
27/02/2023 07:49,0
27/02/2023 08:04,0
27/02/2023 08:19,0
27/02/2023 08:34,0
27/02/2023 08:49,0
27/02/2023 09:03,0
27/02/2023 09:18,0
27/02/2023 09:20,0
27/02/2023 09:34,0
27/02/2023 09:49,2
27/02/2023 10:04,4
27/02/2023 10:19,6
27/02/2023 10:34,7
27/02/2023 10:49,10
27/02/2023 11:03,12
27/02/2023 11:18,23
27/02/2023 11:33,35
27/02/2023 11:48,43
27/02/2023 12:03,51
27/02/2023 12:17,71
27/02/2023 12:32,66
27/02/2023 12:47,98
27/02/2023 13:02,97
27/02/2023 13:17,82
27/02/2023 13:31,99
27/02/2023 13:46,109
27/02/2023 14:16,135
27/02/2023 14:31,129
27/02/2023 14:46,103
27/02/2023 14:46,107
27/02/2023 15:01,91
27/02/2023 15:16,88
27/02/2023 15:31,85
27/02/2023 15:46,98
27/02/2023 16:01,93
27/02/2023 16:15,118
27/02/2023 16:30,108
27/02/2023 16:45,88
27/02/2023 17:00,85
27/02/2023 17:15,64
27/02/2023 17:29,59
27/02/2023 17:44,32
27/02/2023 17:59,33
27/02/2023 18:14,25
27/02/2023 18:29,20
27/02/2023 18:43,14
27/02/2023 18:46,15
27/02/2023 19:01,15
27/02/2023 19:15,5
27/02/2023 19:30,2
27/02/2023 19:45,0
27/02/2023 20:00,0
27/02/2023 20:15,0
27/02/2023 20:29,0
27/02/2023 20:44,0
27/02/2023 20:59,0
27/02/2023 21:14,0
27/02/2023 21:29,0
27/02/2023 21:43,0
27/02/2023 22:13,0
27/02/2023 22:28,0
27/02/2023 22:43,0
27/02/2023 22:58,0
27/02/2023 23:12,0
27/02/2023 23:27,0
27/02/2023 23:42,0
27/02/2023 23:57,0
28/02/2023 00:12,0
28/02/2023 00:26,0
28/02/2023 00:41,0
28/02/2023 00:56,0
28/02/2023 01:11,0
28/02/2023 01:26,0
28/02/2023 01:40,0
28/02/2023 01:55,0
28/02/2023 02:10,0
28/02/2023 02:25,0
28/02/2023 02:40,0
28/02/2023 02:54,0
28/02/2023 03:09,0
28/02/2023 03:24,0
28/02/2023 03:39,0
28/02/2023 03:54,0
28/02/2023 04:09,0
28/02/2023 04:23,0
28/02/2023 04:38,0
28/02/2023 04:53,0
28/02/2023 05:08,0
28/02/2023 05:23,0
28/02/2023 05:38,0
28/02/2023 05:52,0
28/02/2023 06:07,0
28/02/2023 06:22,0
28/02/2023 06:37,0
28/02/2023 06:52,0
28/02/2023 07:07,0
28/02/2023 07:21,0
28/02/2023 07:36,0
28/02/2023 07:51,0
28/02/2023 08:06,0
28/02/2023 08:21,0
28/02/2023 08:36,0
28/02/2023 08:50,0
28/02/2023 08:54,0
28/02/2023 09:09,0
28/02/2023 09:24,0
28/02/2023 09:39,0
28/02/2023 09:53,0
28/02/2023 10:08,1
28/02/2023 10:23,2
28/02/2023 10:38,3
28/02/2023 10:53,5
28/02/2023 11:07,5
28/02/2023 11:09,2
28/02/2023 11:24,4
28/02/2023 11:39,6
28/02/2023 11:53,10
28/02/2023 12:08,17
28/02/2023 12:23,19
28/02/2023 12:38,16
28/02/2023 12:53,23
28/02/2023 13:07,35
28/02/2023 13:22,62
28/02/2023 13:37,112
28/02/2023 13:52,97
28/02/2023 14:07,91
28/02/2023 14:21,103
28/02/2023 14:36,60
28/02/2023 14:51,314
28/02/2023 15:06,349
28/02/2023 15:35,58
28/02/2023 15:50,64
28/02/2023 16:05,80
28/02/2023 16:20,203
28/02/2023 16:35,170
28/02/2023 16:50,65
28/02/2023 17:04,191
28/02/2023 17:19,166
28/02/2023 17:23,233
28/02/2023 17:38,156
28/02/2023 17:52,53
28/02/2023 18:07,113
28/02/2023 18:22,83
28/02/2023 18:37,20
28/02/2023 18:52,76
28/02/2023 19:06,17
28/02/2023 19:21,14
28/02/2023 19:36,10
28/02/2023 19:51,3
28/02/2023 20:06,1
28/02/2023 20:20,0
28/02/2023 20:35,0
28/02/2023 20:50,0
28/02/2023 21:05,0
28/02/2023 21:20,0
28/02/2023 21:35,0
28/02/2023 21:49,0
28/02/2023 22:04,0
28/02/2023 22:19,0
28/02/2023 22:34,0
28/02/2023 22:49,0
28/02/2023 23:04,0
28/02/2023 23:18,0
28/02/2023 23:33,0
28/02/2023 23:48,0
01/03/2023 00:03,0
01/03/2023 00:18,0
01/03/2023 00:21,0
01/03/2023 00:36,0
01/03/2023 00:51,0
01/03/2023 01:06,0
01/03/2023 01:35,0
01/03/2023 01:50,0
01/03/2023 02:05,0
01/03/2023 02:20,0
01/03/2023 02:35,0
01/03/2023 02:50,0
01/03/2023 03:04,0
01/03/2023 03:19,0
01/03/2023 03:34,0
01/03/2023 03:49,0
01/03/2023 04:04,0
01/03/2023 04:19,0
01/03/2023 04:33,0
01/03/2023 04:48,0
01/03/2023 05:03,0
01/03/2023 05:18,0
01/03/2023 05:33,0
01/03/2023 05:48,0
01/03/2023 06:02,0
01/03/2023 06:17,0
01/03/2023 06:32,0
01/03/2023 06:47,0
01/03/2023 07:02,0
01/03/2023 07:17,0
01/03/2023 07:31,0
01/03/2023 07:46,0
01/03/2023 08:01,0
01/03/2023 08:16,0
01/03/2023 08:31,0
01/03/2023 08:45,0
01/03/2023 09:00,0
01/03/2023 09:15,0
01/03/2023 09:30,1
01/03/2023 09:45,4
01/03/2023 10:00,11
01/03/2023 10:14,14
01/03/2023 10:29,29
01/03/2023 10:31,42
01/03/2023 10:45,32
01/03/2023 11:00,10
01/03/2023 11:15,25
01/03/2023 11:30,48
01/03/2023 11:45,95
01/03/2023 12:00,106
01/03/2023 12:14,105
01/03/2023 12:29,106
01/03/2023 12:44,122
01/03/2023 12:59,175
01/03/2023 13:14,195
01/03/2023 13:28,193
01/03/2023 13:43,157
01/03/2023 13:58,233
01/03/2023 14:13,223
01/03/2023 14:28,98
01/03/2023 14:42,88
01/03/2023 14:45,105
01/03/2023 15:00,167
01/03/2023 15:15,203
01/03/2023 15:29,125
01/03/2023 15:44,130
01/03/2023 15:59,119
01/03/2023 16:14,132
01/03/2023 16:29,128
01/03/2023 16:43,101
01/03/2023 16:58,100
01/03/2023 17:13,70
01/03/2023 17:28,72
01/03/2023 17:43,71
01/03/2023 17:57,50
01/03/2023 18:12,39
01/03/2023 18:27,38
01/03/2023 18:42,22
01/03/2023 18:57,14
01/03/2023 19:11,8
01/03/2023 19:26,6
01/03/2023 19:41,1
01/03/2023 19:56,0
01/03/2023 20:02,0
01/03/2023 20:17,0
01/03/2023 20:32,0
01/03/2023 20:47,0
01/03/2023 21:01,0
01/03/2023 21:16,0
01/03/2023 21:19,0
01/03/2023 21:34,0
01/03/2023 21:49,0
01/03/2023 22:04,0
01/03/2023 22:19,0
01/03/2023 22:33,0
01/03/2023 22:40,0
01/03/2023 22:55,0
01/03/2023 23:09,0
01/03/2023 23:24,0
01/03/2023 23:39,0
01/03/2023 23:54,0
02/03/2023 00:09,0
02/03/2023 00:23,0
02/03/2023 00:38,0
02/03/2023 00:53,0
02/03/2023 01:08,0
02/03/2023 01:23,0
02/03/2023 01:37,0
02/03/2023 01:52,0
02/03/2023 02:07,0
02/03/2023 02:22,0
02/03/2023 02:37,0
02/03/2023 02:51,0
02/03/2023 03:06,0
02/03/2023 03:21,0
02/03/2023 03:36,0
02/03/2023 03:51,0
02/03/2023 04:24,0
02/03/2023 04:38,0
02/03/2023 04:53,0
02/03/2023 04:57,0
02/03/2023 05:12,0
02/03/2023 05:27,0
02/03/2023 05:42,0
02/03/2023 05:42,0
02/03/2023 05:57,0
02/03/2023 06:12,0
02/03/2023 06:27,0
02/03/2023 06:42,0
02/03/2023 06:56,0
02/03/2023 07:11,0
02/03/2023 07:26,0
02/03/2023 07:41,0
02/03/2023 07:56,0
02/03/2023 08:10,0
02/03/2023 08:25,0
02/03/2023 08:40,0
02/03/2023 08:55,0
02/03/2023 09:10,0
02/03/2023 09:24,0
02/03/2023 09:39,0
02/03/2023 09:54,1
02/03/2023 10:09,3
02/03/2023 10:13,6
02/03/2023 10:27,7
02/03/2023 10:42,6
02/03/2023 10:57,9
02/03/2023 11:12,21
02/03/2023 11:27,31
02/03/2023 11:30,25
02/03/2023 11:45,33
02/03/2023 12:00,29
02/03/2023 12:14,29
02/03/2023 12:29,26
02/03/2023 12:44,61
02/03/2023 12:59,45
02/03/2023 13:14,36
02/03/2023 13:28,42
02/03/2023 13:43,31
02/03/2023 13:58,54
02/03/2023 14:13,122
02/03/2023 14:28,127
02/03/2023 14:42,117
02/03/2023 14:57,106
02/03/2023 15:12,106
02/03/2023 15:27,78
02/03/2023 15:42,88
02/03/2023 15:56,82
02/03/2023 16:11,93
02/03/2023 16:26,95
02/03/2023 16:41,150
02/03/2023 16:56,142
02/03/2023 17:10,57
02/03/2023 17:25,47
02/03/2023 17:40,38
02/03/2023 17:55,45
02/03/2023 18:10,40
02/03/2023 18:13,40
02/03/2023 18:28,33
02/03/2023 18:43,26
02/03/2023 18:58,20
02/03/2023 19:13,14
02/03/2023 19:28,9
02/03/2023 19:42,5
02/03/2023 19:57,2
02/03/2023 20:00,1
02/03/2023 20:14,0
02/03/2023 20:29,0
02/03/2023 20:44,0
02/03/2023 20:59,0
02/03/2023 21:14,0
02/03/2023 21:28,0
02/03/2023 21:43,0
02/03/2023 21:58,0
02/03/2023 22:13,0
02/03/2023 22:28,0
02/03/2023 22:42,0
02/03/2023 22:57,0
02/03/2023 23:12,0
02/03/2023 23:27,0
02/03/2023 23:42,0
02/03/2023 23:56,0
03/03/2023 00:11,0
03/03/2023 00:26,0
03/03/2023 00:41,0
03/03/2023 00:56,0
03/03/2023 01:10,0
03/03/2023 01:25,0
03/03/2023 01:40,0
03/03/2023 01:55,0
03/03/2023 02:10,0
03/03/2023 02:24,0
03/03/2023 02:39,0
03/03/2023 02:54,0
03/03/2023 03:09,0
03/03/2023 03:11,0
03/03/2023 03:26,0
03/03/2023 03:40,0
03/03/2023 03:55,0
03/03/2023 04:10,0
03/03/2023 04:25,0
03/03/2023 04:40,0
03/03/2023 04:55,0
03/03/2023 05:09,0
03/03/2023 05:24,0
03/03/2023 05:39,0
03/03/2023 05:54,0
03/03/2023 06:09,0
03/03/2023 06:24,0
03/03/2023 06:38,0
03/03/2023 06:53,0
03/03/2023 07:08,0
03/03/2023 07:23,0
03/03/2023 07:38,0
03/03/2023 07:53,0
03/03/2023 08:07,0
03/03/2023 08:22,0
03/03/2023 08:37,0
03/03/2023 08:52,0
03/03/2023 09:07,0
03/03/2023 09:22,1
03/03/2023 09:36,4
03/03/2023 09:42,7
03/03/2023 09:56,10
03/03/2023 10:11,13
03/03/2023 10:26,17
03/03/2023 10:41,21
03/03/2023 10:56,26
03/03/2023 11:11,32
03/03/2023 11:12,35
03/03/2023 11:26,41
03/03/2023 11:41,63
03/03/2023 12:26,173
03/03/2023 12:41,231
03/03/2023 12:55,264
03/03/2023 13:10,302
03/03/2023 13:25,328
03/03/2023 13:40,326
03/03/2023 13:44,361
03/03/2023 13:58,364
03/03/2023 14:13,400
03/03/2023 14:28,310
03/03/2023 14:43,273
03/03/2023 14:58,220
03/03/2023 15:13,190
03/03/2023 15:17,175
03/03/2023 15:32,181
03/03/2023 15:46,289
03/03/2023 16:01,351
03/03/2023 16:16,280
03/03/2023 16:31,207
03/03/2023 16:46,277
03/03/2023 17:01,264
03/03/2023 17:15,223
03/03/2023 17:30,207
03/03/2023 17:45,256
03/03/2023 18:00,198
03/03/2023 18:15,54
03/03/2023 18:30,60
03/03/2023 18:44,60
03/03/2023 18:59,33
03/03/2023 19:14,15
03/03/2023 19:29,10
03/03/2023 19:44,2
03/03/2023 19:59,1
03/03/2023 20:13,0
03/03/2023 20:28,0
03/03/2023 20:43,0
03/03/2023 20:58,0
03/03/2023 21:13,0
03/03/2023 21:28,0
03/03/2023 21:42,0
03/03/2023 21:57,0
03/03/2023 22:12,0
03/03/2023 22:27,0
03/03/2023 22:42,0
03/03/2023 22:57,0
03/03/2023 23:11,0
03/03/2023 23:26,0
03/03/2023 23:41,0
03/03/2023 23:56,0
04/03/2023 00:11,0
04/03/2023 00:26,0
04/03/2023 00:40,0
04/03/2023 00:55,0
04/03/2023 01:10,0
04/03/2023 01:25,0
04/03/2023 01:40,0
04/03/2023 01:54,0
04/03/2023 02:09,0
04/03/2023 02:24,0
04/03/2023 02:39,0
04/03/2023 02:54,0
04/03/2023 02:57,0
04/03/2023 03:12,0
04/03/2023 03:26,0
04/03/2023 03:41,0
04/03/2023 03:56,0
04/03/2023 04:11,0
04/03/2023 04:26,0
04/03/2023 04:40,0
04/03/2023 04:55,0
04/03/2023 05:10,0
04/03/2023 05:25,0
04/03/2023 05:40,0
04/03/2023 06:09,0
04/03/2023 06:24,0
04/03/2023 06:30,0
04/03/2023 06:44,0
04/03/2023 06:59,0
04/03/2023 07:14,0
04/03/2023 07:29,0
04/03/2023 07:44,0
04/03/2023 07:58,0
04/03/2023 08:13,0
04/03/2023 08:28,0
04/03/2023 08:43,0
04/03/2023 08:58,0
04/03/2023 09:12,0
04/03/2023 09:27,0
04/03/2023 09:30,1
04/03/2023 09:45,3
04/03/2023 10:00,7
04/03/2023 10:15,14
04/03/2023 10:15,17
04/03/2023 10:30,18
04/03/2023 10:45,31
04/03/2023 11:00,49
04/03/2023 11:15,33
04/03/2023 11:29,48
04/03/2023 11:44,79
04/03/2023 11:59,74
04/03/2023 12:14,72
04/03/2023 12:29,90
04/03/2023 12:44,103
04/03/2023 12:58,99
04/03/2023 13:13,103
04/03/2023 13:28,119
04/03/2023 13:43,165
04/03/2023 13:58,131
04/03/2023 14:12,141
04/03/2023 14:27,147
04/03/2023 14:42,139
04/03/2023 14:57,184
04/03/2023 15:12,480
04/03/2023 15:26,272
04/03/2023 15:41,133
04/03/2023 15:56,91
04/03/2023 16:11,126
04/03/2023 16:26,112
04/03/2023 16:41,136
04/03/2023 16:55,129
04/03/2023 17:10,87
04/03/2023 17:25,114
04/03/2023 17:40,236
04/03/2023 17:55,352
04/03/2023 18:09,334
04/03/2023 18:24,267
04/03/2023 18:39,188
04/03/2023 18:54,77
04/03/2023 19:09,47
04/03/2023 19:24,28
04/03/2023 19:38,21
04/03/2023 19:53,11
04/03/2023 20:08,5
04/03/2023 20:23,0
04/03/2023 20:38,0
04/03/2023 20:53,0
04/03/2023 21:07,0
04/03/2023 21:22,0
04/03/2023 21:37,0
04/03/2023 21:52,0
04/03/2023 22:07,0
04/03/2023 22:22,0
04/03/2023 22:36,0
04/03/2023 22:51,0
04/03/2023 23:06,0
04/03/2023 23:21,0
04/03/2023 23:36,0
04/03/2023 23:51,0
05/03/2023 00:05,0
05/03/2023 00:20,0
05/03/2023 00:50,0
05/03/2023 01:05,0
05/03/2023 01:20,0
05/03/2023 01:34,0
05/03/2023 01:49,0
05/03/2023 02:04,0
05/03/2023 02:19,0
05/03/2023 02:34,0
05/03/2023 02:49,0
05/03/2023 03:03,0
05/03/2023 03:18,0
05/03/2023 03:33,0
05/03/2023 03:48,0
05/03/2023 04:03,0
05/03/2023 04:18,0
05/03/2023 04:32,0
05/03/2023 04:47,0
05/03/2023 05:02,0
05/03/2023 05:17,0
05/03/2023 05:32,0
05/03/2023 05:47,0
05/03/2023 06:01,0
05/03/2023 06:16,0
05/03/2023 06:31,0
05/03/2023 06:46,0
05/03/2023 07:01,0
05/03/2023 07:30,0
05/03/2023 07:45,0
05/03/2023 08:00,0
05/03/2023 08:15,0
05/03/2023 08:30,0
05/03/2023 08:44,0
05/03/2023 09:00,0
05/03/2023 09:14,0
05/03/2023 09:29,2
05/03/2023 09:44,6
05/03/2023 09:59,15
05/03/2023 10:13,18
05/03/2023 10:28,27
05/03/2023 10:43,45
05/03/2023 10:58,54
05/03/2023 11:13,58
05/03/2023 11:42,83
05/03/2023 11:57,96
05/03/2023 12:12,118
05/03/2023 12:27,127
05/03/2023 12:57,97
05/03/2023 13:11,101
05/03/2023 13:26,103
05/03/2023 13:41,144
05/03/2023 13:56,221
05/03/2023 14:11,181
05/03/2023 14:26,219
05/03/2023 14:40,173
05/03/2023 14:55,128
05/03/2023 15:10,140
05/03/2023 15:25,107
05/03/2023 15:40,102
05/03/2023 15:55,122
05/03/2023 16:09,95
05/03/2023 16:24,86
05/03/2023 16:39,82
05/03/2023 16:54,113
05/03/2023 17:09,108
05/03/2023 17:24,113
05/03/2023 17:38,92
05/03/2023 17:53,101
05/03/2023 18:08,106
05/03/2023 18:23,97
05/03/2023 18:38,65
05/03/2023 18:53,45
05/03/2023 19:07,34
05/03/2023 19:22,22
05/03/2023 19:37,9
05/03/2023 19:52,4
05/03/2023 20:07,2
05/03/2023 20:22,0
05/03/2023 20:36,0
05/03/2023 20:51,0
05/03/2023 21:06,0
05/03/2023 21:21,0
05/03/2023 21:36,0
05/03/2023 21:50,0
05/03/2023 22:05,0
05/03/2023 22:20,0
05/03/2023 22:35,0
05/03/2023 22:50,0
05/03/2023 23:05,0
05/03/2023 23:19,0
05/03/2023 23:34,0
05/03/2023 23:49,0
06/03/2023 00:04,0
06/03/2023 00:19,0
06/03/2023 00:34,0
06/03/2023 00:48,0
06/03/2023 01:03,0
06/03/2023 01:18,0
06/03/2023 01:33,0
06/03/2023 01:48,0
06/03/2023 02:03,0
06/03/2023 02:17,0
06/03/2023 02:32,0
06/03/2023 02:47,0
06/03/2023 03:02,0
06/03/2023 03:17,0
06/03/2023 03:32,0
06/03/2023 03:46,0
06/03/2023 04:01,0
06/03/2023 04:16,0
06/03/2023 04:31,0
06/03/2023 04:46,0
06/03/2023 05:01,0
06/03/2023 05:15,0
06/03/2023 05:30,0
06/03/2023 05:45,0
06/03/2023 06:00,0
06/03/2023 06:15,0
06/03/2023 06:44,0
06/03/2023 06:59,0
06/03/2023 07:14,0
06/03/2023 07:29,0
06/03/2023 07:44,0
06/03/2023 07:59,0
06/03/2023 08:13,0
06/03/2023 08:28,0
06/03/2023 08:43,0
06/03/2023 08:58,0
06/03/2023 09:13,2
06/03/2023 09:28,5
06/03/2023 09:42,9
06/03/2023 09:57,13
06/03/2023 10:12,17
06/03/2023 10:27,21
06/03/2023 10:42,24
06/03/2023 10:57,27
06/03/2023 11:11,30
06/03/2023 11:26,31
06/03/2023 11:41,33
06/03/2023 11:56,36
06/03/2023 12:11,219
06/03/2023 12:26,259
06/03/2023 12:40,281
06/03/2023 12:55,305
06/03/2023 13:10,324
06/03/2023 13:25,345
06/03/2023 13:40,359
06/03/2023 13:55,368
06/03/2023 14:24,395
06/03/2023 14:39,403
06/03/2023 14:54,406
06/03/2023 15:09,408
06/03/2023 15:24,406
06/03/2023 15:38,402
06/03/2023 15:53,395
06/03/2023 16:08,387
06/03/2023 16:23,376
06/03/2023 16:38,363
06/03/2023 17:07,324
06/03/2023 17:22,304
06/03/2023 17:37,283
06/03/2023 17:52,264
06/03/2023 18:07,241
06/03/2023 18:21,124
06/03/2023 18:36,67
06/03/2023 18:51,43
06/03/2023 19:06,26
06/03/2023 19:21,18
06/03/2023 19:36,15
06/03/2023 19:50,14
06/03/2023 20:05,8
06/03/2023 20:20,3
06/03/2023 20:35,0
06/03/2023 20:50,0
06/03/2023 21:05,0
06/03/2023 21:19,0
06/03/2023 21:34,0
06/03/2023 21:49,0
06/03/2023 22:04,0
06/03/2023 22:19,0
06/03/2023 22:34,0
06/03/2023 22:48,0
06/03/2023 23:03,0
06/03/2023 23:18,0
06/03/2023 23:33,0
06/03/2023 23:48,0
07/03/2023 00:03,0
07/03/2023 00:17,0
07/03/2023 00:32,0
07/03/2023 00:47,0
07/03/2023 01:02,0
07/03/2023 01:17,0
07/03/2023 01:32,0
07/03/2023 01:46,0
07/03/2023 02:01,0
07/03/2023 02:16,0
07/03/2023 02:31,0
07/03/2023 02:46,0
07/03/2023 03:01,0
07/03/2023 03:15,0
07/03/2023 03:30,0
07/03/2023 03:45,0
07/03/2023 04:00,0
07/03/2023 04:15,0
07/03/2023 04:18,0
07/03/2023 04:33,0
07/03/2023 04:48,0
07/03/2023 05:03,0
07/03/2023 05:18,0
07/03/2023 05:32,0
07/03/2023 05:47,0
07/03/2023 06:02,0
07/03/2023 06:17,0
07/03/2023 06:32,0
07/03/2023 06:47,0
07/03/2023 07:01,0
07/03/2023 07:16,0
07/03/2023 07:31,0
07/03/2023 07:46,0
07/03/2023 08:01,0
07/03/2023 08:15,0
07/03/2023 08:30,0
07/03/2023 08:45,0
07/03/2023 09:00,0
07/03/2023 09:15,1
07/03/2023 09:30,2
07/03/2023 09:44,6
07/03/2023 09:59,15
07/03/2023 10:14,19
07/03/2023 10:29,25
07/03/2023 10:44,35
07/03/2023 10:59,56
07/03/2023 11:13,68
07/03/2023 11:28,86
07/03/2023 11:43,97
07/03/2023 11:58,104
07/03/2023 12:13,105
07/03/2023 12:28,111
07/03/2023 12:42,167
07/03/2023 12:46,186
07/03/2023 13:01,162
07/03/2023 13:16,135
07/03/2023 13:31,207
07/03/2023 13:46,371
07/03/2023 14:00,385
07/03/2023 14:15,367
07/03/2023 14:30,408
07/03/2023 14:45,414
07/03/2023 15:00,435
07/03/2023 15:15,469
07/03/2023 15:29,429
07/03/2023 15:44,419
07/03/2023 15:59,430
07/03/2023 16:14,409
07/03/2023 16:29,370
07/03/2023 16:44,363
07/03/2023 16:58,344
07/03/2023 17:13,324
07/03/2023 17:28,305
07/03/2023 17:43,278
07/03/2023 17:58,249
07/03/2023 18:13,223
07/03/2023 18:27,223
07/03/2023 18:42,178
07/03/2023 18:57,131
07/03/2023 19:12,92
07/03/2023 19:27,64
07/03/2023 19:42,16
07/03/2023 19:56,10
07/03/2023 20:11,4
07/03/2023 20:26,1
07/03/2023 20:41,0
07/03/2023 20:56,0
07/03/2023 21:11,0
07/03/2023 21:25,0
07/03/2023 21:40,0
07/03/2023 21:55,0
07/03/2023 22:10,0
07/03/2023 22:25,0
07/03/2023 22:40,0
07/03/2023 22:54,0
07/03/2023 23:09,0
07/03/2023 23:24,0
07/03/2023 23:39,0
07/03/2023 23:46,0
08/03/2023 00:01,0
08/03/2023 00:16,0
08/03/2023 00:30,0
08/03/2023 00:45,0
08/03/2023 01:00,0
08/03/2023 01:15,0
08/03/2023 01:30,0
08/03/2023 01:45,0
08/03/2023 01:59,0
08/03/2023 02:14,0
08/03/2023 02:29,0
08/03/2023 02:44,0
08/03/2023 02:59,0
08/03/2023 03:14,0
08/03/2023 03:28,0
08/03/2023 03:43,0
08/03/2023 03:58,0
08/03/2023 04:13,0
08/03/2023 04:28,0
08/03/2023 04:43,0
08/03/2023 04:57,0
08/03/2023 05:12,0
08/03/2023 05:15,0
08/03/2023 05:30,0
08/03/2023 05:45,0
08/03/2023 05:59,0
08/03/2023 06:14,0
08/03/2023 06:29,0
08/03/2023 06:44,0
08/03/2023 06:59,0
08/03/2023 07:13,0
08/03/2023 07:28,0
08/03/2023 07:43,0
08/03/2023 07:58,0
08/03/2023 08:13,0
08/03/2023 08:28,0
08/03/2023 08:42,0
08/03/2023 08:57,0
08/03/2023 09:00,1
08/03/2023 09:15,3
08/03/2023 09:30,7
08/03/2023 09:45,11
08/03/2023 09:47,14
08/03/2023 10:01,16
08/03/2023 10:16,19
08/03/2023 10:31,22
08/03/2023 10:46,25
08/03/2023 10:51,27
08/03/2023 11:06,29
08/03/2023 11:21,31
08/03/2023 11:36,34
08/03/2023 11:50,36
08/03/2023 12:05,196
08/03/2023 12:20,266
08/03/2023 12:35,289
08/03/2023 12:50,311
08/03/2023 13:05,333
08/03/2023 13:19,352
08/03/2023 13:34,370
08/03/2023 13:49,384
08/03/2023 14:04,397
08/03/2023 14:19,408
08/03/2023 14:34,414
08/03/2023 14:48,418
08/03/2023 15:03,421
08/03/2023 15:18,422
08/03/2023 15:33,418
08/03/2023 15:48,412
08/03/2023 16:03,404
08/03/2023 16:17,393
08/03/2023 16:32,381
08/03/2023 16:47,364
08/03/2023 17:02,346
08/03/2023 17:17,325
08/03/2023 17:32,306
08/03/2023 17:46,276
08/03/2023 17:47,261
08/03/2023 18:02,246
08/03/2023 18:17,219
08/03/2023 18:32,192
08/03/2023 18:47,162
08/03/2023 19:02,133
08/03/2023 19:16,102
08/03/2023 19:31,57
08/03/2023 19:46,15
08/03/2023 20:01,9
08/03/2023 20:16,4
08/03/2023 20:31,1
08/03/2023 20:45,0
08/03/2023 21:00,0
08/03/2023 21:15,0
08/03/2023 21:30,0
08/03/2023 21:45,0
08/03/2023 22:00,0
08/03/2023 22:14,0
08/03/2023 22:29,0
08/03/2023 22:44,0
08/03/2023 22:59,0
08/03/2023 23:14,0
08/03/2023 23:29,0
08/03/2023 23:43,0
08/03/2023 23:58,0
09/03/2023 00:13,0
09/03/2023 00:28,0
09/03/2023 00:43,0
09/03/2023 00:58,0
09/03/2023 01:12,0
09/03/2023 01:27,0
09/03/2023 01:42,0
09/03/2023 01:57,0
09/03/2023 02:12,0
09/03/2023 02:27,0
09/03/2023 02:41,0
09/03/2023 02:56,0
09/03/2023 03:11,0
09/03/2023 03:26,0
09/03/2023 03:41,0
09/03/2023 03:56,0
09/03/2023 04:01,0
09/03/2023 04:16,0
09/03/2023 04:31,0
09/03/2023 04:46,0
09/03/2023 05:01,0
09/03/2023 05:30,0
09/03/2023 05:45,0
09/03/2023 06:00,0
09/03/2023 06:04,0
09/03/2023 06:19,0
09/03/2023 06:34,0
09/03/2023 07:48,0
09/03/2023 08:03,0
09/03/2023 08:04,0
09/03/2023 08:19,0
09/03/2023 08:34,0
09/03/2023 08:49,0
09/03/2023 09:03,2
09/03/2023 09:18,6
09/03/2023 09:33,11
09/03/2023 09:48,19
09/03/2023 10:03,27
09/03/2023 10:18,33
09/03/2023 10:32,43
09/03/2023 10:47,59
09/03/2023 11:02,75
09/03/2023 11:17,94
09/03/2023 11:32,112
09/03/2023 11:47,124
09/03/2023 12:01,152
09/03/2023 12:16,182
09/03/2023 12:31,207
09/03/2023 12:46,186
09/03/2023 13:01,217
09/03/2023 13:16,275
09/03/2023 13:45,288
09/03/2023 14:00,273
09/03/2023 14:15,271
09/03/2023 14:30,339
09/03/2023 14:45,320
09/03/2023 14:59,298
09/03/2023 15:14,291
09/03/2023 15:29,367
09/03/2023 15:44,305
09/03/2023 15:59,298
09/03/2023 16:14,241
09/03/2023 16:28,292
09/03/2023 16:58,209
09/03/2023 17:13,260
09/03/2023 17:28,247
09/03/2023 17:43,259
09/03/2023 17:57,266
09/03/2023 18:12,160
09/03/2023 18:27,100
09/03/2023 18:57,76
09/03/2023 19:12,63
09/03/2023 19:26,46
09/03/2023 19:41,26
09/03/2023 19:56,14
09/03/2023 20:11,5
09/03/2023 20:26,1
09/03/2023 20:41,0
09/03/2023 21:10,0
09/03/2023 21:25,0
09/03/2023 21:40,0
09/03/2023 21:55,0
09/03/2023 22:10,0
09/03/2023 22:24,0
09/03/2023 22:39,0
09/03/2023 22:54,0
09/03/2023 23:09,0
09/03/2023 23:24,0
09/03/2023 23:39,0
09/03/2023 23:53,0
10/03/2023 00:08,0
10/03/2023 00:23,0
10/03/2023 00:38,0
10/03/2023 00:53,0
10/03/2023 01:08,0
10/03/2023 01:22,0
10/03/2023 01:37,0
10/03/2023 01:52,0
10/03/2023 02:07,0
10/03/2023 02:22,0
10/03/2023 02:36,0
10/03/2023 02:51,0
10/03/2023 03:06,0
10/03/2023 03:21,0
10/03/2023 03:36,0
10/03/2023 03:51,0
10/03/2023 04:05,0
10/03/2023 04:20,0
10/03/2023 04:35,0
10/03/2023 04:50,0
10/03/2023 05:05,0
10/03/2023 05:20,0
10/03/2023 05:34,0
10/03/2023 05:49,0
10/03/2023 06:04,0
10/03/2023 06:19,0
10/03/2023 06:34,0
10/03/2023 06:49,0
10/03/2023 07:03,0
10/03/2023 07:18,0
10/03/2023 07:33,0
10/03/2023 07:48,0
10/03/2023 08:03,0
10/03/2023 08:18,0
10/03/2023 08:32,0
10/03/2023 08:47,0
10/03/2023 09:02,2
10/03/2023 09:17,6
10/03/2023 09:32,10
10/03/2023 09:47,14
10/03/2023 10:01,17
10/03/2023 10:16,20
10/03/2023 10:31,23
10/03/2023 10:46,26
10/03/2023 11:01,28
10/03/2023 11:16,31
10/03/2023 11:30,34
10/03/2023 11:45,36
10/03/2023 12:00,209
10/03/2023 12:15,272
10/03/2023 12:17,286
10/03/2023 12:32,301
10/03/2023 12:47,324
10/03/2023 13:02,348
10/03/2023 13:17,368
10/03/2023 13:31,387
10/03/2023 13:46,402
10/03/2023 14:01,415
10/03/2023 14:16,427
10/03/2023 14:31,436
10/03/2023 14:46,442
10/03/2023 15:00,445
10/03/2023 15:15,446
10/03/2023 15:30,444
10/03/2023 15:45,439
10/03/2023 16:00,432
10/03/2023 16:15,420
10/03/2023 16:29,407
10/03/2023 16:44,390
10/03/2023 16:59,373
10/03/2023 17:14,353
10/03/2023 17:29,332
10/03/2023 17:44,308
10/03/2023 17:58,281
10/03/2023 18:28,224
10/03/2023 18:43,194
10/03/2023 18:58,165
10/03/2023 19:13,134
10/03/2023 19:27,103
10/03/2023 19:42,68
10/03/2023 19:57,13
10/03/2023 20:12,7
10/03/2023 20:27,3
10/03/2023 20:42,0
10/03/2023 20:56,0
10/03/2023 21:11,0
10/03/2023 21:26,0
10/03/2023 21:41,0
10/03/2023 21:56,0
10/03/2023 22:11,0
10/03/2023 22:25,0
10/03/2023 22:28,0
10/03/2023 22:43,0
10/03/2023 22:57,0
10/03/2023 23:12,0
10/03/2023 23:27,0
10/03/2023 23:42,0
10/03/2023 23:57,0
11/03/2023 00:12,0
11/03/2023 00:26,0
11/03/2023 00:41,0
11/03/2023 00:56,0
11/03/2023 01:11,0
11/03/2023 01:28,0
11/03/2023 01:43,0
11/03/2023 01:58,0
11/03/2023 02:13,0
11/03/2023 02:28,0
11/03/2023 02:43,0
11/03/2023 02:57,0
11/03/2023 03:12,0
11/03/2023 03:27,0
11/03/2023 03:42,0
11/03/2023 03:57,0
11/03/2023 04:12,0
11/03/2023 04:26,0
11/03/2023 04:41,0
11/03/2023 04:56,0
11/03/2023 05:11,0
11/03/2023 05:26,0
11/03/2023 05:41,0
11/03/2023 05:55,0
11/03/2023 06:10,0
11/03/2023 06:25,0
11/03/2023 06:40,0
11/03/2023 06:55,0
11/03/2023 07:10,0
11/03/2023 07:24,0
11/03/2023 07:39,0
11/03/2023 07:54,0
11/03/2023 08:09,0
11/03/2023 08:24,0
11/03/2023 08:38,0
11/03/2023 08:53,1
11/03/2023 09:08,4
11/03/2023 09:23,8
11/03/2023 09:38,12
11/03/2023 09:53,16
11/03/2023 10:07,19
11/03/2023 10:22,22
11/03/2023 10:37,24
11/03/2023 10:52,27
11/03/2023 11:07,29
11/03/2023 11:22,31
11/03/2023 11:36,33
11/03/2023 11:51,115
11/03/2023 12:06,270
11/03/2023 12:21,296
11/03/2023 12:36,321
11/03/2023 12:51,344
11/03/2023 13:05,364
11/03/2023 13:20,383
11/03/2023 13:35,400
11/03/2023 13:50,416
11/03/2023 14:05,428
11/03/2023 14:20,438
11/03/2023 14:34,446
11/03/2023 14:49,451
11/03/2023 15:04,453
11/03/2023 15:19,453
11/03/2023 15:34,450
11/03/2023 15:49,445
11/03/2023 16:03,436
13/03/2023 09:15,11
13/03/2023 09:30,17
13/03/2023 09:45,23
13/03/2023 10:00,30
13/03/2023 10:14,32
13/03/2023 10:29,31
13/03/2023 10:44,35
13/03/2023 10:59,50
13/03/2023 11:14,61
13/03/2023 11:29,93
13/03/2023 11:43,133
13/03/2023 11:58,228
13/03/2023 12:13,289
13/03/2023 12:28,330
13/03/2023 12:43,340
13/03/2023 12:58,368
13/03/2023 13:12,385
13/03/2023 13:27,400
13/03/2023 13:42,376
13/03/2023 14:12,466
13/03/2023 14:27,453
13/03/2023 14:41,455
13/03/2023 14:56,430
13/03/2023 15:11,457
13/03/2023 15:26,456
13/03/2023 15:41,450
13/03/2023 15:56,444
13/03/2023 16:10,432
13/03/2023 16:25,421
13/03/2023 16:40,407
13/03/2023 16:55,390
13/03/2023 17:10,371
13/03/2023 17:25,349
13/03/2023 17:39,323
13/03/2023 17:54,297
13/03/2023 18:09,270
13/03/2023 18:24,241
13/03/2023 18:39,212
13/03/2023 18:54,181
13/03/2023 19:08,151
13/03/2023 19:23,120
13/03/2023 19:53,55
13/03/2023 20:08,13
13/03/2023 20:23,7
13/03/2023 20:37,2
13/03/2023 20:52,0
13/03/2023 21:07,0
13/03/2023 21:22,0
13/03/2023 21:37,0
13/03/2023 21:52,0
13/03/2023 22:06,0
13/03/2023 22:21,0
13/03/2023 22:36,0
13/03/2023 22:51,0
13/03/2023 23:06,0
13/03/2023 23:21,0
13/03/2023 23:35,0
13/03/2023 23:50,0
14/03/2023 00:05,0
14/03/2023 00:20,0
14/03/2023 00:35,0
14/03/2023 00:50,0
14/03/2023 01:04,0
14/03/2023 01:19,0
14/03/2023 01:34,0
14/03/2023 01:49,0
14/03/2023 02:04,0
14/03/2023 02:19,0
14/03/2023 02:33,0
14/03/2023 02:48,0
14/03/2023 03:03,0
14/03/2023 03:18,0
14/03/2023 03:47,0
14/03/2023 04:02,0
14/03/2023 04:17,0
14/03/2023 04:32,0
14/03/2023 04:47,0
14/03/2023 05:02,0
14/03/2023 05:16,0
14/03/2023 05:31,0
14/03/2023 05:46,0
14/03/2023 05:47,0
14/03/2023 06:02,0
14/03/2023 06:17,0
14/03/2023 06:31,0
14/03/2023 06:46,0
14/03/2023 07:01,0
14/03/2023 07:16,0
14/03/2023 07:31,0
14/03/2023 07:35,0
14/03/2023 07:50,0
14/03/2023 08:05,0
14/03/2023 08:20,0
14/03/2023 08:34,0
14/03/2023 08:49,2
14/03/2023 09:04,6
14/03/2023 09:19,10
14/03/2023 09:34,14
14/03/2023 09:49,18
14/03/2023 10:03,21
14/03/2023 10:18,24
14/03/2023 10:33,27
14/03/2023 10:48,29
14/03/2023 11:03,32
14/03/2023 11:18,34
14/03/2023 11:32,37
14/03/2023 11:47,160
14/03/2023 12:02,276
14/03/2023 12:17,302
14/03/2023 12:32,328
14/03/2023 12:47,353
14/03/2023 12:50,367
14/03/2023 13:05,380
14/03/2023 13:20,398
14/03/2023 13:35,414
14/03/2023 13:49,428
14/03/2023 14:04,443
14/03/2023 14:19,455
14/03/2023 14:34,463
14/03/2023 14:49,469
14/03/2023 15:04,472
14/03/2023 15:18,472
14/03/2023 15:33,467
14/03/2023 15:48,461
14/03/2023 16:03,451
14/03/2023 16:18,440
14/03/2023 16:33,428
14/03/2023 16:47,414
14/03/2023 17:02,397
14/03/2023 17:17,369
14/03/2023 17:32,349
14/03/2023 17:47,330
14/03/2023 17:50,353
14/03/2023 18:05,289
14/03/2023 18:20,259
14/03/2023 18:35,83
14/03/2023 18:50,185
14/03/2023 19:04,178
14/03/2023 19:19,136
14/03/2023 19:34,102
14/03/2023 19:49,70
14/03/2023 20:04,27
14/03/2023 20:19,9
14/03/2023 20:33,4
14/03/2023 20:48,1
14/03/2023 21:03,0
14/03/2023 21:18,0
14/03/2023 21:33,0
14/03/2023 21:48,0
14/03/2023 22:02,0
14/03/2023 22:17,0
14/03/2023 22:32,0
14/03/2023 22:47,0
14/03/2023 23:02,0
14/03/2023 23:17,0
14/03/2023 23:31,0
14/03/2023 23:46,0
15/03/2023 00:01,0
15/03/2023 00:16,0
15/03/2023 00:31,0
15/03/2023 00:46,0
15/03/2023 01:00,0
15/03/2023 01:15,0
15/03/2023 01:30,0
15/03/2023 01:45,0
15/03/2023 02:00,0
15/03/2023 02:15,0
15/03/2023 02:29,0
15/03/2023 02:44,0
15/03/2023 02:59,0
15/03/2023 03:14,0
15/03/2023 03:29,0
15/03/2023 03:44,0
15/03/2023 03:58,0
15/03/2023 04:13,0
15/03/2023 04:28,0
15/03/2023 04:43,0
15/03/2023 04:58,0
15/03/2023 05:13,0
15/03/2023 05:27,0
15/03/2023 05:42,0
15/03/2023 05:57,0
15/03/2023 06:12,0
15/03/2023 06:27,0
15/03/2023 06:42,0
15/03/2023 06:56,0
15/03/2023 07:11,0
15/03/2023 07:26,0
15/03/2023 07:41,0
15/03/2023 07:56,0
15/03/2023 08:11,0
15/03/2023 08:25,0
15/03/2023 08:40,1
15/03/2023 08:55,4
15/03/2023 09:10,9
15/03/2023 09:25,13
15/03/2023 09:40,16
15/03/2023 09:54,19
15/03/2023 10:09,22
15/03/2023 10:24,25
15/03/2023 10:39,27
15/03/2023 10:54,29
15/03/2023 11:09,31
15/03/2023 11:23,33
15/03/2023 11:38,62
15/03/2023 11:53,272
15/03/2023 12:08,299
15/03/2023 12:23,326
15/03/2023 12:37,351
15/03/2023 12:52,374
15/03/2023 13:07,396
15/03/2023 13:22,417
15/03/2023 13:37,434
15/03/2023 13:52,449
15/03/2023 14:06,461
15/03/2023 14:21,471
15/03/2023 14:36,479
15/03/2023 14:51,481
15/03/2023 15:06,490
15/03/2023 15:21,486
15/03/2023 15:35,483
15/03/2023 15:50,474
15/03/2023 16:05,468
15/03/2023 16:20,256
15/03/2023 16:35,339
15/03/2023 16:37,435
15/03/2023 16:52,420
15/03/2023 17:07,400
15/03/2023 17:22,376
15/03/2023 17:36,352
15/03/2023 17:51,328
15/03/2023 18:06,300
15/03/2023 18:21,272
15/03/2023 18:36,242
15/03/2023 18:51,210
15/03/2023 19:05,179
15/03/2023 19:20,147
15/03/2023 19:35,115
15/03/2023 19:50,84
15/03/2023 20:05,37
15/03/2023 20:19,10
15/03/2023 20:34,5
15/03/2023 20:49,1
15/03/2023 21:04,0
15/03/2023 21:19,0
15/03/2023 21:34,0
15/03/2023 21:48,0
15/03/2023 22:03,0
15/03/2023 22:18,0
15/03/2023 22:33,0
15/03/2023 22:48,0
15/03/2023 23:03,0
15/03/2023 23:17,0
15/03/2023 23:32,0
15/03/2023 23:47,0
16/03/2023 00:02,0
16/03/2023 00:17,0
16/03/2023 00:32,0
16/03/2023 00:46,0
16/03/2023 01:01,0
16/03/2023 01:16,0
16/03/2023 01:31,0
16/03/2023 01:46,0
16/03/2023 02:01,0
16/03/2023 02:02,0
16/03/2023 02:17,0
16/03/2023 02:31,0
16/03/2023 02:46,0
16/03/2023 03:01,0
16/03/2023 03:16,0
16/03/2023 03:31,0
16/03/2023 03:45,0
16/03/2023 04:00,0
16/03/2023 04:15,0
16/03/2023 04:30,0
16/03/2023 04:45,0
16/03/2023 05:00,0
16/03/2023 05:14,0
16/03/2023 05:29,0
16/03/2023 05:44,0
16/03/2023 05:59,0
16/03/2023 06:14,0
16/03/2023 06:29,0
16/03/2023 06:43,0
16/03/2023 06:58,0
16/03/2023 07:13,0
16/03/2023 07:28,0
16/03/2023 07:43,0
16/03/2023 07:58,0
16/03/2023 08:12,0
16/03/2023 08:27,0
16/03/2023 08:42,2
16/03/2023 08:57,6
16/03/2023 09:12,10
16/03/2023 09:27,14
16/03/2023 09:41,17
16/03/2023 09:43,19
16/03/2023 09:58,20
16/03/2023 10:13,23
16/03/2023 10:27,25
16/03/2023 10:42,28
16/03/2023 10:57,30
16/03/2023 11:12,32
16/03/2023 11:42,167
16/03/2023 11:56,290
16/03/2023 12:11,320
16/03/2023 12:26,338
16/03/2023 12:56,388
16/03/2023 13:11,413
16/03/2023 13:25,431
16/03/2023 13:40,446
16/03/2023 13:55,458
16/03/2023 14:10,463
16/03/2023 14:25,461
16/03/2023 14:40,471
16/03/2023 14:54,474
16/03/2023 15:09,481
16/03/2023 15:24,486
16/03/2023 15:39,484
16/03/2023 15:54,450
16/03/2023 16:09,384
16/03/2023 16:23,336
16/03/2023 16:38,343
16/03/2023 16:53,344
16/03/2023 17:08,308
16/03/2023 17:37,188
16/03/2023 17:52,144
16/03/2023 18:07,141
16/03/2023 18:22,136
16/03/2023 18:37,110
16/03/2023 18:52,89
16/03/2023 19:06,73
16/03/2023 19:21,48
16/03/2023 19:36,45
16/03/2023 19:51,28
16/03/2023 20:06,16
16/03/2023 20:21,8
16/03/2023 20:35,2
16/03/2023 20:50,0
16/03/2023 21:05,0
16/03/2023 21:20,0
16/03/2023 21:35,0
16/03/2023 21:50,0
16/03/2023 22:04,0
16/03/2023 22:19,0
16/03/2023 22:34,0
16/03/2023 22:49,0
16/03/2023 23:04,0
16/03/2023 23:19,0
16/03/2023 23:33,0
16/03/2023 23:48,0
17/03/2023 00:03,0
17/03/2023 00:18,0
17/03/2023 00:33,0
17/03/2023 00:48,0
17/03/2023 01:02,0
17/03/2023 01:17,0
17/03/2023 01:32,0
17/03/2023 01:47,0
17/03/2023 02:02,0
17/03/2023 02:17,0
17/03/2023 02:31,0
17/03/2023 02:46,0
17/03/2023 03:01,0
17/03/2023 03:16,0
17/03/2023 03:31,0
17/03/2023 03:46,0
17/03/2023 04:00,0
17/03/2023 04:15,0
17/03/2023 04:30,0
17/03/2023 04:45,0
17/03/2023 05:00,0
17/03/2023 05:15,0
17/03/2023 05:29,0
17/03/2023 05:44,0
17/03/2023 05:59,0
17/03/2023 06:14,0
17/03/2023 06:29,0
17/03/2023 06:44,0
17/03/2023 06:58,0
17/03/2023 07:13,0
17/03/2023 07:28,0
17/03/2023 07:43,0
17/03/2023 07:58,0
17/03/2023 08:13,0
17/03/2023 08:27,0
17/03/2023 08:42,1
17/03/2023 08:57,4
17/03/2023 09:12,11
17/03/2023 09:15,17
17/03/2023 09:30,27
17/03/2023 09:45,36
17/03/2023 10:00,51
17/03/2023 10:15,54
17/03/2023 10:30,65
17/03/2023 10:44,82
17/03/2023 10:59,89
17/03/2023 11:14,102
17/03/2023 11:29,120
17/03/2023 11:44,159
17/03/2023 11:59,205
17/03/2023 12:28,191
17/03/2023 12:43,173
17/03/2023 12:58,201
17/03/2023 13:13,319
17/03/2023 13:28,371
17/03/2023 13:42,478
17/03/2023 13:57,372
17/03/2023 14:12,448
17/03/2023 14:27,369
17/03/2023 14:42,235
17/03/2023 14:57,321
17/03/2023 15:11,306
17/03/2023 15:26,324
17/03/2023 15:41,255
17/03/2023 15:56,236
17/03/2023 16:11,205
17/03/2023 16:26,257
17/03/2023 16:40,321
17/03/2023 16:55,354
17/03/2023 17:10,287
17/03/2023 17:25,305
17/03/2023 17:40,263
17/03/2023 17:55,228
17/03/2023 18:09,156
17/03/2023 18:24,157
17/03/2023 18:39,168
17/03/2023 18:54,140
17/03/2023 19:09,178
17/03/2023 19:24,129
17/03/2023 19:38,121
17/03/2023 19:53,87
17/03/2023 20:08,55
17/03/2023 20:23,16
17/03/2023 20:38,6
17/03/2023 20:53,1
17/03/2023 21:07,0
17/03/2023 21:22,0
17/03/2023 21:37,0
17/03/2023 21:52,0
17/03/2023 22:07,0
17/03/2023 22:21,0
17/03/2023 22:36,0
17/03/2023 22:51,0
17/03/2023 23:06,0
17/03/2023 23:21,0
17/03/2023 23:36,0
17/03/2023 23:50,0
18/03/2023 00:05,0
18/03/2023 00:20,0
18/03/2023 00:35,0
18/03/2023 00:50,0
18/03/2023 01:05,0
18/03/2023 01:19,0
18/03/2023 01:34,0
18/03/2023 01:49,0
18/03/2023 02:04,0
18/03/2023 02:19,0
18/03/2023 02:34,0
18/03/2023 02:48,0
18/03/2023 03:03,0
18/03/2023 03:18,0
18/03/2023 03:33,0
18/03/2023 03:48,0
18/03/2023 04:03,0
18/03/2023 04:17,0
18/03/2023 04:32,0
18/03/2023 05:02,0
18/03/2023 05:17,0
18/03/2023 05:32,0
18/03/2023 05:46,0
18/03/2023 06:01,0
18/03/2023 06:16,0
18/03/2023 06:31,0
18/03/2023 06:46,0
18/03/2023 07:01,0
18/03/2023 07:15,0
18/03/2023 07:30,0
18/03/2023 07:45,0
18/03/2023 08:00,0
18/03/2023 08:15,0
18/03/2023 08:30,1
18/03/2023 08:44,3
18/03/2023 08:59,8
18/03/2023 09:14,13
18/03/2023 09:29,18
18/03/2023 09:44,20
18/03/2023 09:59,22
18/03/2023 10:13,24
18/03/2023 10:28,27
18/03/2023 10:43,29
18/03/2023 10:58,31
18/03/2023 11:13,33
18/03/2023 11:28,45
18/03/2023 11:42,263
18/03/2023 11:57,293
18/03/2023 12:12,320
18/03/2023 12:27,347
18/03/2023 12:42,371
18/03/2023 12:57,394
18/03/2023 13:11,415
18/03/2023 13:26,434
18/03/2023 13:56,427
18/03/2023 14:11,474
18/03/2023 14:25,507
18/03/2023 14:40,549
18/03/2023 14:55,519
18/03/2023 15:10,299
18/03/2023 15:25,264
18/03/2023 15:40,235
18/03/2023 15:54,161
18/03/2023 16:09,389
18/03/2023 16:24,235
18/03/2023 16:39,214
18/03/2023 16:54,196
18/03/2023 17:09,181
18/03/2023 17:23,338
18/03/2023 17:53,427
18/03/2023 18:23,386
18/03/2023 18:38,329
18/03/2023 18:52,162
18/03/2023 19:07,87
18/03/2023 19:22,159
18/03/2023 19:37,129
18/03/2023 19:52,100
18/03/2023 20:07,58
18/03/2023 20:21,13
18/03/2023 20:22,8
18/03/2023 20:37,5
18/03/2023 20:52,2
18/03/2023 21:07,0
18/03/2023 21:22,0
18/03/2023 21:37,0
18/03/2023 21:51,0
18/03/2023 22:06,0
18/03/2023 22:21,0
18/03/2023 22:36,0
18/03/2023 22:51,0
18/03/2023 22:54,0
18/03/2023 23:09,0
18/03/2023 23:24,0
18/03/2023 23:39,0
18/03/2023 23:54,0
19/03/2023 00:08,0
19/03/2023 00:23,0
19/03/2023 00:38,0
19/03/2023 00:53,0
19/03/2023 01:08,0
19/03/2023 01:23,0
19/03/2023 01:37,0
19/03/2023 01:52,0
19/03/2023 02:07,0
19/03/2023 02:22,0
19/03/2023 02:37,0
19/03/2023 02:52,0
19/03/2023 03:06,0
19/03/2023 03:21,0
19/03/2023 03:36,0
19/03/2023 03:51,0
19/03/2023 04:06,0
19/03/2023 04:21,0
19/03/2023 04:35,0
19/03/2023 04:50,0
19/03/2023 05:05,0
19/03/2023 05:20,0
19/03/2023 05:35,0
19/03/2023 05:50,0
19/03/2023 06:04,0
19/03/2023 06:19,0
19/03/2023 06:34,0
19/03/2023 06:49,0
19/03/2023 07:04,0
19/03/2023 07:19,0
19/03/2023 07:33,0
19/03/2023 07:48,0
19/03/2023 08:03,0
19/03/2023 08:18,0
19/03/2023 08:33,2
19/03/2023 08:47,5
19/03/2023 09:02,10
19/03/2023 09:32,16
19/03/2023 09:47,20
19/03/2023 10:02,23
19/03/2023 10:16,26
19/03/2023 10:31,29
19/03/2023 10:46,31
19/03/2023 11:01,34
19/03/2023 11:16,39
19/03/2023 11:31,124
19/03/2023 11:45,240
19/03/2023 12:00,280
19/03/2023 12:15,328
19/03/2023 12:30,392
19/03/2023 12:45,399
19/03/2023 13:00,377
19/03/2023 13:14,352
19/03/2023 13:29,390
19/03/2023 13:44,335
19/03/2023 13:59,426
19/03/2023 14:14,465
19/03/2023 14:29,492
19/03/2023 14:43,396
19/03/2023 14:58,477
19/03/2023 15:13,413
19/03/2023 15:28,349
19/03/2023 15:43,388
19/03/2023 15:58,421
19/03/2023 16:12,432
19/03/2023 16:27,471
19/03/2023 16:42,421
19/03/2023 16:57,429
19/03/2023 17:12,428
19/03/2023 17:27,443
19/03/2023 17:41,433
19/03/2023 17:56,351
19/03/2023 18:11,285
19/03/2023 18:26,283
19/03/2023 18:41,255
19/03/2023 18:56,211
19/03/2023 19:10,193
19/03/2023 19:25,145
19/03/2023 19:40,114
19/03/2023 19:55,90
19/03/2023 20:10,43
19/03/2023 20:25,12
19/03/2023 20:39,6
19/03/2023 20:54,2
19/03/2023 21:09,0
19/03/2023 21:24,0
19/03/2023 21:39,0
19/03/2023 21:54,0
19/03/2023 22:08,0
19/03/2023 22:12,0
19/03/2023 22:27,0
19/03/2023 22:42,0
19/03/2023 22:58,0
19/03/2023 23:13,0
19/03/2023 23:28,0
19/03/2023 23:43,0
19/03/2023 23:58,0
20/03/2023 00:12,0
20/03/2023 00:27,0
20/03/2023 00:42,0
20/03/2023 00:57,0
20/03/2023 01:12,0
20/03/2023 01:27,0
20/03/2023 01:41,0
20/03/2023 01:56,0
20/03/2023 02:00,0
20/03/2023 02:15,0
20/03/2023 02:30,0
20/03/2023 02:44,0
20/03/2023 02:59,0
20/03/2023 03:14,0
20/03/2023 03:29,0
20/03/2023 03:44,0
20/03/2023 03:59,0
20/03/2023 04:13,0
20/03/2023 04:28,0
20/03/2023 04:43,0
20/03/2023 04:58,0
20/03/2023 05:13,0
20/03/2023 05:28,0
20/03/2023 05:42,0
20/03/2023 05:57,0
20/03/2023 06:12,0
20/03/2023 06:27,0
20/03/2023 06:42,0
20/03/2023 06:57,0
20/03/2023 07:11,0
20/03/2023 07:26,0
20/03/2023 07:41,0
20/03/2023 07:56,0
20/03/2023 08:11,0
20/03/2023 08:26,2
20/03/2023 08:40,4
20/03/2023 08:55,7
20/03/2023 09:10,16
20/03/2023 09:25,25
20/03/2023 09:40,41
20/03/2023 09:55,52
20/03/2023 10:09,59
20/03/2023 10:24,64
20/03/2023 10:39,72
20/03/2023 10:54,89
20/03/2023 11:09,114
20/03/2023 11:24,158
20/03/2023 11:38,345
20/03/2023 11:53,357
20/03/2023 12:08,275
20/03/2023 12:23,179
20/03/2023 12:38,362
20/03/2023 12:53,471
20/03/2023 13:07,220
20/03/2023 13:22,467
20/03/2023 13:37,433
20/03/2023 13:52,435
20/03/2023 14:07,470
20/03/2023 14:21,464
20/03/2023 14:36,482
20/03/2023 14:51,351
20/03/2023 15:06,372
20/03/2023 15:21,497
20/03/2023 15:36,523
20/03/2023 15:50,520
20/03/2023 16:05,540
20/03/2023 16:20,505
20/03/2023 16:35,417
20/03/2023 16:50,414
20/03/2023 17:05,400
20/03/2023 17:19,336
20/03/2023 17:21,371
20/03/2023 17:36,376
20/03/2023 17:50,354
20/03/2023 18:05,293
20/03/2023 18:20,265
20/03/2023 18:35,267
20/03/2023 18:50,209
20/03/2023 19:05,176
20/03/2023 19:06,159
20/03/2023 19:21,123
20/03/2023 19:35,78
20/03/2023 19:50,64
20/03/2023 20:05,44
20/03/2023 20:20,22
20/03/2023 20:35,8
20/03/2023 20:50,4
20/03/2023 21:04,0
20/03/2023 21:19,0
20/03/2023 21:34,0
20/03/2023 21:49,0
20/03/2023 22:04,0
20/03/2023 22:19,0
20/03/2023 22:33,0
20/03/2023 22:36,0
20/03/2023 22:51,0
20/03/2023 23:06,0
20/03/2023 23:21,0
20/03/2023 23:36,0
20/03/2023 23:50,0
21/03/2023 00:05,0
21/03/2023 00:20,0
21/03/2023 00:35,0
21/03/2023 00:50,0
21/03/2023 01:05,0
21/03/2023 01:19,0
21/03/2023 01:34,0
21/03/2023 01:49,0
21/03/2023 02:04,0
21/03/2023 02:19,0
21/03/2023 02:34,0
21/03/2023 02:48,0
21/03/2023 03:03,0
21/03/2023 03:18,0
21/03/2023 03:33,0
21/03/2023 03:48,0
21/03/2023 04:03,0
21/03/2023 04:17,0
21/03/2023 04:32,0
21/03/2023 04:47,0
21/03/2023 05:02,0
21/03/2023 05:17,0
21/03/2023 05:32,0
21/03/2023 05:46,0
21/03/2023 06:01,0
21/03/2023 06:16,0
21/03/2023 06:31,0
21/03/2023 06:46,0
21/03/2023 07:01,0
21/03/2023 07:15,0
21/03/2023 07:17,0
21/03/2023 07:32,0
21/03/2023 07:47,0
21/03/2023 08:02,0
21/03/2023 08:17,0
21/03/2023 08:31,1
21/03/2023 08:46,4
21/03/2023 09:01,8
21/03/2023 09:16,17
21/03/2023 09:31,27
21/03/2023 09:46,29
21/03/2023 10:00,36
21/03/2023 10:15,49
21/03/2023 10:30,52
21/03/2023 10:45,104
21/03/2023 11:00,72
21/03/2023 11:15,90
21/03/2023 11:29,155
21/03/2023 11:44,143
21/03/2023 11:59,150
21/03/2023 12:14,123
21/03/2023 12:29,189
21/03/2023 12:44,159
21/03/2023 12:58,168
21/03/2023 13:13,196
21/03/2023 13:28,239
21/03/2023 13:43,255
21/03/2023 13:58,238
21/03/2023 14:13,245
21/03/2023 14:27,244
21/03/2023 14:42,240
21/03/2023 14:57,251
21/03/2023 15:12,240
21/03/2023 15:27,199
21/03/2023 15:42,173
21/03/2023 15:56,250
21/03/2023 16:11,233
21/03/2023 16:26,171
21/03/2023 16:41,156
21/03/2023 16:56,194
21/03/2023 17:10,124
21/03/2023 17:25,91
21/03/2023 17:40,72
21/03/2023 17:55,77
21/03/2023 18:25,62
21/03/2023 18:39,68
21/03/2023 18:54,60
21/03/2023 19:09,23
21/03/2023 19:24,10
21/03/2023 19:39,7
21/03/2023 19:54,4
21/03/2023 20:08,3
21/03/2023 20:23,2
21/03/2023 20:38,1
21/03/2023 20:53,0
21/03/2023 21:08,0
21/03/2023 21:23,0
21/03/2023 21:37,0
21/03/2023 21:52,0
21/03/2023 22:07,0
21/03/2023 22:22,0
21/03/2023 22:37,0
21/03/2023 22:52,0
21/03/2023 23:06,0
21/03/2023 23:21,0
21/03/2023 23:36,0
21/03/2023 23:51,0
22/03/2023 00:06,0
22/03/2023 00:35,0
22/03/2023 00:50,0
22/03/2023 01:05,0
22/03/2023 01:20,0
22/03/2023 01:35,0
22/03/2023 01:50,0
22/03/2023 02:04,0
22/03/2023 02:19,0
22/03/2023 02:34,0
22/03/2023 02:36,0
22/03/2023 02:51,0
22/03/2023 03:06,0
22/03/2023 03:07,0
22/03/2023 03:22,0
22/03/2023 03:37,0
22/03/2023 03:52,0
22/03/2023 04:07,0
22/03/2023 04:21,0
22/03/2023 04:36,0
22/03/2023 04:51,0
22/03/2023 05:06,0
22/03/2023 05:21,0
22/03/2023 05:36,0
22/03/2023 05:50,0
22/03/2023 06:05,0
22/03/2023 06:20,0
22/03/2023 06:35,0
22/03/2023 06:50,0
22/03/2023 15:29,316
22/03/2023 15:59,258
22/03/2023 16:13,181
22/03/2023 16:43,148
22/03/2023 17:28,413
22/03/2023 18:28,307
22/03/2023 19:58,76
23/03/2023 11:45,307
23/03/2023 12:00,336
23/03/2023 12:04,355
23/03/2023 12:20,373
23/03/2023 18:00,136
24/03/2023 11:21,160
24/03/2023 11:36,295
24/03/2023 11:51,325
24/03/2023 12:06,353
24/03/2023 12:21,380
24/03/2023 12:35,405
24/03/2023 19:03,234
24/03/2023 19:33,168
24/03/2023 20:32,30
25/03/2023 11:25,270
25/03/2023 11:40,311
25/03/2023 11:55,341
25/03/2023 12:10,369
25/03/2023 12:25,396
25/03/2023 18:51,343
27/03/2023 12:17,237
27/03/2023 12:32,313
27/03/2023 12:47,342
27/03/2023 13:02,372
27/03/2023 13:17,399
28/03/2023 13:01,290
28/03/2023 13:15,423
28/03/2023 13:30,431
28/03/2023 13:45,447
30/03/2023 17:32,568
31/03/2023 18:35,204
02/04/2023 12:54,534
05/04/2023 14:10,357
05/04/2023 14:25,389
05/04/2023 14:40,611
05/04/2023 14:55,730
05/04/2023 15:10,520
05/04/2023 15:25,337
05/04/2023 15:39,454
05/04/2023 16:09,456
05/04/2023 16:24,740
05/04/2023 16:54,275
05/04/2023 17:23,319
05/04/2023 17:53,279
05/04/2023 18:08,386
05/04/2023 18:23,315
05/04/2023 18:52,227
06/04/2023 15:46,686
06/04/2023 16:48,655
06/04/2023 17:48,569
06/04/2023 18:23,569
06/04/2023 18:28,520
07/04/2023 23:30,0
08/04/2023 12:24,194
08/04/2023 16:07,357
08/04/2023 16:21,339
08/04/2023 16:36,324
08/04/2023 16:51,173
08/04/2023 17:35,158
12/04/2023 13:19,496
12/04/2023 13:33,527
12/04/2023 14:18,610
13/04/2023 11:50,214
13/04/2023 12:34,411
13/04/2023 12:49,497
13/04/2023 13:34,503
13/04/2023 13:48,559
13/04/2023 14:03,582
13/04/2023 14:33,573
13/04/2023 14:48,471
13/04/2023 15:03,468
13/04/2023 15:17,437
13/04/2023 15:32,312
13/04/2023 15:47,191
14/04/2023 13:34,392
14/04/2023 13:49,573
14/04/2023 14:03,597
14/04/2023 14:18,622
14/04/2023 14:33,645
14/04/2023 14:48,667
14/04/2023 15:03,686
14/04/2023 15:18,691
14/04/2023 15:32,738
14/04/2023 15:47,325
14/04/2023 16:02,707
14/04/2023 16:03,717
14/04/2023 16:18,703
14/04/2023 16:33,672
14/04/2023 16:47,612
14/04/2023 17:02,444
14/04/2023 17:17,673
14/04/2023 17:32,651
14/04/2023 17:48,152
14/04/2023 18:02,400
14/04/2023 18:16,378
14/04/2023 18:31,432
14/04/2023 18:46,197
14/04/2023 19:01,573
14/04/2023 19:16,342
14/04/2023 19:31,300
14/04/2023 19:45,312
14/04/2023 20:00,388
14/04/2023 20:15,183
14/04/2023 20:30,50
15/04/2023 12:39,289
15/04/2023 12:54,442
15/04/2023 13:08,316
15/04/2023 13:23,257
15/04/2023 13:38,255
15/04/2023 13:53,365
15/04/2023 14:08,389
15/04/2023 14:23,386
15/04/2023 14:37,435
15/04/2023 14:52,260
15/04/2023 15:22,338
15/04/2023 15:37,453
15/04/2023 15:52,369
15/04/2023 16:06,353
15/04/2023 16:51,675
15/04/2023 17:06,428
15/04/2023 17:21,439
15/04/2023 17:35,437
15/04/2023 17:50,306
15/04/2023 18:05,396
15/04/2023 18:20,352
15/04/2023 18:35,158
15/04/2023 18:50,140
15/04/2023 19:19,141
15/04/2023 19:34,187
15/04/2023 19:50,147
15/04/2023 20:04,127
15/04/2023 20:49,88
16/04/2023 14:07,98
16/04/2023 17:37,111
16/04/2023 17:52,71
16/04/2023 18:07,90
16/04/2023 18:21,77
16/04/2023 18:24,60
16/04/2023 18:40,43
16/04/2023 18:55,37
16/04/2023 19:08,27
16/04/2023 19:23,45
16/04/2023 19:38,25
16/04/2023 19:53,17
16/04/2023 20:52,7
16/04/2023 21:37,5
16/04/2023 21:52,3
16/04/2023 22:21,2
16/04/2023 22:51,0
16/04/2023 23:06,0
16/04/2023 23:20,0
16/04/2023 23:35,0
17/04/2023 16:24,331
17/04/2023 16:39,329
17/04/2023 16:54,287
17/04/2023 18:52,80
17/04/2023 19:07,54
17/04/2023 19:51,40
17/04/2023 20:06,38
17/04/2023 20:22,32
18/04/2023 12:07,106
18/04/2023 15:35,88
18/04/2023 16:50,76
19/04/2023 18:38,70
19/04/2023 19:08,65
20/04/2023 15:56,395
20/04/2023 16:11,486
20/04/2023 16:56,616
20/04/2023 17:11,567
20/04/2023 17:25,657
20/04/2023 17:40,630
20/04/2023 17:55,615
20/04/2023 18:10,581
20/04/2023 18:25,566
20/04/2023 18:40,479
20/04/2023 18:55,411
20/04/2023 19:09,436
20/04/2023 19:24,362
20/04/2023 19:39,350
20/04/2023 19:54,185
20/04/2023 20:38,91
20/04/2023 21:23,147
20/04/2023 21:52,170
20/04/2023 22:07,107
21/04/2023 12:16,232
21/04/2023 12:31,328
21/04/2023 12:48,308
21/04/2023 13:01,583
21/04/2023 13:16,349
21/04/2023 17:43,172
21/04/2023 18:13,216
21/04/2023 18:28,215
21/04/2023 18:43,216
21/04/2023 18:58,255
21/04/2023 19:00,334
21/04/2023 19:15,254
21/04/2023 19:30,296
21/04/2023 19:45,164
21/04/2023 20:00,129
21/04/2023 20:15,152
21/04/2023 20:29,166
21/04/2023 20:59,262
21/04/2023 21:14,247
21/04/2023 21:17,238
21/04/2023 21:32,215
21/04/2023 21:47,188
21/04/2023 22:02,151
21/04/2023 22:17,93
21/04/2023 23:01,3
23/04/2023 18:41,545
23/04/2023 18:55,672
23/04/2023 19:25,583
23/04/2023 19:40,377
23/04/2023 19:55,489
23/04/2023 20:09,388
24/04/2023 16:03,602
24/04/2023 16:18,762
24/04/2023 16:33,429
24/04/2023 17:17,473
24/04/2023 20:30,261
24/04/2023 20:45,324
25/04/2023 11:56,409
25/04/2023 12:10,442
25/04/2023 12:25,480
25/04/2023 12:40,503
25/04/2023 12:56,536
25/04/2023 13:11,564
25/04/2023 13:25,587
25/04/2023 13:39,605
25/04/2023 13:54,623
25/04/2023 14:24,666
25/04/2023 14:39,681
25/04/2023 14:54,694
26/04/2023 11:41,255
26/04/2023 13:11,378
02/06/2023 20:19,529
11/06/2023 14:32,829
11/06/2023 19:43,587
11/06/2023 20:31,481
11/06/2023 20:45,447
12/06/2023 15:37,470
12/06/2023 15:39,394
12/06/2023 16:09,406
12/06/2023 16:29,422
14/06/2023 16:43,81
14/06/2023 16:58,82
14/06/2023 17:13,80
14/06/2023 17:28,88
14/06/2023 17:43,46
14/06/2023 17:58,44
14/06/2023 18:12,51
14/06/2023 18:27,40
14/06/2023 18:42,38
14/06/2023 19:12,36
14/06/2023 19:26,34
14/06/2023 19:41,24
14/06/2023 19:56,21
14/06/2023 20:11,22
14/06/2023 20:26,19
14/06/2023 20:41,16
14/06/2023 20:55,16
14/06/2023 21:10,16
14/06/2023 21:25,11
14/06/2023 21:40,12
14/06/2023 21:55,13
14/06/2023 22:10,8
14/06/2023 22:24,5
14/06/2023 22:39,6
14/06/2023 22:54,5
14/06/2023 23:09,2
14/06/2023 23:24,2
14/06/2023 23:39,2
14/06/2023 23:53,3
15/06/2023 00:08,2
15/06/2023 00:23,1
15/06/2023 00:38,1
15/06/2023 00:53,0
15/06/2023 01:08,0
15/06/2023 01:22,0
15/06/2023 01:37,0
15/06/2023 01:52,0
15/06/2023 02:07,0
15/06/2023 02:09,0
15/06/2023 02:24,0
15/06/2023 02:39,0
15/06/2023 02:54,0
15/06/2023 02:56,0
15/06/2023 03:10,0
15/06/2023 03:25,0
15/06/2023 03:40,0
15/06/2023 03:42,0
15/06/2023 03:57,0
15/06/2023 04:12,0
15/06/2023 04:26,0
15/06/2023 04:28,0
15/06/2023 04:43,0
15/06/2023 04:58,0
15/06/2023 05:13,1
15/06/2023 05:15,1
15/06/2023 05:29,2
15/06/2023 05:44,2
15/06/2023 05:59,4
15/06/2023 06:14,5
15/06/2023 06:29,8
15/06/2023 06:44,9
15/06/2023 06:58,14
15/06/2023 07:13,20
15/06/2023 07:28,53
15/06/2023 07:43,89
15/06/2023 07:58,90
15/06/2023 08:13,83
15/06/2023 08:27,74
15/06/2023 08:42,70
15/06/2023 08:57,63
15/06/2023 09:12,128
15/06/2023 09:27,167
15/06/2023 09:42,180
15/06/2023 09:56,212
15/06/2023 10:11,213
15/06/2023 10:26,258
15/06/2023 10:41,292
15/06/2023 10:56,241
15/06/2023 11:10,243
15/06/2023 11:25,294
15/06/2023 11:40,342
15/06/2023 11:55,364
15/06/2023 12:10,334
15/06/2023 12:25,357
15/06/2023 12:39,331
15/06/2023 12:54,460
15/06/2023 13:09,450
15/06/2023 13:24,479
15/06/2023 13:39,545
15/06/2023 13:54,742
15/06/2023 14:08,614
15/06/2023 14:23,592
15/06/2023 14:38,461
15/06/2023 14:53,443
15/06/2023 15:08,463
15/06/2023 15:24,299
15/06/2023 15:39,295
15/06/2023 15:54,310
15/06/2023 16:08,366
15/06/2023 16:23,381
15/06/2023 16:38,404
15/06/2023 16:53,480
15/06/2023 17:08,504
15/06/2023 17:23,415
15/06/2023 17:37,532
15/06/2023 17:52,559
15/06/2023 18:07,522
15/06/2023 18:22,334
15/06/2023 18:37,242
15/06/2023 18:52,215
15/06/2023 19:06,165
15/06/2023 19:21,186
15/06/2023 19:36,202
15/06/2023 19:51,196
15/06/2023 20:06,137
15/06/2023 20:21,128
15/06/2023 20:35,129
15/06/2023 20:50,120
15/06/2023 21:05,111
15/06/2023 21:20,119
15/06/2023 21:35,79
15/06/2023 21:50,56
15/06/2023 22:04,41
15/06/2023 22:19,38
15/06/2023 22:34,30
15/06/2023 22:49,23
15/06/2023 23:04,21
15/06/2023 23:19,20
15/06/2023 23:48,16
16/06/2023 00:03,13
16/06/2023 00:18,6
16/06/2023 00:33,5
16/06/2023 00:48,5
16/06/2023 01:02,4
16/06/2023 01:17,1
16/06/2023 01:32,0
16/06/2023 01:47,0
16/06/2023 02:02,0
16/06/2023 02:17,0
16/06/2023 02:31,0
16/06/2023 02:46,0
16/06/2023 03:01,0
16/06/2023 03:16,0
16/06/2023 03:31,0
16/06/2023 03:46,0
16/06/2023 04:00,0
16/06/2023 04:15,0
16/06/2023 04:18,0
16/06/2023 04:32,0
16/06/2023 04:47,0
16/06/2023 05:02,0
16/06/2023 05:17,0
16/06/2023 05:32,0
16/06/2023 05:47,1
16/06/2023 06:01,1
16/06/2023 06:16,3
16/06/2023 06:31,5
16/06/2023 06:46,9
16/06/2023 07:01,12
16/06/2023 07:16,18
16/06/2023 07:30,25
16/06/2023 07:45,45
16/06/2023 08:00,46
16/06/2023 08:15,39
16/06/2023 08:30,73
16/06/2023 08:45,169
16/06/2023 08:59,117
16/06/2023 09:14,110
16/06/2023 09:29,106
16/06/2023 09:44,83
16/06/2023 09:59,124
16/06/2023 10:14,208
16/06/2023 10:28,190
16/06/2023 10:43,159
16/06/2023 10:58,198
16/06/2023 11:13,281
16/06/2023 11:28,239
16/06/2023 11:43,304
16/06/2023 11:57,308
16/06/2023 12:12,299
16/06/2023 12:27,200
16/06/2023 12:30,161
16/06/2023 12:45,192
16/06/2023 12:59,275
16/06/2023 13:14,246
16/06/2023 13:29,265
16/06/2023 13:44,211
16/06/2023 13:59,334
16/06/2023 14:14,324
16/06/2023 14:15,356
16/06/2023 14:30,428
16/06/2023 14:44,426
16/06/2023 14:59,450
16/06/2023 15:01,573
16/06/2023 15:16,603
16/06/2023 15:31,627
16/06/2023 15:46,552
16/06/2023 16:00,799
16/06/2023 16:15,633
16/06/2023 16:30,753
16/06/2023 16:45,834
16/06/2023 17:00,469
16/06/2023 17:14,544
16/06/2023 17:29,557
16/06/2023 17:44,643
16/06/2023 17:59,603
16/06/2023 18:14,660
16/06/2023 18:29,700
16/06/2023 18:43,657
16/06/2023 18:58,547
16/06/2023 19:13,358
16/06/2023 19:28,242
16/06/2023 19:43,219
16/06/2023 19:58,203
16/06/2023 20:12,212
16/06/2023 20:27,216
16/06/2023 20:42,201
16/06/2023 20:57,274
16/06/2023 21:12,170
16/06/2023 21:27,107
16/06/2023 21:41,61
16/06/2023 21:56,40
16/06/2023 22:11,32
16/06/2023 22:26,29
16/06/2023 22:41,23
16/06/2023 22:56,20
16/06/2023 23:10,17
16/06/2023 23:25,14
16/06/2023 23:40,11
16/06/2023 23:55,9
17/06/2023 00:10,11
17/06/2023 00:25,8
17/06/2023 00:39,6
17/06/2023 00:54,4
17/06/2023 01:09,3
17/06/2023 01:24,1
17/06/2023 01:39,1
17/06/2023 01:54,0
17/06/2023 02:08,0
17/06/2023 02:23,0
17/06/2023 02:38,0
17/06/2023 02:53,0
17/06/2023 03:08,0
17/06/2023 03:23,0
17/06/2023 03:37,0
17/06/2023 03:52,0
17/06/2023 04:07,0
17/06/2023 04:22,0
17/06/2023 04:37,0
17/06/2023 04:52,0
17/06/2023 05:06,0
17/06/2023 05:21,0
17/06/2023 05:36,1
17/06/2023 05:51,2
17/06/2023 06:06,2
17/06/2023 06:21,3
17/06/2023 06:35,5
17/06/2023 06:50,7
17/06/2023 07:05,10
17/06/2023 07:20,10
17/06/2023 07:35,14
17/06/2023 07:49,16
17/06/2023 08:04,20
17/06/2023 08:19,25
17/06/2023 08:34,28
17/06/2023 08:49,30
17/06/2023 09:04,36
17/06/2023 09:07,38
17/06/2023 09:22,57
17/06/2023 09:37,80
17/06/2023 09:52,87
17/06/2023 10:07,97
17/06/2023 10:21,99
17/06/2023 10:36,91
17/06/2023 10:51,77
17/06/2023 10:52,78
17/06/2023 11:22,115
17/06/2023 11:37,122
17/06/2023 11:51,156
17/06/2023 12:06,174
17/06/2023 12:21,199
17/06/2023 12:36,188
17/06/2023 12:51,185
17/06/2023 13:06,255
17/06/2023 13:20,197
17/06/2023 13:35,239
17/06/2023 13:50,337
17/06/2023 14:05,286
17/06/2023 14:20,308
17/06/2023 14:35,331
17/06/2023 14:49,295
17/06/2023 15:04,254
17/06/2023 15:19,325
17/06/2023 15:34,295
17/06/2023 15:49,396
17/06/2023 16:04,430
17/06/2023 16:18,506
17/06/2023 16:33,631
17/06/2023 16:48,454
17/06/2023 17:03,752
17/06/2023 17:33,657
17/06/2023 17:47,765
17/06/2023 18:02,624
17/06/2023 18:17,616
17/06/2023 18:32,461
17/06/2023 18:47,472
17/06/2023 19:02,399
17/06/2023 19:16,547
17/06/2023 19:31,559
17/06/2023 19:46,454
17/06/2023 20:01,372
17/06/2023 20:16,331
17/06/2023 20:31,263
17/06/2023 21:00,362
17/06/2023 21:15,267
17/06/2023 21:30,144
17/06/2023 21:45,181
17/06/2023 22:00,146
17/06/2023 22:14,105
17/06/2023 22:29,89
17/06/2023 22:44,71
17/06/2023 22:59,49
17/06/2023 23:14,36
17/06/2023 23:29,30
17/06/2023 23:43,29
17/06/2023 23:58,23
18/06/2023 00:13,15
18/06/2023 00:28,9
18/06/2023 00:43,6
18/06/2023 00:58,5
18/06/2023 01:12,2
18/06/2023 01:27,1
18/06/2023 01:42,0
18/06/2023 01:43,0
18/06/2023 01:58,0
18/06/2023 02:13,0
18/06/2023 02:28,0
18/06/2023 02:29,0
18/06/2023 02:44,0
18/06/2023 02:59,0
18/06/2023 03:14,0
18/06/2023 03:29,0
18/06/2023 03:44,0
18/06/2023 03:58,0
18/06/2023 04:13,0
18/06/2023 04:28,0
18/06/2023 04:43,0
18/06/2023 04:58,0
18/06/2023 05:13,0
18/06/2023 05:27,0
18/06/2023 05:42,0
18/06/2023 05:57,1
18/06/2023 06:12,2
18/06/2023 06:27,2
18/06/2023 06:42,3
18/06/2023 06:56,4
18/06/2023 07:11,7
18/06/2023 07:26,8
18/06/2023 07:41,9
18/06/2023 07:56,12
18/06/2023 08:11,14
18/06/2023 08:25,16
18/06/2023 08:40,24
18/06/2023 08:55,29
18/06/2023 09:10,23
18/06/2023 09:25,22
18/06/2023 09:40,23
18/06/2023 09:54,23
18/06/2023 10:09,23
18/06/2023 10:24,19
18/06/2023 10:39,22
18/06/2023 10:54,26
18/06/2023 11:09,33
18/06/2023 11:23,41
18/06/2023 11:38,44
18/06/2023 11:53,53
18/06/2023 12:08,49
18/06/2023 12:23,53
18/06/2023 12:38,62
18/06/2023 12:52,30
18/06/2023 13:07,22
18/06/2023 13:22,27
18/06/2023 13:37,42
18/06/2023 13:52,51
18/06/2023 14:06,66
18/06/2023 14:36,112
18/06/2023 14:51,90
18/06/2023 15:06,58
18/06/2023 15:21,89
18/06/2023 15:35,77
18/06/2023 15:50,86
18/06/2023 16:05,89
18/06/2023 16:20,94
18/06/2023 16:21,98
18/06/2023 16:36,79
18/06/2023 16:50,87
18/06/2023 17:05,118
18/06/2023 17:20,114
18/06/2023 17:35,99
18/06/2023 17:50,102
18/06/2023 18:05,103
18/06/2023 18:19,99
18/06/2023 18:49,78
18/06/2023 19:04,61
18/06/2023 19:19,63
18/06/2023 19:34,46
18/06/2023 19:36,61
18/06/2023 19:51,63
18/06/2023 20:06,65
18/06/2023 20:21,79
18/06/2023 20:36,81
18/06/2023 20:50,70
18/06/2023 21:05,76
18/06/2023 21:20,61
18/06/2023 21:35,86
18/06/2023 21:50,46
18/06/2023 22:05,32
18/06/2023 22:19,27
18/06/2023 22:34,21
18/06/2023 22:49,28
18/06/2023 23:19,17
18/06/2023 23:34,12
18/06/2023 23:48,5
19/06/2023 00:18,2
19/06/2023 00:33,2
19/06/2023 00:48,2
19/06/2023 01:03,1
19/06/2023 01:17,0
19/06/2023 01:32,0
19/06/2023 02:17,0
19/06/2023 02:32,0
19/06/2023 02:46,0
19/06/2023 03:01,0
19/06/2023 03:16,0
19/06/2023 03:31,0
19/06/2023 03:46,0
19/06/2023 04:01,0
19/06/2023 04:15,0
19/06/2023 04:30,0
19/06/2023 04:45,0
19/06/2023 05:00,0
19/06/2023 05:15,0
19/06/2023 05:30,1
19/06/2023 05:44,1
19/06/2023 05:59,3
19/06/2023 06:14,8
19/06/2023 06:29,9
19/06/2023 06:44,17
19/06/2023 06:59,12
19/06/2023 07:13,13
19/06/2023 07:28,11
19/06/2023 07:43,11
19/06/2023 07:58,12
19/06/2023 08:13,18
19/06/2023 08:28,22
19/06/2023 08:42,16
19/06/2023 08:57,14
19/06/2023 09:12,17
19/06/2023 09:27,23
19/06/2023 09:42,23
19/06/2023 09:57,20
19/06/2023 10:11,23
19/06/2023 10:26,33
19/06/2023 10:41,42
19/06/2023 10:56,58
19/06/2023 11:11,49
19/06/2023 11:25,54
19/06/2023 11:40,69
19/06/2023 11:55,98
19/06/2023 12:10,91
19/06/2023 12:25,115
19/06/2023 12:40,148
19/06/2023 12:54,142
19/06/2023 13:09,146
19/06/2023 13:24,127
19/06/2023 13:39,168
19/06/2023 13:54,138
19/06/2023 14:09,142
19/06/2023 14:23,150
19/06/2023 14:38,132
19/06/2023 14:53,119
19/06/2023 15:08,128
19/06/2023 15:23,136
19/06/2023 15:38,192
19/06/2023 15:52,209
19/06/2023 16:07,185
19/06/2023 16:22,185
19/06/2023 16:37,185
19/06/2023 16:52,227
19/06/2023 17:07,196
19/06/2023 17:21,158
19/06/2023 17:36,148
19/06/2023 17:51,115
19/06/2023 18:06,106
19/06/2023 18:21,86
19/06/2023 18:36,68
19/06/2023 18:50,59
19/06/2023 19:05,50
19/06/2023 19:08,58
19/06/2023 19:23,47
19/06/2023 19:37,35
19/06/2023 19:52,28
19/06/2023 20:07,26
19/06/2023 20:22,29
19/06/2023 20:37,34
19/06/2023 20:52,43
19/06/2023 21:06,57
19/06/2023 21:21,64
19/06/2023 21:36,60
19/06/2023 21:40,55
19/06/2023 21:55,51
19/06/2023 22:09,55
19/06/2023 22:24,70
19/06/2023 22:39,74
19/06/2023 22:54,52
19/06/2023 23:09,50
19/06/2023 23:24,38
19/06/2023 23:38,31
19/06/2023 23:53,27
20/06/2023 00:08,22
20/06/2023 00:23,17
20/06/2023 00:38,12
20/06/2023 01:22,3
20/06/2023 01:37,3
20/06/2023 01:52,2
20/06/2023 02:07,1
20/06/2023 02:22,1
20/06/2023 02:36,0
20/06/2023 02:51,0
20/06/2023 03:06,0
20/06/2023 03:21,0
20/06/2023 03:23,0
20/06/2023 03:37,0
20/06/2023 03:52,0
20/06/2023 03:54,0
20/06/2023 04:09,0
20/06/2023 04:24,1
20/06/2023 04:38,1
20/06/2023 04:53,1
20/06/2023 05:08,1
20/06/2023 05:23,0
20/06/2023 05:38,1
20/06/2023 05:53,2
20/06/2023 06:07,2
20/06/2023 06:11,2
20/06/2023 06:26,2
20/06/2023 06:40,5
20/06/2023 06:55,9
20/06/2023 07:10,9
20/06/2023 07:14,9
20/06/2023 07:29,9
20/06/2023 07:44,16
20/06/2023 07:59,24
20/06/2023 08:13,31
20/06/2023 08:28,53
20/06/2023 08:43,56
20/06/2023 08:58,67
20/06/2023 09:13,107
20/06/2023 09:28,140
20/06/2023 09:42,120
20/06/2023 09:57,120
20/06/2023 10:12,122
20/06/2023 10:27,147
20/06/2023 10:42,178
20/06/2023 10:57,155
20/06/2023 11:11,146
20/06/2023 11:26,135
20/06/2023 11:41,156
20/06/2023 11:56,189
20/06/2023 12:11,169
20/06/2023 12:26,185
20/06/2023 12:40,220
20/06/2023 12:55,259
20/06/2023 13:10,218
20/06/2023 13:25,237
20/06/2023 13:40,205
20/06/2023 13:55,167
20/06/2023 14:09,168
20/06/2023 14:11,180
20/06/2023 14:25,208
20/06/2023 14:40,271
20/06/2023 14:55,310
20/06/2023 15:10,279
20/06/2023 15:25,234
20/06/2023 15:40,205
20/06/2023 15:54,191
20/06/2023 16:09,223
20/06/2023 16:24,236
20/06/2023 16:39,235
20/06/2023 16:54,270
20/06/2023 17:09,302
20/06/2023 17:23,295
20/06/2023 17:38,289
20/06/2023 17:53,307
20/06/2023 17:55,333
20/06/2023 18:10,344
20/06/2023 18:25,336
20/06/2023 18:39,303
20/06/2023 18:54,274
20/06/2023 19:09,242
20/06/2023 19:24,214
20/06/2023 19:39,214
20/06/2023 19:54,209
20/06/2023 20:08,193
20/06/2023 20:23,168
20/06/2023 20:38,164
20/06/2023 20:53,171
20/06/2023 21:08,165
20/06/2023 21:23,143
20/06/2023 21:37,130
20/06/2023 21:52,118
20/06/2023 22:07,118
20/06/2023 22:22,171
20/06/2023 22:37,164
20/06/2023 22:52,173
20/06/2023 23:06,103
20/06/2023 23:21,76
20/06/2023 23:36,67
20/06/2023 23:51,58
21/06/2023 00:06,54
21/06/2023 00:21,50
21/06/2023 00:35,46
21/06/2023 00:50,27
21/06/2023 01:05,18
21/06/2023 01:20,15
21/06/2023 01:35,11
21/06/2023 01:50,8
21/06/2023 02:04,6
21/06/2023 02:34,2
21/06/2023 02:49,1
21/06/2023 03:04,1
21/06/2023 03:19,0
21/06/2023 03:33,0
21/06/2023 03:48,0
21/06/2023 04:03,0
21/06/2023 04:18,1
21/06/2023 04:33,1
21/06/2023 04:48,2
21/06/2023 05:02,3
21/06/2023 05:17,4
21/06/2023 05:32,6
21/06/2023 05:47,9
21/06/2023 06:02,11
21/06/2023 06:17,14
21/06/2023 06:31,16
21/06/2023 06:46,19
21/06/2023 07:01,22
21/06/2023 07:16,25
21/06/2023 07:31,28
21/06/2023 07:45,31
21/06/2023 08:00,34
21/06/2023 08:15,36
21/06/2023 08:30,37
21/06/2023 08:45,38
21/06/2023 09:00,39
21/06/2023 09:17,42
21/06/2023 09:32,44
21/06/2023 09:47,46
21/06/2023 10:01,49
21/06/2023 10:16,52
21/06/2023 10:31,83
21/06/2023 10:32,345
21/06/2023 10:47,379
21/06/2023 11:02,293
21/06/2023 11:16,465
21/06/2023 11:31,333
21/06/2023 11:46,346
21/06/2023 12:01,609
21/06/2023 12:16,504
21/06/2023 12:31,520
21/06/2023 13:00,679
21/06/2023 13:15,599
21/06/2023 13:30,668
21/06/2023 13:45,755
21/06/2023 14:00,671
21/06/2023 14:14,729
21/06/2023 14:29,797
21/06/2023 14:44,743
21/06/2023 14:59,701
21/06/2023 15:14,700
21/06/2023 15:29,611
21/06/2023 15:43,763
21/06/2023 15:58,543
21/06/2023 16:13,454
21/06/2023 16:28,437
21/06/2023 16:43,309
21/06/2023 16:58,288
21/06/2023 17:12,341
21/06/2023 17:27,308
21/06/2023 17:42,209
21/06/2023 17:57,254
21/06/2023 18:12,336
21/06/2023 18:27,288
21/06/2023 18:41,253
21/06/2023 18:56,308
21/06/2023 19:11,270
21/06/2023 19:26,152
21/06/2023 19:41,131
21/06/2023 19:56,222
21/06/2023 20:10,475
21/06/2023 20:25,339
21/06/2023 20:40,263
21/06/2023 20:55,203
21/06/2023 21:10,240
21/06/2023 21:25,149
21/06/2023 21:39,182
21/06/2023 21:54,305
21/06/2023 22:09,146
21/06/2023 22:24,99
21/06/2023 22:45,71
21/06/2023 23:00,48
21/06/2023 23:15,51
21/06/2023 23:30,56
21/06/2023 23:44,40
21/06/2023 23:59,31
22/06/2023 00:14,27
22/06/2023 00:29,24
22/06/2023 00:44,19
22/06/2023 00:59,13
22/06/2023 01:13,11
22/06/2023 01:28,9
22/06/2023 01:43,7
22/06/2023 02:28,3
22/06/2023 02:42,1
22/06/2023 02:57,0
22/06/2023 03:12,0
22/06/2023 03:27,0
22/06/2023 03:42,0
22/06/2023 03:56,0
22/06/2023 04:11,1
22/06/2023 04:26,1
22/06/2023 04:41,1
22/06/2023 04:56,2
22/06/2023 05:11,3
22/06/2023 05:25,3
22/06/2023 05:40,5
22/06/2023 05:55,7
22/06/2023 06:10,9
22/06/2023 06:25,13
22/06/2023 06:40,21
22/06/2023 06:54,25
22/06/2023 07:09,30
22/06/2023 07:24,40
22/06/2023 07:39,52
22/06/2023 07:54,47
22/06/2023 08:09,48
22/06/2023 08:23,61
22/06/2023 08:38,50
22/06/2023 08:53,66
22/06/2023 09:08,52
22/06/2023 09:23,44
22/06/2023 09:38,44
22/06/2023 09:52,46
22/06/2023 10:07,57
22/06/2023 10:22,55
22/06/2023 10:37,48
22/06/2023 10:52,49
22/06/2023 11:07,51
22/06/2023 11:21,52
22/06/2023 11:36,65
22/06/2023 11:51,86
22/06/2023 12:06,125
22/06/2023 12:21,125
22/06/2023 12:36,129
22/06/2023 12:50,133
22/06/2023 13:05,113
22/06/2023 13:20,182
22/06/2023 13:23,273
22/06/2023 13:38,343
22/06/2023 13:53,369
22/06/2023 14:08,546
22/06/2023 14:23,491
22/06/2023 14:38,441
22/06/2023 14:52,424
22/06/2023 15:07,524
22/06/2023 15:22,505
22/06/2023 15:37,583
22/06/2023 15:52,664
22/06/2023 16:06,853
22/06/2023 16:21,499
22/06/2023 16:36,495
22/06/2023 16:51,471
22/06/2023 17:06,694
22/06/2023 17:21,683
22/06/2023 17:35,483
22/06/2023 17:50,272
22/06/2023 18:05,221
22/06/2023 18:20,108
22/06/2023 18:35,72
22/06/2023 18:50,57
22/06/2023 19:04,50
22/06/2023 19:19,55
22/06/2023 19:34,54
22/06/2023 19:49,41
22/06/2023 20:04,39
22/06/2023 20:19,37
22/06/2023 20:33,39
22/06/2023 20:48,31
22/06/2023 21:18,38
22/06/2023 21:33,45
22/06/2023 21:48,40
22/06/2023 22:02,30
22/06/2023 22:17,15
22/06/2023 22:32,27
22/06/2023 22:47,28
22/06/2023 23:02,22
22/06/2023 23:17,12
22/06/2023 23:31,10
22/06/2023 23:46,8
23/06/2023 00:46,2
23/06/2023 01:00,1
23/06/2023 01:15,1
23/06/2023 01:30,0
23/06/2023 01:45,0
23/06/2023 02:00,0
23/06/2023 02:15,0
23/06/2023 02:44,0
23/06/2023 02:59,0
23/06/2023 03:14,0
23/06/2023 03:29,0
23/06/2023 03:44,0
23/06/2023 03:58,0
23/06/2023 04:13,0
23/06/2023 04:28,0
23/06/2023 05:13,0
23/06/2023 05:27,0
23/06/2023 05:42,0
23/06/2023 05:57,1
23/06/2023 06:12,1
23/06/2023 06:27,2
23/06/2023 06:41,3
23/06/2023 06:56,5
23/06/2023 07:11,4
23/06/2023 07:26,7
23/06/2023 07:41,6
23/06/2023 07:56,7
23/06/2023 08:55,30
23/06/2023 09:10,17
23/06/2023 09:25,24
23/06/2023 09:39,24
23/06/2023 09:54,40
23/06/2023 10:09,44
23/06/2023 10:24,39
23/06/2023 10:39,56
23/06/2023 11:08,39
23/06/2023 11:23,31
23/06/2023 11:38,26
23/06/2023 11:53,29
23/06/2023 12:08,37
23/06/2023 12:23,49
23/06/2023 12:37,127
23/06/2023 12:52,264
23/06/2023 13:07,221
23/06/2023 13:22,139
23/06/2023 13:37,96
23/06/2023 13:52,91
23/06/2023 13:54,56
23/06/2023 14:08,74
23/06/2023 14:23,95
23/06/2023 14:38,103
23/06/2023 14:53,98
23/06/2023 15:08,113
23/06/2023 15:22,107
23/06/2023 15:37,87
23/06/2023 15:52,65
23/06/2023 16:07,50
23/06/2023 16:22,85
23/06/2023 16:37,79
23/06/2023 16:51,49
23/06/2023 17:06,48
23/06/2023 17:21,51
23/06/2023 17:36,50
23/06/2023 17:51,63
23/06/2023 18:06,60
23/06/2023 18:20,52
23/06/2023 18:35,45
23/06/2023 18:50,32
23/06/2023 19:05,30
23/06/2023 19:20,34
23/06/2023 19:35,34
23/06/2023 19:49,33
23/06/2023 20:04,30
23/06/2023 20:19,46
23/06/2023 20:34,48
23/06/2023 20:49,40
23/06/2023 21:04,30
23/06/2023 21:18,28
23/06/2023 21:33,25
23/06/2023 21:48,22
23/06/2023 23:02,12
24/06/2023 00:02,5
24/06/2023 00:16,4
24/06/2023 00:31,4
24/06/2023 01:16,0
24/06/2023 01:31,0
24/06/2023 01:45,0
24/06/2023 02:00,0
24/06/2023 02:15,0
24/06/2023 04:21,0
24/06/2023 04:50,0
24/06/2023 04:57,0
24/06/2023 05:11,0
24/06/2023 05:41,1
24/06/2023 05:56,3
24/06/2023 06:11,5
24/06/2023 06:26,6
24/06/2023 06:40,8
24/06/2023 06:55,18
24/06/2023 07:10,28
24/06/2023 07:25,52
24/06/2023 07:40,75
24/06/2023 07:55,76
24/06/2023 08:09,30
24/06/2023 08:24,15
24/06/2023 08:39,21
24/06/2023 08:54,58
24/06/2023 09:09,42
24/06/2023 09:24,50
24/06/2023 09:38,50
24/06/2023 09:53,57
24/06/2023 10:08,62
24/06/2023 10:23,135
24/06/2023 10:38,119
24/06/2023 10:53,141
24/06/2023 11:07,180
24/06/2023 11:22,125
24/06/2023 11:37,117
24/06/2023 11:52,107
24/06/2023 12:07,203
24/06/2023 12:22,113
24/06/2023 12:36,168
24/06/2023 12:51,214
24/06/2023 13:06,272
24/06/2023 13:21,139
24/06/2023 13:36,154
24/06/2023 13:51,360
24/06/2023 14:05,408
24/06/2023 14:20,241
24/06/2023 14:35,285
24/06/2023 14:50,251
24/06/2023 15:05,321
24/06/2023 15:20,287
24/06/2023 15:34,325
24/06/2023 15:49,224
24/06/2023 15:55,289
24/06/2023 16:10,326
24/06/2023 16:25,129
24/06/2023 16:40,74
24/06/2023 16:55,111
24/06/2023 17:09,92
24/06/2023 17:24,72
24/06/2023 17:39,61
24/06/2023 17:54,75
24/06/2023 18:09,31
24/06/2023 18:23,43
24/06/2023 18:38,103
24/06/2023 18:53,111
24/06/2023 19:08,85
24/06/2023 19:23,51
24/06/2023 19:38,74
24/06/2023 19:52,47
24/06/2023 20:07,71
24/06/2023 20:22,39
24/06/2023 20:37,34
24/06/2023 20:52,19
24/06/2023 21:07,20
24/06/2023 21:21,16
24/06/2023 21:36,24
24/06/2023 21:51,28
24/06/2023 22:06,13
24/06/2023 22:21,19
24/06/2023 22:36,22
24/06/2023 22:50,11
25/06/2023 05:24,1
25/06/2023 05:39,2
25/06/2023 05:54,5
25/06/2023 06:09,9
25/06/2023 06:54,11
25/06/2023 07:09,21
25/06/2023 07:24,23
25/06/2023 07:39,38
25/06/2023 07:54,55
25/06/2023 08:09,59
25/06/2023 08:23,59
25/06/2023 08:38,76
25/06/2023 08:53,80
25/06/2023 09:08,73
25/06/2023 09:23,92
25/06/2023 09:38,133
25/06/2023 09:52,136
25/06/2023 10:07,181
25/06/2023 10:22,174
25/06/2023 10:37,155
25/06/2023 10:52,161
25/06/2023 11:06,173
25/06/2023 11:21,169
25/06/2023 11:36,195
25/06/2023 11:51,195
25/06/2023 12:06,141
25/06/2023 12:21,113
25/06/2023 12:50,85
25/06/2023 13:05,96
25/06/2023 13:20,129
25/06/2023 13:35,146
25/06/2023 13:50,134
25/06/2023 14:04,104
25/06/2023 14:19,120
25/06/2023 14:34,153
25/06/2023 14:49,146
25/06/2023 15:04,97
25/06/2023 15:19,94
25/06/2023 15:33,85
25/06/2023 15:48,94
25/06/2023 16:03,108
25/06/2023 16:18,139
25/06/2023 16:33,171
25/06/2023 16:48,120
25/06/2023 17:02,95
25/06/2023 17:17,71
25/06/2023 17:32,89
25/06/2023 17:47,98
25/06/2023 18:02,84
25/06/2023 18:17,62
25/06/2023 18:31,69
25/06/2023 18:46,68
25/06/2023 19:01,53
25/06/2023 19:16,53
25/06/2023 19:31,48
25/06/2023 19:46,24
25/06/2023 20:00,29
25/06/2023 20:15,27
25/06/2023 20:30,34
25/06/2023 20:45,22
25/06/2023 21:00,14
25/06/2023 21:15,22
25/06/2023 21:29,41
25/06/2023 21:44,33
25/06/2023 21:47,26
25/06/2023 22:01,20
25/06/2023 22:16,20
25/06/2023 22:18,22
25/06/2023 22:33,24
25/06/2023 22:48,32
25/06/2023 22:49,22
25/06/2023 23:04,18
25/06/2023 23:19,23
25/06/2023 23:34,26
26/06/2023 00:03,20
26/06/2023 00:04,19
26/06/2023 00:19,20
26/06/2023 00:34,19
26/06/2023 01:19,2
26/06/2023 01:20,2
26/06/2023 01:49,0
26/06/2023 02:04,0
26/06/2023 02:19,0
26/06/2023 02:34,0
26/06/2023 02:48,0
26/06/2023 03:03,0
26/06/2023 03:18,0
26/06/2023 03:48,0
26/06/2023 04:03,0
26/06/2023 04:17,0
26/06/2023 04:32,0
26/06/2023 04:47,0
26/06/2023 05:02,0
26/06/2023 05:17,1
26/06/2023 05:32,2
26/06/2023 05:46,2
26/06/2023 06:01,3
26/06/2023 06:16,4
26/06/2023 06:31,5
26/06/2023 06:46,9
26/06/2023 07:01,16
26/06/2023 07:15,30
26/06/2023 07:30,37
26/06/2023 07:45,46
26/06/2023 08:00,39
26/06/2023 08:15,58
26/06/2023 08:30,84
26/06/2023 08:44,69
26/06/2023 08:51,75
26/06/2023 09:06,83
26/06/2023 09:21,75
26/06/2023 09:36,79
26/06/2023 09:50,74
26/06/2023 10:05,45
26/06/2023 10:20,104
26/06/2023 10:35,92
26/06/2023 10:50,60
26/06/2023 11:19,243
26/06/2023 11:34,252
26/06/2023 11:49,162
26/06/2023 12:04,217
26/06/2023 12:19,167
26/06/2023 12:34,391
26/06/2023 12:48,329
26/06/2023 13:03,210
26/06/2023 13:18,218
26/06/2023 13:33,194
26/06/2023 13:48,147
26/06/2023 14:03,136
26/06/2023 14:17,130
26/06/2023 14:32,200
26/06/2023 14:47,379
26/06/2023 15:02,203
26/06/2023 15:17,49
26/06/2023 15:31,67
26/06/2023 15:46,58
26/06/2023 16:01,249
26/06/2023 16:16,388
26/06/2023 16:31,415
26/06/2023 16:46,122
26/06/2023 17:00,550
26/06/2023 17:15,625
26/06/2023 17:30,456
26/06/2023 17:45,407
26/06/2023 17:47,661
26/06/2023 18:02,582
26/06/2023 18:17,433
26/06/2023 18:31,325
26/06/2023 18:46,385
26/06/2023 19:01,323
26/06/2023 19:16,376
26/06/2023 19:31,496
26/06/2023 19:45,305
26/06/2023 20:00,409
26/06/2023 20:15,359
26/06/2023 20:30,324
26/06/2023 20:45,334
26/06/2023 21:00,162
26/06/2023 21:14,139
26/06/2023 21:29,131
26/06/2023 21:44,110
26/06/2023 21:59,92
26/06/2023 22:14,73
26/06/2023 22:29,106
26/06/2023 22:43,135
26/06/2023 22:58,88
26/06/2023 23:13,29
26/06/2023 23:28,16
26/06/2023 23:43,21
26/06/2023 23:58,22
27/06/2023 00:27,17
27/06/2023 00:42,12
27/06/2023 00:57,7
27/06/2023 01:12,4
27/06/2023 01:41,2
27/06/2023 01:56,1
27/06/2023 02:11,1
27/06/2023 02:26,0
27/06/2023 02:41,0
27/06/2023 02:56,0
27/06/2023 03:10,0
27/06/2023 03:25,0
27/06/2023 03:40,0
27/06/2023 03:55,0
27/06/2023 04:10,0
27/06/2023 04:25,0
27/06/2023 04:39,0
27/06/2023 04:54,1
27/06/2023 05:09,1
27/06/2023 05:24,3
27/06/2023 05:39,5
27/06/2023 05:54,6
27/06/2023 06:08,9
27/06/2023 06:23,8
27/06/2023 06:38,11
27/06/2023 06:53,21
27/06/2023 07:08,26
27/06/2023 07:23,37
27/06/2023 07:37,67
27/06/2023 07:52,71
27/06/2023 08:07,90
27/06/2023 08:22,112
27/06/2023 08:37,105
27/06/2023 08:52,102
27/06/2023 08:56,105
27/06/2023 09:11,102
27/06/2023 09:26,135
27/06/2023 09:40,173
27/06/2023 09:55,217
27/06/2023 10:10,233
27/06/2023 10:25,184
27/06/2023 10:40,118
27/06/2023 10:54,139
27/06/2023 11:09,189
27/06/2023 11:24,185
27/06/2023 11:39,235
27/06/2023 11:54,381
27/06/2023 12:09,307
27/06/2023 12:23,133
27/06/2023 12:38,124
27/06/2023 12:53,354
27/06/2023 13:08,265
27/06/2023 13:23,194
27/06/2023 13:37,220
27/06/2023 13:52,194
27/06/2023 14:07,220
27/06/2023 14:22,253
27/06/2023 14:37,261
27/06/2023 14:51,181
27/06/2023 15:06,114
27/06/2023 15:21,166
27/06/2023 15:36,223
27/06/2023 15:51,159
27/06/2023 16:06,136
27/06/2023 16:20,144
27/06/2023 16:35,122
27/06/2023 16:50,137
27/06/2023 17:05,129
27/06/2023 17:20,87
27/06/2023 17:35,67
27/06/2023 17:49,56
27/06/2023 18:04,46
27/06/2023 18:19,90
27/06/2023 18:34,118
27/06/2023 18:49,91
27/06/2023 18:53,88
27/06/2023 19:08,99
27/06/2023 19:22,107
27/06/2023 19:37,122
27/06/2023 19:52,92
27/06/2023 20:07,75
27/06/2023 20:22,81
27/06/2023 20:37,85
27/06/2023 20:51,47
27/06/2023 21:06,25
27/06/2023 21:21,18
27/06/2023 21:51,18
27/06/2023 22:05,11
27/06/2023 22:20,6
27/06/2023 22:25,5
27/06/2023 22:40,5
27/06/2023 22:55,4
27/06/2023 23:10,5
27/06/2023 23:25,5
27/06/2023 23:40,7
27/06/2023 23:54,9
28/06/2023 00:09,7
28/06/2023 00:12,4
28/06/2023 00:27,3
28/06/2023 00:42,3
28/06/2023 00:57,3
28/06/2023 01:12,3
28/06/2023 01:27,2
28/06/2023 01:41,1
28/06/2023 01:56,0
28/06/2023 02:11,0
28/06/2023 02:26,0
28/06/2023 02:41,0
28/06/2023 02:56,0
28/06/2023 03:10,0
28/06/2023 03:25,0
28/06/2023 03:40,0
28/06/2023 03:55,0
28/06/2023 04:10,0
28/06/2023 04:25,0
28/06/2023 04:39,0
28/06/2023 04:54,0
28/06/2023 05:09,1
28/06/2023 05:24,1
28/06/2023 05:39,1
28/06/2023 05:54,3
28/06/2023 06:23,6
28/06/2023 06:38,7
28/06/2023 06:53,11
28/06/2023 07:08,20
28/06/2023 07:22,21
28/06/2023 07:37,29
28/06/2023 07:52,33
28/06/2023 08:07,21
28/06/2023 08:22,29
28/06/2023 08:37,35
28/06/2023 08:51,50
28/06/2023 09:06,83
28/06/2023 09:21,84
28/06/2023 09:36,101
28/06/2023 09:51,106
28/06/2023 10:06,98
28/06/2023 10:20,126
28/06/2023 10:35,169
28/06/2023 10:50,401
28/06/2023 11:05,460
28/06/2023 11:20,539
28/06/2023 11:35,476
28/06/2023 11:49,531
28/06/2023 12:04,576
28/06/2023 12:19,248
28/06/2023 12:34,594
28/06/2023 12:49,632
28/06/2023 13:04,714
28/06/2023 13:18,437
28/06/2023 13:33,80
28/06/2023 13:48,181
28/06/2023 14:03,174
28/06/2023 14:18,261
28/06/2023 14:33,305
28/06/2023 14:47,419
28/06/2023 15:02,672
28/06/2023 15:17,361
28/06/2023 15:32,289
28/06/2023 15:47,475
28/06/2023 16:02,334
28/06/2023 16:16,329
28/06/2023 16:31,441
28/06/2023 16:46,745
28/06/2023 17:01,223
28/06/2023 17:16,219
28/06/2023 17:31,151
28/06/2023 17:45,167
28/06/2023 18:00,150
28/06/2023 18:15,139
28/06/2023 18:30,175
28/06/2023 18:45,134
28/06/2023 19:00,174
28/06/2023 19:14,227
28/06/2023 19:29,184
28/06/2023 19:44,106
28/06/2023 19:59,249
28/06/2023 20:14,192
28/06/2023 20:28,52
28/06/2023 20:43,36
28/06/2023 21:13,21
28/06/2023 21:28,17
28/06/2023 21:43,21
28/06/2023 21:57,30
28/06/2023 22:12,40
28/06/2023 22:27,54
28/06/2023 22:42,39
28/06/2023 22:57,38
28/06/2023 23:12,29
28/06/2023 23:26,32
28/06/2023 23:56,60
29/06/2023 00:10,40
29/06/2023 00:25,33
29/06/2023 00:27,19
29/06/2023 00:42,17
29/06/2023 00:57,14
29/06/2023 01:12,10
29/06/2023 01:13,9
29/06/2023 01:28,6
29/06/2023 01:43,2
29/06/2023 01:58,1
29/06/2023 02:13,1
29/06/2023 02:27,1
29/06/2023 02:42,0
29/06/2023 02:57,0
29/06/2023 03:12,0
29/06/2023 03:27,0
29/06/2023 03:41,0
29/06/2023 03:56,0
29/06/2023 04:11,0
29/06/2023 04:26,0
29/06/2023 04:41,0
29/06/2023 04:55,0
29/06/2023 04:57,0
29/06/2023 05:12,0
29/06/2023 05:26,1
29/06/2023 05:41,1
29/06/2023 05:56,2
29/06/2023 06:11,5
29/06/2023 06:15,9
29/06/2023 06:30,14
29/06/2023 06:45,19
29/06/2023 06:59,19
29/06/2023 07:14,17
29/06/2023 07:29,23
29/06/2023 07:44,37
29/06/2023 07:59,48
29/06/2023 08:14,52
29/06/2023 08:28,51
29/06/2023 08:43,55
29/06/2023 08:58,51
29/06/2023 09:13,62
29/06/2023 09:28,80
29/06/2023 09:43,102
29/06/2023 09:57,92
29/06/2023 10:12,53
29/06/2023 10:27,65
29/06/2023 10:42,105
29/06/2023 10:57,106
29/06/2023 11:12,99
29/06/2023 11:26,124
29/06/2023 11:41,73
29/06/2023 11:56,84
29/06/2023 12:11,77
29/06/2023 12:26,55
29/06/2023 12:41,104
29/06/2023 12:55,85
29/06/2023 13:10,97
29/06/2023 13:25,102
29/06/2023 13:40,101
29/06/2023 13:55,81
29/06/2023 14:10,81
29/06/2023 14:24,69
29/06/2023 14:39,64
29/06/2023 14:54,61
29/06/2023 15:09,106
29/06/2023 15:24,120
29/06/2023 15:39,130
29/06/2023 15:53,78
29/06/2023 16:08,46
29/06/2023 16:23,70
29/06/2023 16:38,69
29/06/2023 16:53,63
29/06/2023 17:08,85
29/06/2023 17:22,75
29/06/2023 17:37,61
29/06/2023 17:52,49
29/06/2023 18:07,51
29/06/2023 18:22,51
29/06/2023 18:37,68
29/06/2023 18:51,74
29/06/2023 19:21,66
29/06/2023 19:36,87
29/06/2023 19:51,87
29/06/2023 20:05,61
29/06/2023 20:20,59
29/06/2023 20:35,111
29/06/2023 20:50,86
29/06/2023 21:05,53
29/06/2023 21:20,66
29/06/2023 21:34,63
29/06/2023 21:49,125
29/06/2023 22:04,90
29/06/2023 22:19,102
29/06/2023 22:34,186
29/06/2023 23:03,46
29/06/2023 23:18,29
29/06/2023 23:33,21
29/06/2023 23:48,10
30/06/2023 00:03,8
30/06/2023 00:18,5
30/06/2023 00:32,4
30/06/2023 00:47,4
30/06/2023 01:02,3
30/06/2023 01:17,2
30/06/2023 01:32,2
30/06/2023 01:47,1
30/06/2023 02:01,1
30/06/2023 02:16,0
30/06/2023 02:31,0
30/06/2023 02:46,0
30/06/2023 03:01,0
30/06/2023 03:16,0
30/06/2023 03:30,0
30/06/2023 03:45,0
30/06/2023 04:00,0
30/06/2023 04:15,0
30/06/2023 04:30,0
30/06/2023 04:45,0
30/06/2023 04:59,1
30/06/2023 05:14,1
30/06/2023 05:29,1
30/06/2023 05:44,3
30/06/2023 05:59,4
30/06/2023 06:14,6
30/06/2023 06:28,6
30/06/2023 06:43,9
30/06/2023 06:58,14
30/06/2023 07:13,22
30/06/2023 07:28,36
30/06/2023 07:42,53
30/06/2023 07:57,57
30/06/2023 08:12,57
30/06/2023 08:27,71
30/06/2023 08:42,90
30/06/2023 08:57,75
30/06/2023 09:11,86
30/06/2023 09:26,111
30/06/2023 09:56,104
30/06/2023 10:11,167
30/06/2023 10:26,200
30/06/2023 10:40,230
30/06/2023 10:55,242
30/06/2023 11:10,291
30/06/2023 11:25,358
30/06/2023 11:40,396
30/06/2023 11:55,275
30/06/2023 12:09,247
30/06/2023 12:24,241
30/06/2023 12:39,260
30/06/2023 12:54,239
30/06/2023 13:09,225
30/06/2023 13:24,250
30/06/2023 13:38,187
30/06/2023 13:42,177
30/06/2023 13:57,155
30/06/2023 14:12,125
30/06/2023 14:27,136
30/06/2023 14:41,342
30/06/2023 14:56,381
30/06/2023 15:11,405
30/06/2023 15:26,396
30/06/2023 15:41,324
30/06/2023 15:56,573
30/06/2023 16:10,446
30/06/2023 16:25,350
30/06/2023 16:40,171
30/06/2023 16:55,107
30/06/2023 17:10,51
30/06/2023 17:25,49
30/06/2023 17:39,98
30/06/2023 17:54,147
30/06/2023 18:09,176
30/06/2023 18:24,58
30/06/2023 18:39,113
30/06/2023 18:54,206
30/06/2023 19:08,236
30/06/2023 19:23,315
30/06/2023 19:38,243
30/06/2023 19:53,206
30/06/2023 20:08,254
30/06/2023 20:23,294
30/06/2023 20:37,350
30/06/2023 20:52,323
30/06/2023 21:07,225
30/06/2023 21:22,120
30/06/2023 21:37,60
30/06/2023 21:52,47
30/06/2023 22:06,53
30/06/2023 22:21,72
30/06/2023 22:36,57
30/06/2023 22:51,65
30/06/2023 23:06,67
30/06/2023 23:21,77
30/06/2023 23:35,63
30/06/2023 23:50,62
01/07/2023 00:05,49
01/07/2023 00:20,26
01/07/2023 00:22,21
01/07/2023 00:37,17
01/07/2023 00:52,9
01/07/2023 01:07,7
01/07/2023 01:22,4
01/07/2023 01:37,3
01/07/2023 01:51,2
01/07/2023 02:06,1
01/07/2023 02:21,0
01/07/2023 02:36,0
01/07/2023 02:51,0
01/07/2023 03:06,0
01/07/2023 03:20,0
01/07/2023 03:35,0
01/07/2023 03:50,0
01/07/2023 04:05,0
01/07/2023 04:20,0
01/07/2023 04:35,1
01/07/2023 04:49,1
01/07/2023 05:04,1
01/07/2023 05:19,2
01/07/2023 05:34,4
01/07/2023 05:49,6
01/07/2023 06:04,8
01/07/2023 06:18,10
01/07/2023 06:33,10
01/07/2023 06:48,11
01/07/2023 07:03,20
01/07/2023 07:18,25
01/07/2023 07:33,34
01/07/2023 07:47,42
01/07/2023 07:50,46
01/07/2023 08:05,47
01/07/2023 08:19,61
01/07/2023 08:34,47
01/07/2023 08:49,43
01/07/2023 09:04,58
01/07/2023 09:19,83
01/07/2023 09:34,124
01/07/2023 09:48,146
01/07/2023 10:03,141
01/07/2023 10:18,120
01/07/2023 10:33,90
01/07/2023 10:48,114
01/07/2023 11:03,120
01/07/2023 11:17,159
01/07/2023 11:32,182
01/07/2023 11:47,210
01/07/2023 12:02,317
01/07/2023 12:17,277
01/07/2023 12:32,217
01/07/2023 12:46,204
01/07/2023 13:01,159
01/07/2023 13:16,133
01/07/2023 13:31,227
01/07/2023 13:46,339
01/07/2023 14:01,370
01/07/2023 14:15,407
01/07/2023 14:45,422
01/07/2023 15:00,577
01/07/2023 15:15,288
01/07/2023 15:30,120
01/07/2023 15:44,84
01/07/2023 15:59,82
01/07/2023 16:14,233
01/07/2023 16:29,698
01/07/2023 16:44,599
01/07/2023 16:59,786
01/07/2023 17:13,795
01/07/2023 17:28,686
01/07/2023 17:43,467
01/07/2023 17:58,497
01/07/2023 18:13,654
01/07/2023 18:28,441
01/07/2023 18:42,376
01/07/2023 18:57,435
01/07/2023 19:12,407
01/07/2023 19:27,363
01/07/2023 19:42,267
01/07/2023 19:57,274
01/07/2023 20:11,256
01/07/2023 20:26,252
01/07/2023 20:41,258
01/07/2023 20:56,195
01/07/2023 21:11,186
01/07/2023 21:25,174
01/07/2023 21:55,189
01/07/2023 22:10,169
01/07/2023 22:25,119
01/07/2023 22:40,64
01/07/2023 22:54,37
01/07/2023 23:09,21
01/07/2023 23:24,18
01/07/2023 23:39,22
01/07/2023 23:54,21
02/07/2023 00:09,17
02/07/2023 00:23,15
02/07/2023 00:38,11
02/07/2023 00:53,11
02/07/2023 01:08,15
02/07/2023 01:23,12
02/07/2023 01:38,6
02/07/2023 01:52,3
02/07/2023 02:07,2
02/07/2023 02:22,2
02/07/2023 02:37,1
02/07/2023 02:52,0
02/07/2023 04:06,0
02/07/2023 04:21,0
02/07/2023 04:36,0
02/07/2023 04:50,1
02/07/2023 05:05,1
02/07/2023 05:20,1
02/07/2023 05:35,4
02/07/2023 05:50,5
02/07/2023 06:05,5
02/07/2023 06:19,5
02/07/2023 06:34,6
02/07/2023 06:49,6
02/07/2023 07:04,12
02/07/2023 07:19,10
02/07/2023 07:34,11
02/07/2023 07:48,18
02/07/2023 08:03,34
02/07/2023 08:18,63
02/07/2023 08:33,35
02/07/2023 08:48,30
02/07/2023 09:03,45
02/07/2023 09:17,115
02/07/2023 09:32,176
02/07/2023 09:47,149
02/07/2023 10:02,184
02/07/2023 10:17,201
02/07/2023 10:32,221
02/07/2023 10:46,227
02/07/2023 11:01,230
02/07/2023 11:16,157
02/07/2023 11:31,115
02/07/2023 11:46,140
02/07/2023 12:00,151
02/07/2023 12:15,172
02/07/2023 12:22,193
02/07/2023 12:37,233
02/07/2023 12:52,251
02/07/2023 13:21,189
02/07/2023 13:36,232
02/07/2023 13:51,258
02/07/2023 14:06,272
02/07/2023 14:21,306
02/07/2023 14:36,395
02/07/2023 14:50,298
02/07/2023 15:05,355
02/07/2023 15:08,526
02/07/2023 15:23,622
02/07/2023 15:37,747
02/07/2023 15:42,867
02/07/2023 15:57,732
02/07/2023 16:12,504
02/07/2023 16:27,515
02/07/2023 16:42,285
02/07/2023 16:57,320
02/07/2023 17:11,368
02/07/2023 17:26,316
02/07/2023 17:41,233
02/07/2023 17:56,270
02/07/2023 18:11,278
02/07/2023 18:26,229
02/07/2023 18:40,242
02/07/2023 18:55,336
02/07/2023 19:10,400
02/07/2023 19:25,274
02/07/2023 19:40,218
02/07/2023 19:55,207
02/07/2023 20:09,161
02/07/2023 20:24,116
02/07/2023 20:39,117
02/07/2023 20:54,81
02/07/2023 21:09,91
02/07/2023 21:23,82
02/07/2023 21:38,72
02/07/2023 21:53,56
02/07/2023 22:08,55
02/07/2023 22:23,47
02/07/2023 22:38,39
02/07/2023 22:52,42
02/07/2023 23:07,71
02/07/2023 23:22,76
02/07/2023 23:37,58
02/07/2023 23:52,38
03/07/2023 00:07,25
03/07/2023 00:21,39
03/07/2023 00:36,31
03/07/2023 00:51,27
03/07/2023 01:06,26
03/07/2023 01:21,18
03/07/2023 01:36,10
03/07/2023 01:50,5
03/07/2023 02:05,2
03/07/2023 02:20,1
03/07/2023 02:35,1
03/07/2023 02:50,0
03/07/2023 03:05,0
03/07/2023 03:19,0
03/07/2023 03:34,0
03/07/2023 03:37,0
03/07/2023 03:52,0
03/07/2023 04:07,0
03/07/2023 04:22,0
03/07/2023 04:37,1
03/07/2023 04:52,1
03/07/2023 05:06,2
03/07/2023 05:21,2
03/07/2023 05:36,4
03/07/2023 05:51,6
03/07/2023 06:06,10
03/07/2023 06:21,12
03/07/2023 06:35,15
03/07/2023 06:50,20
03/07/2023 07:05,27
03/07/2023 07:20,35
03/07/2023 07:35,48
03/07/2023 07:50,57
03/07/2023 08:04,61
03/07/2023 08:19,59
03/07/2023 08:34,55
03/07/2023 08:49,66
03/07/2023 09:04,92
03/07/2023 09:18,108
03/07/2023 09:33,96
03/07/2023 09:48,75
03/07/2023 10:03,65
03/07/2023 10:18,72
03/07/2023 10:33,94
03/07/2023 10:47,229
03/07/2023 11:02,259
03/07/2023 11:17,292
03/07/2023 11:32,339
03/07/2023 11:47,322
03/07/2023 12:02,325
03/07/2023 12:16,437
03/07/2023 12:31,490
03/07/2023 12:46,555
03/07/2023 13:01,560
03/07/2023 13:16,736
03/07/2023 13:17,703
03/07/2023 13:32,621
03/07/2023 13:47,480
03/07/2023 14:01,464
03/07/2023 14:16,604
03/07/2023 14:31,817
03/07/2023 14:46,781
03/07/2023 15:01,807
03/07/2023 15:16,614
03/07/2023 15:30,672
03/07/2023 15:45,741
03/07/2023 16:00,727
03/07/2023 16:15,734
03/07/2023 16:30,758
03/07/2023 16:45,765
03/07/2023 16:59,902
03/07/2023 17:14,957
03/07/2023 17:15,376
03/07/2023 17:30,563
03/07/2023 17:45,423
03/07/2023 18:00,539
03/07/2023 18:15,720
03/07/2023 18:29,703
03/07/2023 18:44,712
03/07/2023 18:59,579
03/07/2023 19:14,592
03/07/2023 19:29,688
03/07/2023 19:44,579
03/07/2023 19:58,444
03/07/2023 20:13,503
03/07/2023 20:28,465
03/07/2023 20:43,450
03/07/2023 20:58,473
03/07/2023 21:13,318
03/07/2023 21:27,371
03/07/2023 21:42,349
03/07/2023 21:57,271
03/07/2023 22:12,138
03/07/2023 22:27,299
03/07/2023 22:42,289
03/07/2023 22:56,156
03/07/2023 23:11,114
03/07/2023 23:26,115
03/07/2023 23:41,75
03/07/2023 23:56,46
04/07/2023 00:11,41
04/07/2023 00:25,52
04/07/2023 00:40,23
04/07/2023 00:55,19
04/07/2023 01:10,14
04/07/2023 01:25,8
04/07/2023 01:39,4
04/07/2023 01:54,2
04/07/2023 02:09,2
04/07/2023 02:24,1
04/07/2023 02:39,0
04/07/2023 02:54,0
04/07/2023 03:08,0
04/07/2023 03:23,0
04/07/2023 03:38,0
04/07/2023 03:53,0
04/07/2023 04:08,0
04/07/2023 04:23,1
04/07/2023 04:37,1
04/07/2023 04:52,2
04/07/2023 05:07,2
04/07/2023 05:22,3
04/07/2023 05:37,6
04/07/2023 05:52,10
04/07/2023 06:06,12
04/07/2023 06:21,17
04/07/2023 06:36,24
04/07/2023 06:51,38
04/07/2023 07:06,58
04/07/2023 07:21,44
04/07/2023 07:35,29
04/07/2023 07:50,27
04/07/2023 08:05,30
04/07/2023 08:20,29
04/07/2023 08:35,29
04/07/2023 08:50,30
04/07/2023 09:04,32
04/07/2023 09:19,33
04/07/2023 09:34,34
04/07/2023 09:49,35
04/07/2023 10:04,35
04/07/2023 10:19,36
04/07/2023 10:33,37
04/07/2023 10:48,352
04/07/2023 11:03,411
04/07/2023 11:18,434
04/07/2023 11:33,479
04/07/2023 11:48,509
04/07/2023 12:02,544
04/07/2023 12:17,568
04/07/2023 12:32,548
04/07/2023 12:35,555
04/07/2023 12:50,645
04/07/2023 13:05,615
04/07/2023 13:20,714
04/07/2023 13:34,605
04/07/2023 13:49,637
04/07/2023 14:04,845
04/07/2023 14:19,669
04/07/2023 14:34,754
04/07/2023 14:49,394
04/07/2023 15:03,245
04/07/2023 15:18,590
04/07/2023 15:33,411
04/07/2023 15:48,218
04/07/2023 16:03,220
04/07/2023 16:17,340
04/07/2023 16:32,551
04/07/2023 16:34,838
04/07/2023 16:49,976
04/07/2023 17:04,908
04/07/2023 17:19,827
04/07/2023 17:34,715
04/07/2023 17:49,666
04/07/2023 18:03,775
04/07/2023 18:18,666
04/07/2023 18:33,606
04/07/2023 18:48,275
04/07/2023 19:03,289
04/07/2023 19:18,264
04/07/2023 19:32,409
04/07/2023 19:47,361
04/07/2023 20:02,411
04/07/2023 20:17,468
04/07/2023 20:32,371
04/07/2023 20:46,180
04/07/2023 21:01,140
04/07/2023 21:16,128
04/07/2023 21:31,132
04/07/2023 21:46,176
04/07/2023 22:01,296
04/07/2023 22:15,260
04/07/2023 22:30,234
04/07/2023 22:45,222
04/07/2023 23:00,157
04/07/2023 23:15,87
04/07/2023 23:30,52
04/07/2023 23:44,48
04/07/2023 23:59,39
05/07/2023 00:14,64
05/07/2023 00:29,52
05/07/2023 00:44,24
05/07/2023 00:59,16
05/07/2023 01:13,12
05/07/2023 01:28,7
05/07/2023 01:43,5
05/07/2023 01:58,3
05/07/2023 02:13,2
05/07/2023 02:28,1
05/07/2023 02:42,1
05/07/2023 02:57,0
05/07/2023 03:12,0
05/07/2023 03:27,0
05/07/2023 03:42,0
05/07/2023 03:57,0
05/07/2023 04:11,0
05/07/2023 04:26,0
05/07/2023 04:41,0
05/07/2023 04:56,1
05/07/2023 05:11,2
05/07/2023 05:26,3
05/07/2023 05:40,5
05/07/2023 05:55,8
05/07/2023 06:10,12
05/07/2023 06:25,17
05/07/2023 06:40,27
05/07/2023 07:09,34
05/07/2023 07:24,28
05/07/2023 07:39,24
05/07/2023 07:54,25
05/07/2023 08:09,26
05/07/2023 08:24,27
05/07/2023 08:38,30
05/07/2023 08:53,35
05/07/2023 09:08,31
05/07/2023 09:23,33
05/07/2023 09:38,33
05/07/2023 09:52,34
05/07/2023 10:07,35
05/07/2023 10:22,36
05/07/2023 10:37,79
05/07/2023 10:52,383
05/07/2023 11:07,418
05/07/2023 11:21,460
05/07/2023 11:36,473
05/07/2023 11:51,421
05/07/2023 12:06,265
05/07/2023 12:21,473
05/07/2023 12:36,656
05/07/2023 12:37,861
05/07/2023 12:52,693
05/07/2023 13:06,648
05/07/2023 13:21,761
05/07/2023 13:36,661
05/07/2023 13:51,284
05/07/2023 14:06,252
05/07/2023 14:21,255
05/07/2023 14:35,206
05/07/2023 14:50,173
05/07/2023 14:57,522
05/07/2023 15:12,530
05/07/2023 15:27,375
05/07/2023 15:41,292
05/07/2023 15:56,527
05/07/2023 16:11,654
05/07/2023 16:26,785
05/07/2023 16:41,839
05/07/2023 16:56,847
05/07/2023 17:10,846
05/07/2023 17:25,804
05/07/2023 17:40,789
05/07/2023 17:55,778
05/07/2023 18:10,741
05/07/2023 18:25,726
05/07/2023 18:39,710
05/07/2023 18:54,689
05/07/2023 19:09,680
05/07/2023 19:24,623
05/07/2023 19:39,646
05/07/2023 19:54,546
05/07/2023 20:08,417
05/07/2023 20:23,479
05/07/2023 20:38,429
05/07/2023 20:53,516
05/07/2023 21:08,544
05/07/2023 21:23,377
05/07/2023 21:37,344
05/07/2023 21:52,326
05/07/2023 22:07,285
05/07/2023 22:22,248
05/07/2023 22:37,213
05/07/2023 22:52,183
05/07/2023 23:06,154
05/07/2023 23:21,129
05/07/2023 23:36,108
05/07/2023 23:51,88
06/07/2023 00:06,71
06/07/2023 00:21,56
06/07/2023 00:35,35
06/07/2023 00:50,13
06/07/2023 01:05,11
06/07/2023 01:20,8
06/07/2023 01:35,6
06/07/2023 01:49,4
06/07/2023 02:04,2
06/07/2023 02:19,1
06/07/2023 02:34,1
06/07/2023 02:49,0
06/07/2023 03:04,0
06/07/2023 03:18,0
06/07/2023 03:33,0
06/07/2023 03:48,0
06/07/2023 04:03,0
06/07/2023 04:18,0
06/07/2023 04:33,1
06/07/2023 04:47,1
06/07/2023 05:02,2
06/07/2023 05:17,3
06/07/2023 05:32,4
06/07/2023 05:47,6
06/07/2023 06:02,8
06/07/2023 06:16,10
06/07/2023 06:31,12
06/07/2023 06:46,14
06/07/2023 07:03,17
06/07/2023 07:17,18
06/07/2023 07:32,20
06/07/2023 07:47,22
06/07/2023 08:02,24
06/07/2023 08:17,25
06/07/2023 08:32,26
06/07/2023 08:46,27
06/07/2023 09:01,28
06/07/2023 09:16,30
06/07/2023 09:31,31
06/07/2023 09:46,32
06/07/2023 10:01,33
06/07/2023 10:15,34
06/07/2023 10:30,36
06/07/2023 10:45,253
06/07/2023 11:00,395
06/07/2023 11:15,430
06/07/2023 11:30,463
06/07/2023 11:59,526
06/07/2023 12:14,557
06/07/2023 12:29,587
06/07/2023 12:44,617
06/07/2023 12:59,641
06/07/2023 13:13,666
06/07/2023 13:28,690
06/07/2023 13:43,711
06/07/2023 13:58,737
06/07/2023 14:13,619
06/07/2023 14:28,558
06/07/2023 14:42,331
06/07/2023 14:57,430
06/07/2023 15:12,381
06/07/2023 15:27,404
06/07/2023 15:42,323
06/07/2023 15:57,760
06/07/2023 16:11,881
06/07/2023 16:26,897
06/07/2023 16:41,899
06/07/2023 16:56,736
06/07/2023 17:11,767
06/07/2023 17:25,481
06/07/2023 17:40,410
06/07/2023 17:55,583
06/07/2023 18:10,532
06/07/2023 18:25,545
06/07/2023 18:40,481
06/07/2023 18:54,165
06/07/2023 19:09,410
06/07/2023 19:24,500
06/07/2023 19:39,348
06/07/2023 19:54,163
06/07/2023 20:09,412
06/07/2023 20:23,502
06/07/2023 20:38,490
06/07/2023 20:53,468
06/07/2023 21:08,430
06/07/2023 21:23,415
06/07/2023 21:38,383
06/07/2023 21:52,325
06/07/2023 22:07,336
06/07/2023 22:22,314
06/07/2023 22:37,274
06/07/2023 22:52,225
06/07/2023 23:07,186
06/07/2023 23:36,47
06/07/2023 23:40,39
06/07/2023 23:55,31
07/07/2023 00:10,21
07/07/2023 00:25,22
07/07/2023 00:40,21
07/07/2023 00:54,19
07/07/2023 01:09,16
07/07/2023 02:09,3
07/07/2023 02:23,2
07/07/2023 02:53,0
07/07/2023 03:08,0
07/07/2023 03:23,0
07/07/2023 03:38,0
07/07/2023 04:07,0
07/07/2023 04:11,0
07/07/2023 04:25,0
07/07/2023 04:40,1
07/07/2023 04:55,1
07/07/2023 05:10,2
07/07/2023 05:25,3
07/07/2023 05:40,5
07/07/2023 05:54,7
07/07/2023 06:09,10
07/07/2023 06:24,12
07/07/2023 06:39,12
07/07/2023 06:54,14
07/07/2023 07:09,18
07/07/2023 07:23,23
07/07/2023 07:38,25
07/07/2023 07:53,27
07/07/2023 08:08,29
07/07/2023 08:23,30
07/07/2023 08:38,32
07/07/2023 08:52,34
07/07/2023 09:07,35
07/07/2023 09:22,37
07/07/2023 09:37,36
07/07/2023 09:52,36
07/07/2023 10:06,38
07/07/2023 10:21,40
07/07/2023 10:36,53
07/07/2023 10:51,363
07/07/2023 11:06,400
07/07/2023 11:21,431
07/07/2023 11:35,464
07/07/2023 11:50,497
07/07/2023 12:05,530
07/07/2023 12:20,561
07/07/2023 12:35,590
07/07/2023 12:50,621
07/07/2023 13:04,648
07/07/2023 13:19,665
07/07/2023 13:34,692
07/07/2023 13:49,712
07/07/2023 14:04,743
07/07/2023 14:19,756
07/07/2023 14:33,820
07/07/2023 14:48,829
07/07/2023 15:03,909
07/07/2023 15:18,832
07/07/2023 15:33,406
07/07/2023 15:48,221
07/07/2023 16:02,449
07/07/2023 16:17,374
07/07/2023 16:32,429
07/07/2023 16:47,764
07/07/2023 17:02,784
07/07/2023 17:17,841
07/07/2023 17:31,739
07/07/2023 17:46,738
07/07/2023 18:01,922
07/07/2023 18:16,352
07/07/2023 18:31,185
07/07/2023 18:46,398
07/07/2023 19:00,723
07/07/2023 19:15,660
07/07/2023 19:30,604
07/07/2023 19:45,611
07/07/2023 20:00,472
07/07/2023 20:15,379
07/07/2023 20:29,500
07/07/2023 20:44,401
07/07/2023 20:59,428
07/07/2023 21:14,449
07/07/2023 21:29,239
07/07/2023 21:58,147
07/07/2023 22:13,212
07/07/2023 22:28,119
07/07/2023 22:43,63
07/07/2023 22:58,50
07/07/2023 23:13,60
07/07/2023 23:27,64
07/07/2023 23:42,42
07/07/2023 23:57,45
08/07/2023 00:12,40
08/07/2023 00:27,25
08/07/2023 00:41,16
08/07/2023 00:56,12
08/07/2023 01:11,7
08/07/2023 01:26,8
08/07/2023 01:41,4
08/07/2023 01:56,2
08/07/2023 02:10,2
08/07/2023 02:25,1
08/07/2023 02:40,0
08/07/2023 02:55,0
08/07/2023 03:10,0
08/07/2023 03:25,0
08/07/2023 03:39,0
08/07/2023 03:54,0
08/07/2023 04:09,0
08/07/2023 04:24,0
08/07/2023 04:39,0
08/07/2023 04:54,1
08/07/2023 05:08,1
08/07/2023 05:23,2
08/07/2023 05:38,4
08/07/2023 05:53,5
08/07/2023 06:08,9
08/07/2023 06:23,13
08/07/2023 06:37,14
08/07/2023 06:52,27
08/07/2023 07:07,26
08/07/2023 07:22,35
08/07/2023 07:37,43
08/07/2023 07:52,26
08/07/2023 08:06,31
08/07/2023 08:21,65
08/07/2023 08:36,74
08/07/2023 08:51,78
08/07/2023 09:06,34
08/07/2023 09:21,36
08/07/2023 09:35,33
08/07/2023 09:50,34
08/07/2023 10:05,35
08/07/2023 10:20,34
08/07/2023 10:35,38
08/07/2023 10:50,338
08/07/2023 11:04,395
08/07/2023 11:19,430
08/07/2023 11:34,218
08/07/2023 11:49,191
08/07/2023 12:04,243
08/07/2023 12:19,256
08/07/2023 12:33,282
08/07/2023 12:48,252
08/07/2023 13:03,287
08/07/2023 13:18,291
08/07/2023 13:33,277
08/07/2023 13:48,359
08/07/2023 14:02,468
08/07/2023 14:17,485
08/07/2023 14:32,688
08/07/2023 14:47,774
08/07/2023 15:02,760
08/07/2023 15:16,810
08/07/2023 15:31,595
08/07/2023 15:46,869
08/07/2023 16:01,552
08/07/2023 16:16,438
08/07/2023 16:31,532
08/07/2023 16:45,660
08/07/2023 17:00,369
08/07/2023 17:15,422
08/07/2023 17:30,326
08/07/2023 17:45,317
08/07/2023 18:00,287
08/07/2023 18:14,232
08/07/2023 18:29,415
08/07/2023 18:44,595
08/07/2023 18:59,335
08/07/2023 19:14,440
08/07/2023 19:29,351
08/07/2023 19:43,457
08/07/2023 19:58,289
08/07/2023 20:13,265
08/07/2023 20:28,212
08/07/2023 20:43,172
08/07/2023 20:58,133
08/07/2023 21:12,109
08/07/2023 21:27,107
08/07/2023 21:42,99
08/07/2023 21:57,91
08/07/2023 22:12,90
08/07/2023 22:27,66
08/07/2023 22:41,69
08/07/2023 22:56,56
08/07/2023 23:11,69
08/07/2023 23:26,100
08/07/2023 23:41,45
08/07/2023 23:56,34
09/07/2023 00:10,23
09/07/2023 00:25,12
09/07/2023 00:40,8
09/07/2023 00:55,7
09/07/2023 01:10,6
09/07/2023 01:25,3
09/07/2023 01:39,2
09/07/2023 01:54,1
09/07/2023 02:09,1
09/07/2023 02:24,0
09/07/2023 02:39,0
09/07/2023 02:54,0
09/07/2023 03:08,0
09/07/2023 03:23,0
09/07/2023 03:38,0
09/07/2023 03:53,0
09/07/2023 04:08,0
09/07/2023 04:37,1
09/07/2023 04:52,2
09/07/2023 05:07,3
09/07/2023 05:22,3
09/07/2023 05:37,3
09/07/2023 05:51,5
09/07/2023 06:06,8
09/07/2023 06:21,11
09/07/2023 06:36,15
09/07/2023 06:51,19
09/07/2023 07:06,22
09/07/2023 07:20,25
09/07/2023 07:35,32
09/07/2023 07:50,30
09/07/2023 08:05,31
09/07/2023 08:20,34
09/07/2023 08:35,36
09/07/2023 08:49,39
09/07/2023 09:04,41
09/07/2023 09:19,44
09/07/2023 09:34,42
09/07/2023 09:49,46
09/07/2023 10:04,48
09/07/2023 10:18,50
09/07/2023 10:33,51
09/07/2023 10:48,226
09/07/2023 11:03,346
09/07/2023 11:18,395
09/07/2023 11:33,193
09/07/2023 11:47,397
09/07/2023 12:02,483
09/07/2023 12:17,527
09/07/2023 12:32,558
09/07/2023 12:47,588
09/07/2023 13:02,615
09/07/2023 13:16,640
09/07/2023 13:31,666
09/07/2023 13:46,675
09/07/2023 14:01,673
09/07/2023 14:16,680
09/07/2023 14:31,663
09/07/2023 14:45,656
09/07/2023 15:00,735
09/07/2023 15:15,743
09/07/2023 15:30,777
09/07/2023 15:45,680
09/07/2023 16:00,652
09/07/2023 16:14,571
09/07/2023 16:29,679
09/07/2023 16:44,747
09/07/2023 16:59,756
09/07/2023 17:14,729
09/07/2023 17:29,743
09/07/2023 17:43,736
09/07/2023 17:58,714
09/07/2023 18:13,685
09/07/2023 18:28,644
09/07/2023 18:43,618
09/07/2023 18:58,596
09/07/2023 19:12,603
09/07/2023 19:27,573
09/07/2023 19:42,552
09/07/2023 19:57,526
09/07/2023 20:12,499
09/07/2023 20:26,474
09/07/2023 20:41,462
09/07/2023 20:45,454
09/07/2023 21:00,430
09/07/2023 21:14,293
09/07/2023 21:29,318
09/07/2023 21:44,259
09/07/2023 21:59,228
09/07/2023 22:14,191
09/07/2023 22:29,186
09/07/2023 22:43,183
09/07/2023 22:58,157
09/07/2023 23:02,142
09/07/2023 23:31,114
09/07/2023 23:46,100
10/07/2023 00:01,65
10/07/2023 00:16,28
10/07/2023 00:31,21
10/07/2023 00:45,14
10/07/2023 01:00,12
10/07/2023 01:15,8
10/07/2023 01:30,6
10/07/2023 01:45,3
10/07/2023 02:00,2
10/07/2023 02:14,1
10/07/2023 02:44,0
10/07/2023 02:59,0
10/07/2023 03:14,0
10/07/2023 03:29,0
10/07/2023 03:43,0
10/07/2023 03:45,0
10/07/2023 04:00,0
10/07/2023 04:14,0
10/07/2023 04:29,0
10/07/2023 04:44,0
10/07/2023 04:59,0
10/07/2023 05:14,1
10/07/2023 05:29,1
10/07/2023 05:43,2
10/07/2023 05:58,5
10/07/2023 06:13,11
10/07/2023 06:28,28
10/07/2023 06:43,28
10/07/2023 06:58,25
10/07/2023 07:12,29
10/07/2023 07:27,46
10/07/2023 07:42,51
10/07/2023 07:57,46
10/07/2023 08:12,39
10/07/2023 08:27,39
10/07/2023 08:41,40
10/07/2023 08:56,43
10/07/2023 09:11,50
10/07/2023 09:26,50
10/07/2023 09:41,52
10/07/2023 10:10,60
10/07/2023 10:25,63
10/07/2023 10:40,116
10/07/2023 10:55,289
10/07/2023 11:24,270
10/07/2023 11:39,415
10/07/2023 11:54,470
10/07/2023 12:09,501
10/07/2023 12:24,539
10/07/2023 12:39,580
10/07/2023 12:53,520
10/07/2023 13:08,325
10/07/2023 13:23,610
10/07/2023 13:38,674
10/07/2023 13:53,676
10/07/2023 14:08,699
10/07/2023 14:22,722
10/07/2023 14:37,734
10/07/2023 14:52,758
10/07/2023 15:07,753
10/07/2023 15:22,754
10/07/2023 15:37,765
10/07/2023 15:51,756
10/07/2023 16:06,715
10/07/2023 16:21,737
10/07/2023 16:36,713
10/07/2023 16:51,664
10/07/2023 17:06,673
10/07/2023 17:20,687
10/07/2023 17:35,648
10/07/2023 17:50,715
10/07/2023 18:05,583
10/07/2023 18:20,465
10/07/2023 18:35,376
10/07/2023 18:36,430
10/07/2023 18:51,499
10/07/2023 19:05,429
10/07/2023 19:20,358
10/07/2023 19:35,329
10/07/2023 19:50,348
10/07/2023 20:05,475
10/07/2023 20:20,288
10/07/2023 20:34,192
10/07/2023 20:49,177
10/07/2023 21:04,159
10/07/2023 21:19,161
10/07/2023 21:34,127
10/07/2023 21:49,135
10/07/2023 22:03,112
10/07/2023 22:18,69
10/07/2023 22:33,59
10/07/2023 22:48,75
10/07/2023 23:03,59
10/07/2023 23:18,39
10/07/2023 23:32,31
10/07/2023 23:47,26
11/07/2023 00:02,17
11/07/2023 00:17,13
11/07/2023 01:01,2
11/07/2023 01:16,1
11/07/2023 01:31,0
11/07/2023 01:46,0
11/07/2023 02:01,0
11/07/2023 02:16,0
11/07/2023 02:18,0
11/07/2023 02:33,0
11/07/2023 02:48,0
11/07/2023 03:02,0
11/07/2023 03:17,0
11/07/2023 03:32,0
11/07/2023 03:47,0
11/07/2023 04:02,0
11/07/2023 04:17,0
11/07/2023 04:31,0
11/07/2023 04:46,0
11/07/2023 05:01,0
11/07/2023 05:16,1
11/07/2023 05:31,1
11/07/2023 05:46,1
11/07/2023 06:00,2
11/07/2023 06:15,3
11/07/2023 06:30,5
11/07/2023 06:45,5
11/07/2023 07:00,6
11/07/2023 07:15,8
11/07/2023 07:29,21
11/07/2023 07:44,38
11/07/2023 07:59,58
11/07/2023 08:14,67
11/07/2023 08:29,58
11/07/2023 08:44,47
11/07/2023 08:58,55
11/07/2023 09:13,73
11/07/2023 09:28,105
11/07/2023 09:43,141
11/07/2023 09:58,154
11/07/2023 10:13,163
11/07/2023 10:27,152
11/07/2023 10:42,194
11/07/2023 10:57,366
11/07/2023 11:12,427
11/07/2023 11:27,461
11/07/2023 11:42,488
11/07/2023 11:56,497
11/07/2023 12:11,526
11/07/2023 12:26,525
11/07/2023 12:41,546
11/07/2023 12:56,445
11/07/2023 13:11,555
11/07/2023 13:25,658
11/07/2023 13:40,660
11/07/2023 13:55,722
11/07/2023 14:10,660
11/07/2023 14:25,596
11/07/2023 14:40,668
11/07/2023 14:54,744
11/07/2023 15:09,295
11/07/2023 15:24,861
11/07/2023 15:39,874
11/07/2023 15:54,757
11/07/2023 16:09,784
11/07/2023 16:23,818
11/07/2023 16:38,830
11/07/2023 16:53,799
11/07/2023 17:08,788
11/07/2023 17:23,766
11/07/2023 17:37,760
11/07/2023 17:52,730
11/07/2023 18:07,739
11/07/2023 18:22,709
11/07/2023 18:37,667
11/07/2023 18:52,650
11/07/2023 19:06,648
11/07/2023 19:21,629
11/07/2023 19:36,575
11/07/2023 19:51,508
11/07/2023 19:52,154
11/07/2023 20:07,165
11/07/2023 20:22,429
11/07/2023 20:37,432
11/07/2023 20:52,409
11/07/2023 21:06,394
11/07/2023 21:21,369
11/07/2023 21:36,350
11/07/2023 21:51,287
11/07/2023 22:06,248
11/07/2023 22:20,214
11/07/2023 22:35,182
11/07/2023 22:50,159
11/07/2023 23:05,140
11/07/2023 23:20,118
11/07/2023 23:35,100
12/07/2023 00:04,65
12/07/2023 00:19,48
12/07/2023 00:34,26
12/07/2023 00:49,14
12/07/2023 01:04,10
12/07/2023 01:18,6
12/07/2023 01:33,5
12/07/2023 01:48,3
12/07/2023 02:03,2
12/07/2023 02:18,1
12/07/2023 02:33,0
12/07/2023 02:47,0
12/07/2023 03:02,0
12/07/2023 03:17,0
12/07/2023 03:32,0
12/07/2023 03:47,0
12/07/2023 04:02,0
12/07/2023 04:16,0
12/07/2023 04:31,0
12/07/2023 04:46,0
12/07/2023 05:01,0
12/07/2023 05:16,1
12/07/2023 05:31,2
12/07/2023 05:45,4
12/07/2023 06:00,6
12/07/2023 06:15,9
12/07/2023 06:30,11
12/07/2023 07:00,16
12/07/2023 07:14,18
12/07/2023 07:29,21
12/07/2023 07:44,23
12/07/2023 07:59,24
12/07/2023 08:14,26
12/07/2023 08:29,29
12/07/2023 08:43,31
12/07/2023 08:58,37
12/07/2023 09:13,40
12/07/2023 09:28,43
12/07/2023 09:43,70
12/07/2023 09:58,97
12/07/2023 10:12,101
12/07/2023 10:27,101
12/07/2023 10:42,133
12/07/2023 10:57,334
12/07/2023 11:12,413
12/07/2023 11:26,487
12/07/2023 11:41,505
12/07/2023 11:56,518
12/07/2023 12:11,538
12/07/2023 12:26,560
12/07/2023 12:41,587
12/07/2023 12:55,612
12/07/2023 13:10,652
12/07/2023 13:25,684
12/07/2023 13:40,705
12/07/2023 13:55,707
12/07/2023 14:10,723
12/07/2023 14:24,584
12/07/2023 14:39,761
12/07/2023 14:54,780
12/07/2023 15:09,341
12/07/2023 15:24,186
12/07/2023 15:39,428
12/07/2023 15:53,740
12/07/2023 16:08,588
12/07/2023 16:23,666
12/07/2023 16:38,229
12/07/2023 16:53,254
12/07/2023 17:08,410
12/07/2023 17:22,246
12/07/2023 17:37,557
12/07/2023 17:52,389
12/07/2023 18:07,611
12/07/2023 18:22,395
12/07/2023 18:37,353
12/07/2023 18:51,383
12/07/2023 19:06,328
12/07/2023 19:21,252
12/07/2023 19:36,218
12/07/2023 19:51,275
12/07/2023 20:06,359
12/07/2023 20:20,403
12/07/2023 20:35,487
12/07/2023 20:50,482
12/07/2023 21:05,418
12/07/2023 21:20,383
12/07/2023 21:35,354
12/07/2023 21:49,250
12/07/2023 22:04,173
12/07/2023 22:19,223
12/07/2023 22:34,222
12/07/2023 22:49,195
12/07/2023 23:04,154
12/07/2023 23:18,122
12/07/2023 23:33,95
12/07/2023 23:48,58
13/07/2023 00:03,55
13/07/2023 00:18,32
13/07/2023 00:32,15
13/07/2023 00:47,11
13/07/2023 01:02,8
13/07/2023 01:17,5
13/07/2023 01:32,3
13/07/2023 01:47,2
13/07/2023 02:01,1
13/07/2023 02:16,0
13/07/2023 02:31,0
13/07/2023 02:46,0
13/07/2023 03:01,0
13/07/2023 03:16,0
13/07/2023 03:30,0
13/07/2023 03:45,0
13/07/2023 04:00,0
13/07/2023 04:15,0
13/07/2023 04:30,0
13/07/2023 04:45,0
13/07/2023 04:59,0
13/07/2023 05:29,1
13/07/2023 05:44,3
13/07/2023 05:59,5
13/07/2023 06:14,7
13/07/2023 06:28,10
13/07/2023 06:43,13
13/07/2023 06:58,14
13/07/2023 07:13,16
13/07/2023 07:28,18
13/07/2023 07:43,20
13/07/2023 07:57,22
13/07/2023 08:12,24
13/07/2023 08:27,27
13/07/2023 08:31,28
13/07/2023 08:46,29
13/07/2023 09:00,30
13/07/2023 09:15,32
13/07/2023 09:30,33
13/07/2023 09:45,35
13/07/2023 10:00,36
13/07/2023 10:15,38
13/07/2023 10:29,39
13/07/2023 10:44,134
13/07/2023 10:59,374
13/07/2023 11:14,408
13/07/2023 11:44,471
13/07/2023 11:58,502
13/07/2023 12:13,533
13/07/2023 12:28,564
13/07/2023 12:43,592
13/07/2023 12:58,618
13/07/2023 13:13,414
13/07/2023 13:27,578
13/07/2023 13:42,797
13/07/2023 13:57,763
13/07/2023 14:12,663
13/07/2023 14:27,312
13/07/2023 14:42,550
13/07/2023 14:56,738
13/07/2023 15:11,858
13/07/2023 15:26,894
13/07/2023 15:41,561
13/07/2023 15:56,854
13/07/2023 16:11,229
13/07/2023 16:25,270
13/07/2023 16:40,539
13/07/2023 16:55,473
13/07/2023 17:10,845
13/07/2023 17:25,705
13/07/2023 17:40,779
13/07/2023 17:54,738
13/07/2023 18:09,713
13/07/2023 18:24,692
13/07/2023 18:39,665
13/07/2023 18:54,638
13/07/2023 19:09,523
13/07/2023 19:23,605
13/07/2023 19:38,465
13/07/2023 19:53,583
13/07/2023 20:08,378
13/07/2023 20:23,430
13/07/2023 20:37,277
13/07/2023 20:52,285
13/07/2023 21:07,246
13/07/2023 21:22,128
13/07/2023 21:37,113
13/07/2023 21:52,128
13/07/2023 22:06,138
13/07/2023 22:21,104
13/07/2023 22:36,89
13/07/2023 22:51,62
13/07/2023 23:06,50
13/07/2023 23:21,53
13/07/2023 23:35,42
13/07/2023 23:50,28
14/07/2023 00:05,23
14/07/2023 00:20,19
14/07/2023 06:48,21
14/07/2023 07:03,33
14/07/2023 07:18,38
14/07/2023 07:33,53
14/07/2023 08:02,100
14/07/2023 08:17,115
14/07/2023 08:32,110
14/07/2023 08:47,94
14/07/2023 09:02,95
14/07/2023 09:16,97
14/07/2023 09:31,101
14/07/2023 09:46,102
14/07/2023 10:01,135
14/07/2023 10:16,175
14/07/2023 10:31,206
14/07/2023 10:45,295
14/07/2023 11:00,530
14/07/2023 11:15,567
14/07/2023 11:30,595
14/07/2023 11:45,196
14/07/2023 12:00,517
14/07/2023 12:14,450
14/07/2023 12:15,751
14/07/2023 12:30,684
14/07/2023 12:45,403
14/07/2023 13:00,539
14/07/2023 13:15,624
14/07/2023 13:30,818
14/07/2023 13:44,844
14/07/2023 13:59,346
14/07/2023 14:14,299
14/07/2023 14:29,210
14/07/2023 14:44,201
14/07/2023 14:59,300
14/07/2023 15:13,506
14/07/2023 15:28,443
14/07/2023 15:43,428
14/07/2023 15:58,266
14/07/2023 16:13,550
14/07/2023 16:28,914
14/07/2023 16:42,511
14/07/2023 16:57,228
14/07/2023 17:12,228
14/07/2023 17:27,239
14/07/2023 17:42,216
14/07/2023 17:57,212
14/07/2023 18:11,168
14/07/2023 18:26,129
14/07/2023 18:41,104
14/07/2023 18:56,113
14/07/2023 19:11,374
14/07/2023 19:26,311
14/07/2023 19:40,284
14/07/2023 19:55,487
14/07/2023 20:10,482
14/07/2023 20:25,243
14/07/2023 20:40,289
14/07/2023 20:55,117
14/07/2023 21:09,98
14/07/2023 21:24,103
14/07/2023 21:39,90
14/07/2023 21:54,100
14/07/2023 22:09,87
14/07/2023 22:24,64
14/07/2023 22:38,71
14/07/2023 22:53,38
14/07/2023 23:08,30
14/07/2023 23:23,26
14/07/2023 23:38,15
14/07/2023 23:53,6
15/07/2023 00:07,6
15/07/2023 00:22,8
15/07/2023 00:37,6
15/07/2023 00:52,3
15/07/2023 00:53,2
15/07/2023 01:08,2
15/07/2023 01:23,1
15/07/2023 01:38,1
15/07/2023 01:52,0
15/07/2023 02:07,0
15/07/2023 02:22,0
15/07/2023 02:37,0
15/07/2023 02:52,0
15/07/2023 03:07,0
15/07/2023 03:21,0
15/07/2023 03:36,0
15/07/2023 03:51,0
15/07/2023 04:06,0
15/07/2023 04:21,0
15/07/2023 04:36,0
15/07/2023 04:50,0
15/07/2023 05:05,0
15/07/2023 05:20,0
15/07/2023 05:35,1
15/07/2023 05:50,4
15/07/2023 06:05,7
15/07/2023 06:19,16
15/07/2023 06:34,23
15/07/2023 06:49,33
15/07/2023 07:19,52
15/07/2023 07:34,71
15/07/2023 07:48,79
15/07/2023 08:03,71
15/07/2023 08:18,70
15/07/2023 08:33,86
15/07/2023 08:48,110
15/07/2023 08:51,111
15/07/2023 09:06,93
15/07/2023 09:21,65
15/07/2023 09:36,62
15/07/2023 09:51,61
15/07/2023 10:06,96
15/07/2023 10:20,116
15/07/2023 10:35,122
15/07/2023 10:50,237
15/07/2023 11:05,287
15/07/2023 11:20,213
15/07/2023 11:35,191
15/07/2023 11:49,190
15/07/2023 12:04,236
15/07/2023 12:19,328
15/07/2023 12:34,275
15/07/2023 12:49,257
15/07/2023 13:04,229
15/07/2023 13:18,250
15/07/2023 13:33,288
15/07/2023 13:48,457
15/07/2023 14:03,735
15/07/2023 14:18,728
15/07/2023 14:33,425
15/07/2023 14:47,371
15/07/2023 15:02,581
15/07/2023 15:17,423
15/07/2023 15:32,608
15/07/2023 15:47,681
15/07/2023 16:02,615
15/07/2023 16:16,327
15/07/2023 16:31,315
15/07/2023 16:46,407
15/07/2023 17:01,764
15/07/2023 17:16,970
15/07/2023 17:30,666
15/07/2023 17:45,809
15/07/2023 18:00,799
15/07/2023 18:30,620
15/07/2023 18:45,651
15/07/2023 18:59,700
15/07/2023 19:14,524
15/07/2023 19:29,616
15/07/2023 19:44,569
15/07/2023 19:59,223
15/07/2023 20:14,461
15/07/2023 20:28,322
15/07/2023 20:43,169
15/07/2023 20:58,199
15/07/2023 21:13,148
15/07/2023 21:28,166
15/07/2023 21:43,169
15/07/2023 21:57,171
15/07/2023 22:12,102
15/07/2023 22:27,145
15/07/2023 22:42,79
15/07/2023 22:57,76
15/07/2023 22:58,57
15/07/2023 23:13,39
15/07/2023 23:28,30
15/07/2023 23:43,22
15/07/2023 23:57,20
16/07/2023 00:12,20
16/07/2023 00:27,19
16/07/2023 00:42,13
16/07/2023 00:57,7
16/07/2023 01:12,4
16/07/2023 01:26,2
16/07/2023 01:41,1
16/07/2023 01:56,0
16/07/2023 02:11,0
16/07/2023 02:26,0
16/07/2023 02:41,0
16/07/2023 02:55,0
16/07/2023 03:10,0
16/07/2023 03:25,0
16/07/2023 03:40,0
16/07/2023 03:55,0
16/07/2023 04:09,0
16/07/2023 04:24,0
16/07/2023 04:39,0
16/07/2023 04:54,0
16/07/2023 05:09,0
16/07/2023 05:24,0
16/07/2023 05:38,1
16/07/2023 05:53,2
16/07/2023 06:08,5
16/07/2023 06:23,8
16/07/2023 06:38,13
16/07/2023 06:53,25
16/07/2023 07:07,42
16/07/2023 07:22,52
16/07/2023 07:37,57
16/07/2023 07:52,61
16/07/2023 08:07,59
16/07/2023 08:22,70
16/07/2023 08:36,67
16/07/2023 08:51,70
16/07/2023 09:06,87
16/07/2023 09:21,115
16/07/2023 09:36,149
16/07/2023 09:51,136
16/07/2023 10:05,103
16/07/2023 10:20,120
16/07/2023 10:35,135
16/07/2023 10:50,157
16/07/2023 11:05,152
16/07/2023 11:20,273
16/07/2023 11:34,232
16/07/2023 11:49,344
16/07/2023 12:04,305
16/07/2023 12:19,213
16/07/2023 12:34,256
16/07/2023 12:49,336
16/07/2023 13:03,192
16/07/2023 13:18,213
16/07/2023 13:33,204
16/07/2023 13:48,192
16/07/2023 14:03,137
16/07/2023 14:18,196
16/07/2023 14:32,260
16/07/2023 14:47,297
16/07/2023 15:02,263
16/07/2023 15:17,290
16/07/2023 15:32,350
16/07/2023 15:47,388
16/07/2023 16:01,404
16/07/2023 16:16,395
16/07/2023 16:31,366
16/07/2023 16:46,408
16/07/2023 17:01,519
16/07/2023 17:16,469
16/07/2023 17:30,368
16/07/2023 17:45,316
16/07/2023 18:00,477
16/07/2023 18:15,505
16/07/2023 18:30,423
16/07/2023 18:44,434
16/07/2023 18:59,632
16/07/2023 19:14,514
16/07/2023 19:29,587
16/07/2023 19:44,445
16/07/2023 19:59,459
16/07/2023 20:13,445
16/07/2023 20:28,205
16/07/2023 20:43,179
16/07/2023 20:58,185
16/07/2023 21:13,150
16/07/2023 21:28,288
16/07/2023 21:42,199
16/07/2023 21:57,96
16/07/2023 22:12,85
16/07/2023 22:27,89
16/07/2023 22:42,138
16/07/2023 22:57,155
16/07/2023 23:11,83
16/07/2023 23:26,60
16/07/2023 23:41,83
16/07/2023 23:43,66
16/07/2023 23:58,34
17/07/2023 00:13,39
17/07/2023 00:28,23
17/07/2023 00:42,13
17/07/2023 00:57,9
17/07/2023 01:12,7
17/07/2023 01:27,5
17/07/2023 01:42,2
17/07/2023 01:57,1
17/07/2023 02:11,0
17/07/2023 02:26,0
17/07/2023 02:41,0
17/07/2023 02:56,0
17/07/2023 03:11,0
17/07/2023 03:26,0
17/07/2023 03:40,0
17/07/2023 03:55,0
17/07/2023 04:10,0
17/07/2023 04:25,0
17/07/2023 04:40,0
17/07/2023 04:55,0
17/07/2023 05:09,0
17/07/2023 05:24,1
17/07/2023 05:39,2
17/07/2023 05:54,3
17/07/2023 06:09,6
17/07/2023 06:24,9
17/07/2023 06:38,12
17/07/2023 06:53,16
17/07/2023 07:08,19
17/07/2023 07:23,22
17/07/2023 07:38,23
17/07/2023 07:53,24
17/07/2023 08:07,25
17/07/2023 08:22,27
17/07/2023 08:37,29
17/07/2023 08:52,30
17/07/2023 09:07,32
17/07/2023 09:22,33
17/07/2023 09:36,35
17/07/2023 09:51,37
17/07/2023 10:06,38
17/07/2023 10:21,40
17/07/2023 10:36,41
17/07/2023 10:51,187
17/07/2023 11:05,381
17/07/2023 11:20,418
17/07/2023 11:35,428
17/07/2023 11:50,432
17/07/2023 12:05,482
17/07/2023 12:19,544
17/07/2023 12:34,580
17/07/2023 12:49,618
17/07/2023 13:04,634
17/07/2023 13:19,678
17/07/2023 13:34,630
17/07/2023 13:48,753
17/07/2023 14:03,723
17/07/2023 14:18,457
17/07/2023 14:33,667
17/07/2023 14:48,467
17/07/2023 15:03,385
17/07/2023 15:17,666
17/07/2023 15:32,542
17/07/2023 15:47,687
17/07/2023 16:02,684
17/07/2023 16:17,613
17/07/2023 16:32,742
17/07/2023 16:46,728
17/07/2023 17:01,776
17/07/2023 17:16,767
17/07/2023 17:31,709
17/07/2023 17:46,724
17/07/2023 18:01,696
17/07/2023 18:15,468
17/07/2023 18:30,634
17/07/2023 18:45,675
17/07/2023 19:00,686
17/07/2023 19:15,675
17/07/2023 19:30,584
17/07/2023 19:44,556
17/07/2023 19:59,519
17/07/2023 20:14,491
17/07/2023 20:29,476
17/07/2023 20:44,455
17/07/2023 20:59,416
17/07/2023 21:13,370
17/07/2023 21:28,349
17/07/2023 21:43,192
17/07/2023 21:58,180
17/07/2023 22:13,89
17/07/2023 22:28,209
17/07/2023 22:42,199
17/07/2023 22:57,162
17/07/2023 23:12,128
17/07/2023 23:27,82
17/07/2023 23:42,40
17/07/2023 23:57,44
18/07/2023 00:11,24
18/07/2023 00:26,16
18/07/2023 00:41,12
18/07/2023 01:26,3
18/07/2023 01:40,2
18/07/2023 01:55,2
18/07/2023 02:10,0
18/07/2023 02:25,0
18/07/2023 02:40,0
18/07/2023 02:55,0
18/07/2023 03:09,0
18/07/2023 03:24,0
18/07/2023 03:39,0
18/07/2023 03:54,0
18/07/2023 04:09,0
18/07/2023 04:24,0
18/07/2023 04:38,0
18/07/2023 04:53,0
18/07/2023 05:08,0
18/07/2023 05:23,0
18/07/2023 05:38,1
18/07/2023 05:52,2
18/07/2023 06:07,4
18/07/2023 06:22,7
18/07/2023 06:37,9
18/07/2023 06:52,12
18/07/2023 06:54,13
18/07/2023 07:09,15
18/07/2023 07:24,19
18/07/2023 07:39,22
18/07/2023 07:54,24
18/07/2023 08:08,25
18/07/2023 08:23,28
18/07/2023 08:38,32
18/07/2023 08:53,34
18/07/2023 09:08,37
18/07/2023 09:23,37
18/07/2023 09:37,36
18/07/2023 09:52,37
18/07/2023 10:07,39
18/07/2023 10:22,40
18/07/2023 10:37,42
18/07/2023 10:52,182
18/07/2023 11:06,382
18/07/2023 11:21,415
18/07/2023 11:36,447
18/07/2023 11:51,479
18/07/2023 12:06,511
18/07/2023 12:21,541
18/07/2023 12:35,568
18/07/2023 12:50,596
18/07/2023 13:05,622
18/07/2023 13:20,647
18/07/2023 13:35,666
18/07/2023 13:50,691
18/07/2023 14:04,710
18/07/2023 14:19,728
18/07/2023 14:34,744
18/07/2023 14:49,755
18/07/2023 15:04,767
18/07/2023 15:19,774
18/07/2023 15:33,782
18/07/2023 15:48,784
18/07/2023 16:03,786
18/07/2023 16:18,785
18/07/2023 16:33,780
18/07/2023 16:48,773
18/07/2023 17:02,763
18/07/2023 17:17,750
18/07/2023 17:32,732
18/07/2023 17:47,715
18/07/2023 18:02,704
18/07/2023 18:17,687
18/07/2023 18:31,665
18/07/2023 18:46,644
18/07/2023 19:01,620
18/07/2023 19:16,586
18/07/2023 19:31,555
18/07/2023 19:45,530
18/07/2023 20:00,500
18/07/2023 20:15,471
18/07/2023 20:30,436
18/07/2023 20:45,396
18/07/2023 21:00,367
18/07/2023 21:14,338
18/07/2023 21:29,309
18/07/2023 21:44,276
18/07/2023 21:59,248
18/07/2023 22:14,215
18/07/2023 22:29,183
18/07/2023 22:43,157
18/07/2023 22:58,131
18/07/2023 23:13,107
18/07/2023 23:28,89
18/07/2023 23:43,66
18/07/2023 23:58,54
19/07/2023 00:12,36
19/07/2023 00:27,16
19/07/2023 01:12,4
19/07/2023 01:27,2
19/07/2023 01:42,1
19/07/2023 01:56,0
19/07/2023 02:11,0
19/07/2023 02:26,0
19/07/2023 02:41,0
19/07/2023 02:56,0
19/07/2023 03:10,0
19/07/2023 03:25,0
19/07/2023 03:40,0
19/07/2023 03:55,0
19/07/2023 04:10,0
19/07/2023 04:25,0
19/07/2023 04:39,0
19/07/2023 04:54,0
19/07/2023 05:09,0
19/07/2023 05:24,0
19/07/2023 05:39,0
19/07/2023 05:54,2
19/07/2023 06:08,3
19/07/2023 06:23,5
19/07/2023 06:38,12
19/07/2023 06:53,18
19/07/2023 07:08,18
19/07/2023 07:23,16
19/07/2023 07:37,24
19/07/2023 07:52,42
19/07/2023 08:07,46
19/07/2023 08:22,33
19/07/2023 08:52,76
19/07/2023 09:06,68
19/07/2023 09:21,81
19/07/2023 09:36,65
19/07/2023 09:51,82
19/07/2023 10:06,134
19/07/2023 10:21,193
19/07/2023 10:35,208
19/07/2023 10:50,218
19/07/2023 11:05,266
19/07/2023 11:20,262
19/07/2023 11:35,254
19/07/2023 11:50,271
19/07/2023 11:53,269
19/07/2023 12:08,325
19/07/2023 12:23,226
19/07/2023 12:38,403
19/07/2023 12:53,359
19/07/2023 13:07,591
19/07/2023 13:22,559
19/07/2023 13:37,679
19/07/2023 13:52,665
19/07/2023 14:07,660
19/07/2023 14:22,785
19/07/2023 14:25,872
19/07/2023 14:40,427
19/07/2023 14:55,581
19/07/2023 15:10,522
19/07/2023 15:24,527
19/07/2023 15:39,516
19/07/2023 15:54,658
19/07/2023 15:55,724
19/07/2023 16:10,716
19/07/2023 16:25,683
19/07/2023 16:40,742
19/07/2023 16:54,758
19/07/2023 17:09,747
19/07/2023 17:24,733
19/07/2023 17:39,723
19/07/2023 17:54,709
19/07/2023 18:09,691
19/07/2023 18:12,681
19/07/2023 18:27,667
19/07/2023 18:42,642
19/07/2023 18:57,620
19/07/2023 19:11,595
19/07/2023 19:26,570
19/07/2023 19:41,542
19/07/2023 19:56,511
19/07/2023 20:11,476
19/07/2023 20:26,448
19/07/2023 20:40,410
19/07/2023 20:55,392
19/07/2023 21:10,286
19/07/2023 21:25,314
19/07/2023 21:40,250
19/07/2023 21:55,175
19/07/2023 22:09,128
19/07/2023 22:24,112
19/07/2023 22:26,100
19/07/2023 22:41,82
19/07/2023 22:56,67
19/07/2023 23:11,50
19/07/2023 23:26,35
19/07/2023 23:40,23
19/07/2023 23:55,16
20/07/2023 00:10,9
20/07/2023 00:25,6
20/07/2023 00:40,5
20/07/2023 00:55,4
20/07/2023 01:09,2
20/07/2023 01:24,1
20/07/2023 01:39,0
20/07/2023 01:54,0
20/07/2023 02:09,0
20/07/2023 02:24,0
20/07/2023 02:38,0
20/07/2023 02:53,0
20/07/2023 03:08,0
20/07/2023 03:23,0
20/07/2023 03:38,0
20/07/2023 03:53,0
20/07/2023 04:07,0
20/07/2023 04:22,0
20/07/2023 04:37,0
20/07/2023 04:52,0
20/07/2023 05:07,0
20/07/2023 05:22,0
20/07/2023 05:36,0
20/07/2023 05:51,0
20/07/2023 06:06,1
20/07/2023 06:21,4
20/07/2023 06:36,7
20/07/2023 06:51,8
20/07/2023 07:05,13
20/07/2023 07:20,18
20/07/2023 07:35,28
20/07/2023 07:50,26
20/07/2023 08:05,31
20/07/2023 08:20,60
20/07/2023 08:34,102
20/07/2023 08:49,129
20/07/2023 09:04,124
20/07/2023 09:20,145
20/07/2023 09:34,147
20/07/2023 09:49,147
20/07/2023 10:03,123
20/07/2023 10:18,104
20/07/2023 10:33,119
20/07/2023 10:48,193
20/07/2023 11:03,233
20/07/2023 11:18,382
20/07/2023 11:32,407
20/07/2023 11:47,372
20/07/2023 12:02,432
20/07/2023 12:17,360
20/07/2023 12:32,359
20/07/2023 12:47,519
20/07/2023 13:01,621
20/07/2023 13:16,400
20/07/2023 13:31,690
20/07/2023 13:46,529
20/07/2023 14:01,584
20/07/2023 14:16,762
20/07/2023 14:45,674
20/07/2023 15:00,688
20/07/2023 15:15,783
20/07/2023 15:30,690
20/07/2023 15:44,832
20/07/2023 15:59,894
20/07/2023 16:14,749
20/07/2023 16:29,430
20/07/2023 16:44,435
20/07/2023 16:59,506
20/07/2023 17:13,548
20/07/2023 17:28,485
20/07/2023 17:43,548
20/07/2023 17:58,586
20/07/2023 18:13,557
20/07/2023 18:28,392
20/07/2023 18:42,252
20/07/2023 18:57,208
20/07/2023 19:12,245
20/07/2023 19:27,233
20/07/2023 19:42,242
20/07/2023 19:57,216
20/07/2023 20:11,200
20/07/2023 20:26,184
20/07/2023 20:41,145
20/07/2023 20:56,145
20/07/2023 21:11,136
20/07/2023 21:26,79
20/07/2023 21:40,47
20/07/2023 21:55,38
20/07/2023 22:10,37
20/07/2023 22:25,35
20/07/2023 22:40,27
20/07/2023 22:55,21
20/07/2023 23:09,24
20/07/2023 23:24,20
20/07/2023 23:39,16
20/07/2023 23:54,11
21/07/2023 00:09,8
21/07/2023 00:24,4
21/07/2023 00:38,4
21/07/2023 00:53,2
21/07/2023 01:08,1
21/07/2023 01:23,0
21/07/2023 01:38,0
21/07/2023 01:53,0
21/07/2023 02:07,0
21/07/2023 02:22,0
21/07/2023 02:37,0
21/07/2023 02:52,0
21/07/2023 03:07,0
21/07/2023 03:22,0
21/07/2023 03:36,0
21/07/2023 03:51,0
21/07/2023 04:06,0
21/07/2023 04:21,0
21/07/2023 04:51,0
21/07/2023 05:05,0
21/07/2023 05:20,0
21/07/2023 05:35,0
21/07/2023 05:50,0
21/07/2023 06:19,0
21/07/2023 06:34,1
21/07/2023 06:49,2
21/07/2023 07:04,4
21/07/2023 07:19,6
21/07/2023 07:34,7
21/07/2023 07:48,7
21/07/2023 08:03,7
21/07/2023 08:18,9
21/07/2023 08:33,13
21/07/2023 08:48,14
21/07/2023 09:03,13
21/07/2023 09:07,16
21/07/2023 09:21,22
21/07/2023 09:36,26
21/07/2023 09:51,27
21/07/2023 10:06,29
21/07/2023 10:21,33
21/07/2023 10:36,57
21/07/2023 10:50,60
21/07/2023 11:05,68
21/07/2023 11:20,75
21/07/2023 11:35,69
21/07/2023 11:50,160
21/07/2023 12:05,203
21/07/2023 12:19,205
21/07/2023 12:34,213
21/07/2023 12:49,175
21/07/2023 13:04,194
21/07/2023 13:19,134
21/07/2023 13:34,102
21/07/2023 13:48,81
21/07/2023 14:03,81
21/07/2023 14:18,98
21/07/2023 14:33,120
21/07/2023 14:48,123
21/07/2023 15:02,125
21/07/2023 15:32,155
21/07/2023 15:47,186
21/07/2023 16:02,196
21/07/2023 16:17,245
21/07/2023 16:31,286
21/07/2023 16:46,309
21/07/2023 17:01,312
21/07/2023 17:16,266
21/07/2023 17:31,213
21/07/2023 17:46,258
21/07/2023 18:00,256
21/07/2023 18:15,224
21/07/2023 18:30,204
21/07/2023 18:45,183
21/07/2023 19:00,146
21/07/2023 19:15,159
21/07/2023 19:29,151
21/07/2023 19:44,133
21/07/2023 19:59,147
21/07/2023 20:14,137
21/07/2023 20:29,134
21/07/2023 20:44,114
21/07/2023 20:58,115
21/07/2023 21:13,92
21/07/2023 21:28,89
21/07/2023 21:43,77
21/07/2023 21:58,67
21/07/2023 22:13,58
21/07/2023 22:27,51
21/07/2023 22:42,42
21/07/2023 22:57,37
21/07/2023 23:12,29
21/07/2023 23:27,23
21/07/2023 23:42,18
21/07/2023 23:56,12
22/07/2023 00:11,8
22/07/2023 00:26,5
22/07/2023 00:41,3
22/07/2023 00:56,1
22/07/2023 01:11,1
22/07/2023 01:25,0
22/07/2023 01:40,0
22/07/2023 01:55,0
22/07/2023 02:10,0
22/07/2023 02:25,0
22/07/2023 02:40,0
22/07/2023 02:54,0
22/07/2023 03:09,0
22/07/2023 03:24,0
22/07/2023 03:39,0
22/07/2023 03:54,0
22/07/2023 04:09,0
22/07/2023 04:23,0
22/07/2023 04:38,0
22/07/2023 04:53,0
22/07/2023 05:08,0
22/07/2023 05:23,0
22/07/2023 05:37,0
22/07/2023 05:52,0
22/07/2023 06:07,0
22/07/2023 06:22,1
22/07/2023 06:37,2
22/07/2023 06:52,3
22/07/2023 07:06,6
22/07/2023 07:21,9
22/07/2023 07:36,13
22/07/2023 07:51,19
22/07/2023 08:06,19
22/07/2023 08:21,25
22/07/2023 08:35,32
22/07/2023 08:50,33
22/07/2023 09:05,33
22/07/2023 09:20,38
22/07/2023 09:35,48
22/07/2023 09:50,51
22/07/2023 10:04,53
22/07/2023 10:19,62
22/07/2023 10:34,68
22/07/2023 10:49,82
22/07/2023 11:04,108
22/07/2023 11:19,141
22/07/2023 11:33,194
22/07/2023 11:48,237
22/07/2023 12:03,171
22/07/2023 12:18,145
22/07/2023 12:33,147
22/07/2023 12:48,149
22/07/2023 13:02,139
22/07/2023 13:17,108
22/07/2023 13:32,133
22/07/2023 13:47,187
22/07/2023 14:02,183
22/07/2023 14:17,183
22/07/2023 14:31,247
22/07/2023 14:46,199
22/07/2023 15:01,193
22/07/2023 15:16,236
22/07/2023 15:31,200
22/07/2023 15:46,207
22/07/2023 16:00,170
22/07/2023 16:02,172
22/07/2023 16:17,169
22/07/2023 16:31,182
22/07/2023 16:46,173
22/07/2023 17:01,175
22/07/2023 17:16,240
22/07/2023 17:31,231
22/07/2023 17:46,244
22/07/2023 17:47,179
22/07/2023 18:01,193
22/07/2023 18:16,204
22/07/2023 18:31,209
22/07/2023 18:46,265
22/07/2023 19:01,200
22/07/2023 19:16,163
22/07/2023 19:30,132
22/07/2023 19:45,149
22/07/2023 20:00,138
22/07/2023 20:15,124
22/07/2023 20:30,118
22/07/2023 20:45,118
22/07/2023 20:59,144
22/07/2023 21:14,143
22/07/2023 21:29,109
22/07/2023 21:44,88
22/07/2023 21:59,71
22/07/2023 22:14,63
22/07/2023 22:28,47
22/07/2023 22:43,43
22/07/2023 22:58,40
22/07/2023 23:13,28
22/07/2023 23:28,21
22/07/2023 23:43,23
22/07/2023 23:57,17
23/07/2023 00:12,11
23/07/2023 00:27,7
23/07/2023 00:42,4
23/07/2023 00:57,2
23/07/2023 01:12,1
23/07/2023 01:26,0
23/07/2023 01:41,0
23/07/2023 01:56,0
23/07/2023 02:11,0
23/07/2023 02:26,0
23/07/2023 02:41,0
23/07/2023 02:55,0
23/07/2023 03:10,0
23/07/2023 03:25,0
23/07/2023 03:40,0
23/07/2023 03:55,0
23/07/2023 04:10,0
23/07/2023 04:24,0
23/07/2023 04:39,0
23/07/2023 04:54,0
23/07/2023 05:24,0
23/07/2023 05:39,0
23/07/2023 05:53,0
23/07/2023 06:08,2
23/07/2023 06:23,3
23/07/2023 06:38,7
23/07/2023 06:53,11
23/07/2023 07:08,16
23/07/2023 07:22,23
23/07/2023 07:37,27
23/07/2023 07:52,34
23/07/2023 08:07,37
23/07/2023 08:22,38
23/07/2023 08:36,46
23/07/2023 08:51,60
23/07/2023 09:06,68
23/07/2023 09:21,74
23/07/2023 09:36,85
23/07/2023 09:51,92
23/07/2023 10:05,99
23/07/2023 10:20,124
23/07/2023 10:35,127
23/07/2023 10:50,137
23/07/2023 11:05,174
23/07/2023 11:20,194
23/07/2023 11:34,222
23/07/2023 11:49,231
23/07/2023 12:04,244
23/07/2023 12:19,281
23/07/2023 12:34,280
23/07/2023 12:49,123
23/07/2023 13:03,121
23/07/2023 13:18,134
23/07/2023 13:33,131
23/07/2023 13:48,153
23/07/2023 14:03,162
23/07/2023 14:32,287
23/07/2023 14:47,250
23/07/2023 15:02,142
23/07/2023 15:17,156
23/07/2023 15:32,149
23/07/2023 15:47,231
23/07/2023 16:01,340
23/07/2023 16:16,335
23/07/2023 16:31,400
23/07/2023 16:46,476
23/07/2023 17:01,348
23/07/2023 17:16,222
23/07/2023 17:30,281
23/07/2023 17:45,396
23/07/2023 18:00,657
23/07/2023 18:15,529
23/07/2023 18:30,609
23/07/2023 18:45,474
23/07/2023 18:59,244
23/07/2023 19:14,235
23/07/2023 19:29,380
23/07/2023 19:44,404
23/07/2023 19:59,325
23/07/2023 20:14,190
23/07/2023 20:28,164
23/07/2023 20:43,167
23/07/2023 20:58,198
23/07/2023 21:13,161
23/07/2023 21:28,122
23/07/2023 21:43,111
23/07/2023 21:57,88
23/07/2023 22:12,66
23/07/2023 22:27,58
23/07/2023 22:42,55
23/07/2023 22:57,41
23/07/2023 23:12,32
23/07/2023 23:26,30
23/07/2023 23:41,30
23/07/2023 23:56,18
24/07/2023 00:11,11
24/07/2023 00:26,7
24/07/2023 00:40,3
24/07/2023 00:55,1
24/07/2023 01:10,0
24/07/2023 01:25,0
24/07/2023 01:40,0
24/07/2023 01:55,0
24/07/2023 02:09,0
24/07/2023 02:24,0
24/07/2023 02:39,0
24/07/2023 02:54,0
24/07/2023 03:09,0
24/07/2023 03:24,0
24/07/2023 03:38,0
24/07/2023 03:53,0
24/07/2023 04:08,0
24/07/2023 04:23,0
24/07/2023 04:38,0
24/07/2023 04:53,0
24/07/2023 05:07,0
24/07/2023 05:22,0
24/07/2023 05:37,0
24/07/2023 05:52,0
24/07/2023 06:07,1
24/07/2023 06:22,2
24/07/2023 06:36,6
24/07/2023 06:51,13
24/07/2023 07:06,23
24/07/2023 07:21,34
24/07/2023 07:36,43
24/07/2023 07:51,44
24/07/2023 08:05,50
24/07/2023 08:20,60
24/07/2023 08:35,61
24/07/2023 08:50,66
24/07/2023 09:05,84
24/07/2023 09:20,111
24/07/2023 09:34,103
24/07/2023 09:49,110
24/07/2023 10:04,129
24/07/2023 10:19,124
24/07/2023 10:49,150
24/07/2023 11:03,175
24/07/2023 11:18,227
24/07/2023 11:33,223
24/07/2023 11:48,214
24/07/2023 12:03,276
24/07/2023 12:18,316
24/07/2023 12:32,337
24/07/2023 12:47,355
24/07/2023 13:02,356
24/07/2023 13:17,358
24/07/2023 13:32,364
24/07/2023 13:47,385
24/07/2023 14:01,464
24/07/2023 14:16,613
24/07/2023 14:31,684
24/07/2023 14:46,689
24/07/2023 15:01,722
24/07/2023 15:15,514
24/07/2023 15:30,368
24/07/2023 15:45,419
24/07/2023 16:00,450
24/07/2023 16:03,417
24/07/2023 16:18,430
24/07/2023 16:33,419
24/07/2023 16:48,370
24/07/2023 17:03,360
24/07/2023 17:18,502
24/07/2023 17:32,730
24/07/2023 17:47,658
24/07/2023 18:02,673
24/07/2023 18:17,640
24/07/2023 18:32,625
24/07/2023 18:46,582
24/07/2023 19:01,442
24/07/2023 19:16,422
24/07/2023 19:31,436
24/07/2023 19:46,547
24/07/2023 20:01,503
24/07/2023 20:15,359
24/07/2023 20:30,362
24/07/2023 20:45,401
24/07/2023 21:00,339
24/07/2023 21:15,277
24/07/2023 21:30,144
24/07/2023 21:44,185
24/07/2023 21:59,125
24/07/2023 22:14,111
24/07/2023 22:29,56
24/07/2023 22:44,61
24/07/2023 22:59,48
24/07/2023 23:13,49
24/07/2023 23:28,36
24/07/2023 23:43,27
24/07/2023 23:58,21
25/07/2023 00:13,17
25/07/2023 00:28,10
25/07/2023 00:42,5
25/07/2023 00:57,3
25/07/2023 01:12,1
25/07/2023 01:27,0
25/07/2023 01:39,0
25/07/2023 01:53,0
25/07/2023 02:08,0
25/07/2023 02:23,0
25/07/2023 02:38,0
25/07/2023 02:53,0
25/07/2023 03:08,0
25/07/2023 03:22,0
25/07/2023 03:37,0
25/07/2023 03:52,0
25/07/2023 04:07,0
25/07/2023 04:22,0
25/07/2023 04:37,0
25/07/2023 04:39,0
25/07/2023 04:54,0
25/07/2023 05:09,0
25/07/2023 05:24,0
25/07/2023 05:39,0
25/07/2023 05:53,0
25/07/2023 06:08,1
25/07/2023 06:23,1
25/07/2023 06:38,2
25/07/2023 06:53,5
25/07/2023 07:08,10
25/07/2023 07:37,11
25/07/2023 07:52,15
25/07/2023 08:07,34
25/07/2023 08:22,44
25/07/2023 08:37,32
25/07/2023 08:51,53
25/07/2023 09:06,52
25/07/2023 09:21,64
25/07/2023 09:36,79
25/07/2023 09:51,80
25/07/2023 10:06,108
25/07/2023 10:20,139
25/07/2023 10:35,153
25/07/2023 10:50,171
25/07/2023 11:05,199
25/07/2023 11:20,192
25/07/2023 11:35,212
25/07/2023 11:49,226
25/07/2023 12:04,242
25/07/2023 12:19,203
25/07/2023 12:34,186
25/07/2023 12:49,267
25/07/2023 13:04,294
25/07/2023 13:18,374
25/07/2023 13:33,258
25/07/2023 13:48,234
25/07/2023 14:03,159
25/07/2023 14:18,143
25/07/2023 14:33,160
25/07/2023 14:47,107
25/07/2023 15:02,87
25/07/2023 15:32,244
25/07/2023 15:47,329
25/07/2023 16:02,516
25/07/2023 16:16,383
25/07/2023 16:31,430
25/07/2023 16:46,382
25/07/2023 17:01,326
25/07/2023 17:16,318
25/07/2023 17:30,272
25/07/2023 17:45,233
25/07/2023 18:00,245
25/07/2023 18:15,383
25/07/2023 18:30,494
25/07/2023 18:45,434
25/07/2023 18:59,464
25/07/2023 19:14,420
25/07/2023 19:29,411
25/07/2023 19:44,446
25/07/2023 19:59,471
25/07/2023 20:14,336
25/07/2023 20:28,207
25/07/2023 20:43,344
25/07/2023 20:58,299
25/07/2023 21:13,284
25/07/2023 21:28,212
25/07/2023 21:43,112
25/07/2023 21:57,80
25/07/2023 22:12,64
25/07/2023 22:27,60
25/07/2023 22:42,33
25/07/2023 22:57,20
25/07/2023 23:12,19
25/07/2023 23:26,9
25/07/2023 23:41,5
25/07/2023 23:56,3
26/07/2023 00:11,3
26/07/2023 00:26,2
26/07/2023 00:41,1
26/07/2023 00:55,0
26/07/2023 01:10,0
26/07/2023 01:25,0
26/07/2023 01:40,0
26/07/2023 01:55,0
26/07/2023 02:10,0
26/07/2023 02:24,0
26/07/2023 02:39,0
26/07/2023 02:54,0
26/07/2023 03:09,0
26/07/2023 03:24,0
26/07/2023 03:39,0
26/07/2023 03:53,0
26/07/2023 04:08,0
26/07/2023 04:23,0
26/07/2023 04:38,0
26/07/2023 04:53,0
26/07/2023 05:08,0
26/07/2023 05:22,0
26/07/2023 05:37,0
26/07/2023 05:52,0
26/07/2023 06:07,0
26/07/2023 06:22,2
26/07/2023 06:36,5
26/07/2023 06:51,8
26/07/2023 07:06,11
26/07/2023 07:21,17
26/07/2023 07:25,20
26/07/2023 07:40,18
26/07/2023 07:55,12
26/07/2023 08:09,14
26/07/2023 08:24,27
26/07/2023 08:39,33
26/07/2023 08:54,44
26/07/2023 09:09,56
26/07/2023 09:24,77
26/07/2023 09:42,109
26/07/2023 09:57,120
26/07/2023 10:12,140
26/07/2023 10:26,158
26/07/2023 10:41,163
26/07/2023 10:56,188
26/07/2023 11:11,194
26/07/2023 11:26,226
26/07/2023 11:41,282
26/07/2023 11:55,261
26/07/2023 12:10,232
26/07/2023 12:25,255
26/07/2023 12:40,264
26/07/2023 12:55,225
26/07/2023 13:10,201
26/07/2023 13:24,206
26/07/2023 13:39,186
26/07/2023 13:54,232
26/07/2023 14:09,175
26/07/2023 14:24,151
26/07/2023 14:38,163
26/07/2023 14:53,228
26/07/2023 15:08,273
26/07/2023 15:23,266
26/07/2023 15:38,288
26/07/2023 15:53,188
26/07/2023 16:07,235
26/07/2023 16:22,359
26/07/2023 16:37,264
26/07/2023 16:52,166
26/07/2023 17:07,188
26/07/2023 17:22,142
26/07/2023 17:36,151
26/07/2023 17:51,430
26/07/2023 18:06,364
26/07/2023 18:21,349
26/07/2023 18:36,219
26/07/2023 18:51,348
26/07/2023 19:05,426
26/07/2023 19:20,291
26/07/2023 19:35,378
26/07/2023 19:50,314
26/07/2023 20:05,269
26/07/2023 20:20,238
26/07/2023 20:34,227
26/07/2023 20:49,241
26/07/2023 21:04,156
26/07/2023 21:19,172
26/07/2023 21:34,177
26/07/2023 21:49,204
26/07/2023 22:03,199
26/07/2023 22:18,155
26/07/2023 22:33,125
26/07/2023 22:48,97
26/07/2023 23:03,79
26/07/2023 23:18,63
26/07/2023 23:32,44
26/07/2023 23:47,33
27/07/2023 00:02,24
27/07/2023 00:17,13
27/07/2023 00:32,6
27/07/2023 00:47,3
27/07/2023 01:01,3
27/07/2023 01:16,1
27/07/2023 01:31,0
27/07/2023 01:46,0
27/07/2023 02:01,0
27/07/2023 02:16,0
27/07/2023 02:30,0
27/07/2023 02:45,0
27/07/2023 03:00,0
27/07/2023 03:15,0
27/07/2023 03:30,0
27/07/2023 03:44,0
27/07/2023 03:59,0
27/07/2023 04:14,0
27/07/2023 04:29,0
27/07/2023 04:44,0
27/07/2023 04:59,0
27/07/2023 05:13,0
27/07/2023 05:28,0
27/07/2023 05:43,0
27/07/2023 05:58,0
27/07/2023 06:28,3
27/07/2023 06:42,7
27/07/2023 06:57,11
27/07/2023 07:12,15
27/07/2023 07:14,18
27/07/2023 07:29,21
27/07/2023 07:44,27
27/07/2023 07:58,32
27/07/2023 08:13,37
27/07/2023 08:28,40
27/07/2023 08:43,43
27/07/2023 08:58,46
27/07/2023 09:13,48
27/07/2023 09:27,52
27/07/2023 09:42,57
27/07/2023 09:57,61
27/07/2023 10:12,67
27/07/2023 10:27,73
27/07/2023 10:42,80
27/07/2023 10:56,193
27/07/2023 11:11,297
27/07/2023 11:26,381
27/07/2023 11:41,406
27/07/2023 11:56,428
27/07/2023 12:11,440
27/07/2023 12:25,459
27/07/2023 12:40,493
27/07/2023 12:55,516
27/07/2023 13:10,557
27/07/2023 13:25,597
27/07/2023 13:40,600
27/07/2023 13:54,656
27/07/2023 14:09,696
27/07/2023 14:24,715
27/07/2023 14:39,739
27/07/2023 14:54,765
27/07/2023 15:08,760
27/07/2023 15:23,761
27/07/2023 15:38,746
27/07/2023 15:53,755
27/07/2023 16:08,794
27/07/2023 16:23,794
27/07/2023 16:37,775
27/07/2023 16:52,798
27/07/2023 17:07,735
27/07/2023 17:22,801
27/07/2023 17:37,764
27/07/2023 17:52,769
27/07/2023 18:06,432
27/07/2023 18:21,505
27/07/2023 18:36,574
27/07/2023 18:51,580
27/07/2023 19:06,610
27/07/2023 19:21,567
27/07/2023 19:35,539
27/07/2023 19:50,430
27/07/2023 20:05,468
27/07/2023 20:20,452
27/07/2023 20:35,417
27/07/2023 20:50,398
27/07/2023 21:04,365
27/07/2023 21:19,344
27/07/2023 21:34,186
27/07/2023 21:49,91
27/07/2023 21:52,68
27/07/2023 22:07,68
27/07/2023 22:22,60
27/07/2023 22:37,59
27/07/2023 22:51,42
27/07/2023 23:06,40
27/07/2023 23:21,29
27/07/2023 23:36,30
27/07/2023 23:51,27
28/07/2023 00:06,13
28/07/2023 00:20,8
28/07/2023 00:35,4
28/07/2023 00:50,2
28/07/2023 01:05,0
28/07/2023 01:20,0
28/07/2023 01:35,0
28/07/2023 01:49,0
28/07/2023 02:04,0
28/07/2023 02:19,0
28/07/2023 02:34,0
28/07/2023 02:49,0
28/07/2023 03:04,0
28/07/2023 03:18,0
28/07/2023 03:33,0
28/07/2023 03:48,0
28/07/2023 04:03,0
28/07/2023 04:18,0
28/07/2023 04:33,0
28/07/2023 04:47,0
28/07/2023 05:02,0
28/07/2023 05:03,0
28/07/2023 05:18,0
28/07/2023 05:33,0
28/07/2023 05:48,0
28/07/2023 06:03,1
28/07/2023 06:18,3
28/07/2023 06:32,5
28/07/2023 06:47,9
28/07/2023 07:02,14
28/07/2023 07:17,17
28/07/2023 07:32,20
28/07/2023 07:47,31
28/07/2023 08:01,31
28/07/2023 08:16,33
28/07/2023 08:31,34
28/07/2023 08:46,44
28/07/2023 09:01,53
28/07/2023 09:02,58
28/07/2023 09:17,62
28/07/2023 09:31,66
28/07/2023 09:33,67
28/07/2023 09:48,67
28/07/2023 10:03,69
28/07/2023 10:18,69
28/07/2023 10:32,69
28/07/2023 10:47,68
28/07/2023 11:02,295
28/07/2023 11:17,368
28/07/2023 11:32,419
28/07/2023 11:47,455
28/07/2023 12:01,477
28/07/2023 12:16,503
28/07/2023 12:31,538
28/07/2023 12:46,566
28/07/2023 13:01,604
28/07/2023 13:16,636
28/07/2023 13:30,657
28/07/2023 13:45,622
28/07/2023 13:46,528
28/07/2023 14:01,541
28/07/2023 14:16,660
28/07/2023 14:31,794
28/07/2023 14:46,792
28/07/2023 15:00,678
28/07/2023 15:01,260
28/07/2023 15:16,549
28/07/2023 15:31,623
28/07/2023 15:46,973
28/07/2023 16:01,915
28/07/2023 16:16,784
28/07/2023 16:30,544
28/07/2023 16:45,615
28/07/2023 17:00,726
28/07/2023 17:15,711
28/07/2023 17:30,560
28/07/2023 17:45,707
28/07/2023 17:59,683
28/07/2023 18:14,640
28/07/2023 18:29,490
28/07/2023 18:44,264
28/07/2023 18:59,697
28/07/2023 19:13,710
28/07/2023 19:28,340
28/07/2023 19:43,141
28/07/2023 19:58,185
28/07/2023 20:13,428
28/07/2023 20:28,412
28/07/2023 20:42,350
28/07/2023 20:57,428
28/07/2023 21:12,328
28/07/2023 21:27,271
28/07/2023 21:29,268
28/07/2023 21:44,258
28/07/2023 21:59,225
28/07/2023 22:13,208
28/07/2023 22:28,176
28/07/2023 22:43,130
28/07/2023 22:58,88
28/07/2023 23:13,81
28/07/2023 23:28,66
28/07/2023 23:42,46
28/07/2023 23:57,35
29/07/2023 00:12,19
29/07/2023 00:27,11
29/07/2023 00:42,5
29/07/2023 00:57,2
29/07/2023 01:11,1
29/07/2023 01:26,0
29/07/2023 01:41,0
29/07/2023 01:56,0
29/07/2023 01:57,0
29/07/2023 02:12,0
29/07/2023 02:27,0
29/07/2023 02:42,0
29/07/2023 02:56,0
29/07/2023 03:11,0
29/07/2023 03:26,0
29/07/2023 03:41,0
29/07/2023 03:56,0
29/07/2023 04:11,0
29/07/2023 04:25,0
29/07/2023 04:40,0
29/07/2023 04:55,0
29/07/2023 05:10,0
29/07/2023 05:25,0
29/07/2023 05:40,0
29/07/2023 05:54,0
29/07/2023 06:09,0
29/07/2023 06:24,2
29/07/2023 06:39,4
29/07/2023 06:54,6
29/07/2023 07:09,9
29/07/2023 07:23,12
29/07/2023 07:38,14
29/07/2023 07:53,17
29/07/2023 08:08,21
29/07/2023 08:23,28
29/07/2023 08:37,35
29/07/2023 08:52,43
29/07/2023 09:07,47
29/07/2023 09:22,58
29/07/2023 09:37,91
29/07/2023 09:52,107
29/07/2023 10:06,118
29/07/2023 10:21,171
29/07/2023 10:36,171
29/07/2023 10:51,175
29/07/2023 11:06,195
29/07/2023 11:21,222
29/07/2023 11:35,229
29/07/2023 11:50,279
29/07/2023 12:05,353
29/07/2023 12:20,337
29/07/2023 12:35,289
29/07/2023 12:50,418
29/07/2023 13:04,618
29/07/2023 13:19,510
29/07/2023 13:34,639
29/07/2023 13:49,601
29/07/2023 14:04,694
29/07/2023 14:19,700
29/07/2023 14:33,724
29/07/2023 14:48,730
29/07/2023 15:03,797
29/07/2023 15:33,320
29/07/2023 15:48,284
29/07/2023 16:02,617
29/07/2023 16:17,558
29/07/2023 16:32,421
29/07/2023 16:47,332
29/07/2023 17:02,298
29/07/2023 17:17,284
29/07/2023 17:20,280
29/07/2023 17:35,255
29/07/2023 17:50,213
29/07/2023 18:05,210
29/07/2023 18:06,244
29/07/2023 18:21,247
29/07/2023 18:36,202
29/07/2023 18:51,178
29/07/2023 19:06,122
29/07/2023 19:21,117
29/07/2023 19:35,151
29/07/2023 19:50,184
29/07/2023 20:05,150
29/07/2023 20:20,122
29/07/2023 20:35,121
29/07/2023 21:04,68
29/07/2023 21:19,83
29/07/2023 21:34,87
29/07/2023 21:49,73
29/07/2023 22:04,63
29/07/2023 22:19,59
29/07/2023 22:33,56
29/07/2023 22:48,37
29/07/2023 23:03,26
29/07/2023 23:18,17
29/07/2023 23:33,14
29/07/2023 23:47,11
30/07/2023 00:02,5
30/07/2023 00:17,2
30/07/2023 00:32,1
30/07/2023 00:47,0
30/07/2023 01:02,0
30/07/2023 01:16,0
30/07/2023 01:31,0
30/07/2023 01:46,0
30/07/2023 02:01,0
30/07/2023 02:16,0
30/07/2023 02:31,0
30/07/2023 02:45,0
30/07/2023 03:00,0
30/07/2023 03:15,0
30/07/2023 03:30,0
30/07/2023 03:45,0
30/07/2023 04:00,0
30/07/2023 04:14,0
30/07/2023 04:29,0
30/07/2023 04:44,0
30/07/2023 04:59,0
30/07/2023 05:14,0
30/07/2023 05:29,0
30/07/2023 05:43,0
30/07/2023 05:58,0
30/07/2023 06:13,0
30/07/2023 06:28,0
30/07/2023 06:43,0
30/07/2023 06:58,2
30/07/2023 07:12,3
30/07/2023 07:27,5
30/07/2023 07:42,6
30/07/2023 07:57,5
30/07/2023 08:12,7
30/07/2023 08:27,10
30/07/2023 08:41,12
30/07/2023 09:11,16
30/07/2023 09:26,21
30/07/2023 09:41,24
30/07/2023 09:42,26
30/07/2023 09:57,30
30/07/2023 10:12,36
30/07/2023 10:27,48
30/07/2023 10:42,50
30/07/2023 10:56,50
30/07/2023 11:11,57
30/07/2023 11:26,56
30/07/2023 11:41,55
30/07/2023 11:56,66
30/07/2023 12:10,69
30/07/2023 12:25,63
30/07/2023 12:40,65
30/07/2023 12:55,67
30/07/2023 13:10,81
30/07/2023 13:25,80
30/07/2023 13:39,80
30/07/2023 13:54,77
30/07/2023 14:09,99
30/07/2023 14:24,100
30/07/2023 14:39,103
30/07/2023 14:54,94
30/07/2023 15:08,110
30/07/2023 15:23,120
30/07/2023 15:46,88
30/07/2023 16:01,78
30/07/2023 16:16,80
30/07/2023 16:18,75
30/07/2023 16:33,73
30/07/2023 16:47,67
30/07/2023 17:02,87
30/07/2023 17:17,90
30/07/2023 17:32,90
30/07/2023 17:47,96
30/07/2023 18:01,90
30/07/2023 18:16,58
30/07/2023 18:31,61
30/07/2023 18:46,88
30/07/2023 19:01,103
30/07/2023 19:16,122
30/07/2023 19:30,97
30/07/2023 19:45,47
30/07/2023 20:00,53
30/07/2023 20:15,39
30/07/2023 20:30,31
30/07/2023 20:45,42
30/07/2023 20:59,39
30/07/2023 21:14,34
30/07/2023 21:29,29
30/07/2023 21:44,24
30/07/2023 21:59,18
30/07/2023 22:14,11
30/07/2023 22:28,6
30/07/2023 22:43,9
30/07/2023 22:58,9
30/07/2023 23:13,7
30/07/2023 23:28,5
30/07/2023 23:43,3
30/07/2023 23:46,2
31/07/2023 00:01,2
31/07/2023 00:16,1
31/07/2023 00:31,0
31/07/2023 00:45,0
31/07/2023 01:00,0
31/07/2023 01:15,0
31/07/2023 01:30,0
31/07/2023 01:44,0
31/07/2023 01:59,0
31/07/2023 02:14,0
31/07/2023 02:29,0
31/07/2023 02:44,0
31/07/2023 02:59,0
31/07/2023 03:13,0
31/07/2023 03:28,0
31/07/2023 03:43,0
31/07/2023 03:58,0
31/07/2023 04:13,0
31/07/2023 04:28,0
31/07/2023 04:42,0
31/07/2023 04:44,0
31/07/2023 04:59,0
31/07/2023 05:14,0
31/07/2023 05:29,0
31/07/2023 05:44,0
31/07/2023 05:59,0
31/07/2023 06:13,0
31/07/2023 06:28,0
31/07/2023 06:43,0
31/07/2023 06:58,2
31/07/2023 07:13,3
31/07/2023 07:28,4
31/07/2023 07:42,6
31/07/2023 07:57,9
31/07/2023 08:12,12
31/07/2023 08:27,14
31/07/2023 08:32,13
31/07/2023 08:44,12
31/07/2023 08:59,14
31/07/2023 09:13,20
31/07/2023 09:28,25
31/07/2023 09:43,29
31/07/2023 09:58,29
31/07/2023 10:13,42
31/07/2023 10:28,50
31/07/2023 10:42,65
31/07/2023 10:57,63
31/07/2023 11:12,73
31/07/2023 11:27,53
31/07/2023 11:42,93
31/07/2023 11:57,87
31/07/2023 12:11,74
31/07/2023 12:26,143
31/07/2023 12:41,216
31/07/2023 12:56,160
31/07/2023 13:11,101
31/07/2023 13:26,132
31/07/2023 13:40,157
31/07/2023 13:55,151
31/07/2023 14:10,107
31/07/2023 14:25,105
31/07/2023 14:40,97
31/07/2023 14:54,121
31/07/2023 15:09,136
31/07/2023 15:24,134
31/07/2023 15:27,132
31/07/2023 15:42,126
31/07/2023 15:57,137
31/07/2023 16:12,137
31/07/2023 16:27,114
31/07/2023 16:42,119
31/07/2023 16:56,107
31/07/2023 17:11,134
31/07/2023 17:26,310
31/07/2023 17:41,469
31/07/2023 17:56,350
31/07/2023 18:11,342
31/07/2023 18:25,331
31/07/2023 18:40,351
31/07/2023 18:55,286
31/07/2023 19:10,250
31/07/2023 19:25,262
31/07/2023 19:40,267
31/07/2023 19:54,416
31/07/2023 20:09,374
31/07/2023 20:24,384
31/07/2023 20:39,208
31/07/2023 20:54,182
31/07/2023 21:08,167
31/07/2023 21:23,145
31/07/2023 21:38,112
31/07/2023 21:53,87
31/07/2023 22:08,77
31/07/2023 22:23,81
31/07/2023 22:37,66
31/07/2023 22:52,55
31/07/2023 23:07,38
31/07/2023 23:22,26
31/07/2023 23:37,19
31/07/2023 23:52,13
01/08/2023 00:06,8
01/08/2023 00:21,5
01/08/2023 00:36,3
01/08/2023 00:40,2
01/08/2023 00:55,1
01/08/2023 01:10,0
01/08/2023 01:25,0
01/08/2023 01:40,0
01/08/2023 01:54,0
01/08/2023 02:09,0
01/08/2023 02:24,0
01/08/2023 02:39,0
01/08/2023 02:54,0
01/08/2023 03:09,0
01/08/2023 03:23,0
01/08/2023 03:38,0
01/08/2023 03:53,0
01/08/2023 04:08,0
01/08/2023 04:23,0
01/08/2023 04:38,0
01/08/2023 04:52,0
01/08/2023 05:07,0
01/08/2023 05:22,0
01/08/2023 05:37,0
01/08/2023 05:52,0
01/08/2023 06:07,0
01/08/2023 06:21,1
01/08/2023 06:36,2
01/08/2023 07:06,7
01/08/2023 07:21,10
01/08/2023 07:36,17
01/08/2023 07:50,24
01/08/2023 08:05,29
01/08/2023 08:20,40
01/08/2023 08:35,47
01/08/2023 08:50,49
01/08/2023 09:05,54
01/08/2023 09:19,59
01/08/2023 09:34,71
01/08/2023 09:49,105
01/08/2023 10:04,137
01/08/2023 10:19,110
01/08/2023 10:34,100
01/08/2023 10:48,107
01/08/2023 11:03,103
01/08/2023 11:18,96
01/08/2023 11:33,103
01/08/2023 11:48,118
01/08/2023 12:03,151
01/08/2023 12:17,143
01/08/2023 12:32,98
01/08/2023 12:47,90
01/08/2023 13:02,106
01/08/2023 13:17,144
01/08/2023 13:32,92
01/08/2023 13:46,87
01/08/2023 14:01,95
01/08/2023 14:16,123
01/08/2023 14:31,149
01/08/2023 14:46,213
01/08/2023 15:00,355
01/08/2023 15:15,378
01/08/2023 15:30,547
01/08/2023 15:45,490
01/08/2023 16:00,445
01/08/2023 16:15,358
01/08/2023 16:29,447
01/08/2023 16:44,640
01/08/2023 16:59,385
01/08/2023 17:14,556
01/08/2023 17:29,588
01/08/2023 17:44,454
01/08/2023 17:58,522
01/08/2023 18:13,567
01/08/2023 18:28,630
01/08/2023 18:34,622
01/08/2023 18:49,624
01/08/2023 19:03,374
01/08/2023 19:18,466
01/08/2023 19:33,512
01/08/2023 19:48,350
01/08/2023 20:03,471
01/08/2023 20:18,419
01/08/2023 20:32,195
01/08/2023 20:47,217
01/08/2023 21:02,118
01/08/2023 21:17,222
01/08/2023 21:32,249
01/08/2023 21:46,219
01/08/2023 22:01,182
01/08/2023 22:16,156
01/08/2023 22:31,129
01/08/2023 22:46,99
01/08/2023 23:01,82
01/08/2023 23:15,44
01/08/2023 23:30,27
01/08/2023 23:45,15
02/08/2023 00:00,8
02/08/2023 00:15,4
02/08/2023 00:30,1
02/08/2023 00:44,0
02/08/2023 00:59,0
02/08/2023 01:14,0
02/08/2023 01:29,0
02/08/2023 01:44,0
02/08/2023 01:59,0
02/08/2023 02:13,0
02/08/2023 02:28,0
02/08/2023 02:43,0
02/08/2023 02:58,0
02/08/2023 03:13,0
02/08/2023 03:28,0
02/08/2023 03:42,0
02/08/2023 03:57,0
02/08/2023 04:12,0
02/08/2023 04:27,0
02/08/2023 04:42,0
02/08/2023 04:57,0
02/08/2023 05:11,0
02/08/2023 05:26,0
02/08/2023 05:41,0
02/08/2023 05:56,0
02/08/2023 06:11,0
02/08/2023 06:26,1
02/08/2023 06:40,3
02/08/2023 06:55,5
02/08/2023 07:10,10
02/08/2023 07:25,14
02/08/2023 07:40,18
02/08/2023 07:55,28
02/08/2023 08:09,32
02/08/2023 08:24,34
02/08/2023 08:39,52
02/08/2023 08:54,62
02/08/2023 09:09,69
02/08/2023 09:24,81
02/08/2023 09:38,90
02/08/2023 09:53,121
02/08/2023 10:08,133
02/08/2023 10:23,145
02/08/2023 10:38,163
02/08/2023 10:53,133
02/08/2023 11:07,273
02/08/2023 11:22,374
02/08/2023 11:37,384
02/08/2023 11:52,326
02/08/2023 12:07,406
02/08/2023 12:21,388
02/08/2023 12:36,497
02/08/2023 12:51,543
02/08/2023 13:06,570
02/08/2023 13:21,595
02/08/2023 13:36,617
02/08/2023 13:50,638
02/08/2023 14:05,660
02/08/2023 14:20,677
02/08/2023 14:35,693
02/08/2023 14:50,707
02/08/2023 15:05,721
02/08/2023 15:19,738
02/08/2023 15:34,759
02/08/2023 15:49,635
02/08/2023 16:04,756
02/08/2023 16:19,738
02/08/2023 16:34,729
02/08/2023 16:48,736
02/08/2023 17:03,728
02/08/2023 17:18,732
02/08/2023 17:33,654
02/08/2023 17:48,624
02/08/2023 17:50,703
02/08/2023 18:05,335
02/08/2023 18:20,284
02/08/2023 18:35,174
02/08/2023 18:50,208
02/08/2023 19:04,186
02/08/2023 19:19,165
02/08/2023 19:34,169
02/08/2023 19:49,139
02/08/2023 20:04,119
02/08/2023 20:19,127
02/08/2023 20:33,107
02/08/2023 20:48,93
02/08/2023 21:03,77
02/08/2023 21:18,83
02/08/2023 21:33,113
02/08/2023 21:48,107
02/08/2023 22:02,73
02/08/2023 22:17,64
02/08/2023 22:32,64
02/08/2023 22:47,54
02/08/2023 23:02,44
02/08/2023 23:17,35
02/08/2023 23:31,28
02/08/2023 23:35,20
02/08/2023 23:50,14
03/08/2023 00:05,9
03/08/2023 00:07,6
03/08/2023 00:21,5
03/08/2023 00:36,3
03/08/2023 00:51,1
03/08/2023 01:06,0
03/08/2023 01:21,0
03/08/2023 01:36,0
03/08/2023 01:50,0
03/08/2023 02:05,0
03/08/2023 02:20,0
03/08/2023 02:35,0
03/08/2023 02:50,0
03/08/2023 03:05,0
03/08/2023 03:19,0
03/08/2023 03:34,0
03/08/2023 03:49,0
03/08/2023 04:04,0
03/08/2023 04:19,0
03/08/2023 04:33,0
03/08/2023 04:48,0
03/08/2023 05:03,0
03/08/2023 05:18,0
03/08/2023 05:33,0
03/08/2023 05:48,0
03/08/2023 06:02,0
03/08/2023 06:17,0
03/08/2023 06:32,0
03/08/2023 06:47,2
03/08/2023 07:02,4
03/08/2023 07:17,7
03/08/2023 07:31,11
03/08/2023 07:46,17
03/08/2023 08:01,24
03/08/2023 08:16,32
03/08/2023 08:31,41
03/08/2023 08:46,55
03/08/2023 09:00,66
03/08/2023 09:15,80
03/08/2023 09:30,106
03/08/2023 09:45,121
03/08/2023 10:00,139
03/08/2023 10:15,154
03/08/2023 10:29,162
03/08/2023 10:44,150
03/08/2023 10:59,147
03/08/2023 11:14,150
03/08/2023 11:29,167
03/08/2023 11:44,225
03/08/2023 11:58,277
03/08/2023 12:13,239
03/08/2023 12:28,203
03/08/2023 12:43,232
03/08/2023 12:58,244
03/08/2023 13:13,405
03/08/2023 13:27,240
03/08/2023 13:42,730
03/08/2023 13:57,381
03/08/2023 14:12,374
03/08/2023 14:27,346
03/08/2023 14:42,367
03/08/2023 14:56,340
03/08/2023 15:11,332
03/08/2023 15:26,309
03/08/2023 15:41,302
03/08/2023 15:56,284
03/08/2023 16:11,256
03/08/2023 16:25,247
03/08/2023 16:40,245
03/08/2023 16:55,241
03/08/2023 17:10,309
03/08/2023 17:25,367
03/08/2023 17:40,283
03/08/2023 17:54,288
03/08/2023 18:09,232
03/08/2023 18:24,170
03/08/2023 18:39,167
03/08/2023 18:54,175
03/08/2023 19:08,181
03/08/2023 19:23,171
03/08/2023 19:38,132
03/08/2023 19:53,120
03/08/2023 20:08,109
03/08/2023 20:23,112
03/08/2023 20:37,94
03/08/2023 20:52,101
03/08/2023 21:07,77
03/08/2023 21:22,80
03/08/2023 21:37,79
03/08/2023 21:52,67
03/08/2023 22:06,52
03/08/2023 22:21,46
03/08/2023 22:36,41
03/08/2023 22:51,35
03/08/2023 23:06,28
03/08/2023 23:21,19
03/08/2023 23:35,11
03/08/2023 23:50,8
04/08/2023 00:05,6
04/08/2023 00:20,4
04/08/2023 00:35,2
04/08/2023 00:50,0
04/08/2023 01:04,0
04/08/2023 01:19,0
04/08/2023 01:34,0
04/08/2023 01:49,0
04/08/2023 02:04,0
04/08/2023 02:19,0
04/08/2023 02:33,0
04/08/2023 02:44,0
04/08/2023 02:58,0
04/08/2023 03:13,0
04/08/2023 03:28,0
04/08/2023 03:43,0
04/08/2023 03:58,0
04/08/2023 03:59,0
04/08/2023 04:14,0
04/08/2023 04:28,0
04/08/2023 04:43,0
04/08/2023 04:58,0
04/08/2023 05:13,0
04/08/2023 05:28,0
04/08/2023 05:43,0
04/08/2023 05:57,0
04/08/2023 06:12,0
04/08/2023 06:27,0
04/08/2023 06:42,2
04/08/2023 06:57,4
04/08/2023 07:11,7
04/08/2023 07:26,18
04/08/2023 07:41,35
04/08/2023 07:56,40
04/08/2023 08:11,40
04/08/2023 08:26,42
04/08/2023 08:40,51
04/08/2023 08:55,61
04/08/2023 09:10,55
04/08/2023 09:25,67
04/08/2023 09:40,92
04/08/2023 09:55,100
04/08/2023 10:09,122
04/08/2023 10:24,108
04/08/2023 10:39,129
04/08/2023 10:54,123
04/08/2023 10:56,63
04/08/2023 11:11,104
04/08/2023 11:26,173
04/08/2023 11:41,172
04/08/2023 11:55,209
04/08/2023 12:10,250
04/08/2023 12:25,211
04/08/2023 12:40,177
04/08/2023 12:55,131
04/08/2023 13:10,180
04/08/2023 13:24,142
04/08/2023 13:39,99
04/08/2023 13:55,185
04/08/2023 14:10,115
04/08/2023 14:24,289
04/08/2023 14:39,315
04/08/2023 14:54,218
04/08/2023 15:09,192
04/08/2023 15:24,476
04/08/2023 15:39,160
04/08/2023 15:53,368
04/08/2023 16:08,238
04/08/2023 16:23,158
04/08/2023 16:38,329
04/08/2023 16:53,234
04/08/2023 17:08,349
04/08/2023 17:22,196
04/08/2023 17:37,179
04/08/2023 17:52,337
04/08/2023 18:07,496
04/08/2023 18:22,233
04/08/2023 18:36,178
04/08/2023 18:51,221
04/08/2023 19:06,258
04/08/2023 19:21,266
04/08/2023 19:36,345
04/08/2023 19:51,378
04/08/2023 20:05,184
04/08/2023 20:20,181
04/08/2023 20:35,221
04/08/2023 20:50,204
04/08/2023 21:05,176
04/08/2023 21:20,208
04/08/2023 21:34,145
04/08/2023 21:49,133
04/08/2023 22:04,114
04/08/2023 22:19,87
04/08/2023 22:34,73
04/08/2023 22:49,52
04/08/2023 23:03,38
04/08/2023 23:18,35
04/08/2023 23:33,32
04/08/2023 23:48,19
05/08/2023 00:03,8
05/08/2023 00:18,3
05/08/2023 00:32,1
05/08/2023 00:47,0
05/08/2023 01:02,0
05/08/2023 01:17,0
05/08/2023 01:32,0
05/08/2023 01:47,0
05/08/2023 02:01,0
05/08/2023 02:16,0
05/08/2023 02:31,0
05/08/2023 02:46,0
05/08/2023 03:01,0
05/08/2023 03:16,0
05/08/2023 03:30,0
05/08/2023 03:45,0
05/08/2023 04:00,0
05/08/2023 04:15,0
05/08/2023 04:30,0
05/08/2023 04:45,0
05/08/2023 04:59,0
05/08/2023 05:14,0
05/08/2023 05:29,0
05/08/2023 05:44,0
05/08/2023 05:59,0
05/08/2023 06:14,0
05/08/2023 06:28,0
05/08/2023 06:43,0
05/08/2023 06:58,1
05/08/2023 07:13,2
05/08/2023 07:28,4
05/08/2023 07:42,7
05/08/2023 07:57,13
05/08/2023 08:12,18
05/08/2023 08:27,21
05/08/2023 08:42,27
05/08/2023 08:57,33
05/08/2023 09:11,41
05/08/2023 09:26,49
05/08/2023 09:41,69
05/08/2023 09:56,77
05/08/2023 10:11,77
05/08/2023 10:26,74
05/08/2023 10:40,101
05/08/2023 10:55,111
05/08/2023 11:10,115
05/08/2023 11:25,107
05/08/2023 11:40,86
05/08/2023 11:55,92
05/08/2023 12:09,158
05/08/2023 12:24,193
05/08/2023 12:39,242
05/08/2023 12:54,328
05/08/2023 13:09,338
05/08/2023 13:24,290
05/08/2023 13:38,269
05/08/2023 13:53,184
05/08/2023 14:08,209
05/08/2023 14:23,207
05/08/2023 14:38,155
05/08/2023 14:53,216
05/08/2023 15:07,129
05/08/2023 15:22,238
05/08/2023 15:37,187
05/08/2023 15:52,184
05/08/2023 16:07,261
05/08/2023 16:22,284
05/08/2023 16:36,134
05/08/2023 16:51,184
05/08/2023 17:06,163
05/08/2023 17:21,231
05/08/2023 17:36,218
05/08/2023 17:51,233
05/08/2023 18:05,271
05/08/2023 18:20,186
05/08/2023 18:35,137
05/08/2023 18:50,162
05/08/2023 19:05,154
05/08/2023 19:20,97
05/08/2023 19:34,80
05/08/2023 19:49,60
05/08/2023 20:04,79
05/08/2023 20:19,54
05/08/2023 20:34,50
05/08/2023 20:35,54
05/08/2023 20:50,47
05/08/2023 21:05,55
05/08/2023 21:19,46
05/08/2023 21:34,46
05/08/2023 21:49,29
05/08/2023 22:04,10
05/08/2023 22:19,6
05/08/2023 22:34,6
05/08/2023 22:48,7
05/08/2023 23:03,7
05/08/2023 23:18,8
05/08/2023 23:33,4
05/08/2023 23:48,4
06/08/2023 00:03,2
06/08/2023 00:17,1
06/08/2023 00:32,0
06/08/2023 00:47,0
06/08/2023 01:02,0
06/08/2023 01:17,0
06/08/2023 01:32,0
06/08/2023 01:46,0
06/08/2023 02:01,0
06/08/2023 02:16,0
06/08/2023 02:31,0
06/08/2023 02:46,0
06/08/2023 03:01,0
06/08/2023 03:04,0
06/08/2023 03:18,0
06/08/2023 03:33,0
06/08/2023 03:48,0
06/08/2023 04:03,0
06/08/2023 04:18,0
06/08/2023 04:19,0
06/08/2023 04:34,0
06/08/2023 04:48,0
06/08/2023 05:03,0
06/08/2023 05:18,0
06/08/2023 05:33,0
06/08/2023 05:48,0
06/08/2023 06:03,0
06/08/2023 06:17,0
06/08/2023 06:32,0
06/08/2023 06:47,0
06/08/2023 07:02,1
06/08/2023 07:17,2
06/08/2023 07:31,4
06/08/2023 07:46,7
06/08/2023 08:01,12
06/08/2023 08:16,17
06/08/2023 08:31,19
06/08/2023 08:46,18
06/08/2023 09:00,18
06/08/2023 09:15,21
06/08/2023 09:30,29
06/08/2023 09:45,49
06/08/2023 10:00,45
06/08/2023 10:03,58
06/08/2023 10:17,51
06/08/2023 10:32,71
06/08/2023 10:47,95
06/08/2023 11:02,79
06/08/2023 11:17,101
06/08/2023 11:32,83
06/08/2023 11:46,71
06/08/2023 12:01,58
06/08/2023 12:16,73
06/08/2023 12:31,129
06/08/2023 12:46,113
06/08/2023 13:00,149
06/08/2023 13:15,177
06/08/2023 13:30,124
06/08/2023 13:45,80
06/08/2023 14:00,28
06/08/2023 14:15,34
06/08/2023 14:29,82
06/08/2023 14:44,212
06/08/2023 14:59,213
06/08/2023 15:14,137
06/08/2023 15:29,170
06/08/2023 15:44,230
06/08/2023 15:58,346
06/08/2023 16:13,318
06/08/2023 16:28,310
06/08/2023 16:43,337
06/08/2023 16:58,229
06/08/2023 17:13,199
06/08/2023 17:27,169
06/08/2023 17:42,114
06/08/2023 17:57,105
06/08/2023 18:12,98
06/08/2023 18:27,116
06/08/2023 18:42,126
06/08/2023 18:56,179
06/08/2023 19:11,195
06/08/2023 19:26,163
06/08/2023 19:41,230
06/08/2023 19:56,191
06/08/2023 20:11,239
06/08/2023 20:25,170
06/08/2023 20:40,130
06/08/2023 20:55,81
06/08/2023 21:25,74
06/08/2023 21:40,89
06/08/2023 21:54,92
06/08/2023 22:09,58
06/08/2023 22:24,50
06/08/2023 22:39,39
06/08/2023 22:54,34
06/08/2023 23:09,30
06/08/2023 23:23,21
06/08/2023 23:38,15
06/08/2023 23:53,9
07/08/2023 00:08,3
07/08/2023 00:23,1
07/08/2023 00:38,0
07/08/2023 00:52,0
07/08/2023 01:07,0
07/08/2023 01:22,0
07/08/2023 01:37,0
07/08/2023 01:52,0
07/08/2023 02:07,0
07/08/2023 02:21,0
07/08/2023 02:36,0
07/08/2023 02:51,0
07/08/2023 03:06,0
07/08/2023 03:21,0
07/08/2023 03:36,0
07/08/2023 03:50,0
07/08/2023 04:05,0
07/08/2023 04:20,0
07/08/2023 04:35,0
07/08/2023 04:50,0
07/08/2023 05:04,0
07/08/2023 05:19,0
07/08/2023 05:34,0
07/08/2023 05:49,0
07/08/2023 06:04,0
07/08/2023 06:19,0
07/08/2023 06:33,0
07/08/2023 06:48,1
07/08/2023 07:03,3
07/08/2023 07:18,5
07/08/2023 07:33,8
07/08/2023 07:48,11
07/08/2023 08:02,16
07/08/2023 08:17,24
07/08/2023 08:32,31
07/08/2023 08:47,37
07/08/2023 09:02,46
07/08/2023 09:17,73
07/08/2023 09:31,71
07/08/2023 09:46,79
07/08/2023 10:01,99
07/08/2023 10:16,142
07/08/2023 10:31,170
07/08/2023 10:46,141
07/08/2023 11:00,187
07/08/2023 11:15,362
07/08/2023 11:30,349
07/08/2023 11:45,393
07/08/2023 12:00,477
07/08/2023 12:15,545
07/08/2023 12:29,375
07/08/2023 12:44,311
07/08/2023 12:59,308
07/08/2023 13:14,192
07/08/2023 13:29,205
07/08/2023 13:44,697
07/08/2023 13:58,665
07/08/2023 14:13,555
07/08/2023 14:28,900
07/08/2023 14:43,854
07/08/2023 14:58,751
07/08/2023 15:13,653
07/08/2023 15:27,878
07/08/2023 15:42,604
07/08/2023 15:57,750
07/08/2023 16:12,677
07/08/2023 16:27,689
07/08/2023 16:42,765
07/08/2023 16:56,734
07/08/2023 16:58,721
07/08/2023 17:13,711
07/08/2023 17:27,703
07/08/2023 17:42,724
07/08/2023 17:57,450
07/08/2023 18:12,155
07/08/2023 18:27,70
07/08/2023 18:42,46
07/08/2023 18:56,49
07/08/2023 19:11,40
07/08/2023 19:26,31
07/08/2023 19:41,41
07/08/2023 19:56,48
07/08/2023 20:11,68
07/08/2023 20:25,163
07/08/2023 20:40,383
07/08/2023 20:55,260
07/08/2023 21:10,143
07/08/2023 21:25,64
07/08/2023 21:40,46
07/08/2023 21:54,35
07/08/2023 22:09,24
07/08/2023 22:24,16
07/08/2023 22:39,9
07/08/2023 23:23,2
07/08/2023 23:38,1
07/08/2023 23:53,0
08/08/2023 00:08,0
08/08/2023 00:23,0
08/08/2023 00:37,0
08/08/2023 00:52,0
08/08/2023 01:07,0
08/08/2023 01:22,0
08/08/2023 01:37,0
08/08/2023 01:52,0
08/08/2023 02:06,0
08/08/2023 02:21,0
08/08/2023 02:36,0
08/08/2023 02:51,0
08/08/2023 03:06,0
08/08/2023 03:21,0
08/08/2023 03:35,0
08/08/2023 03:50,0
08/08/2023 04:05,0
08/08/2023 04:08,0
08/08/2023 04:23,0
08/08/2023 04:38,0
08/08/2023 04:52,0
08/08/2023 05:07,0
08/08/2023 05:22,0
08/08/2023 05:37,0
08/08/2023 05:52,0
08/08/2023 06:07,0
08/08/2023 06:21,0
08/08/2023 06:36,0
08/08/2023 06:51,0
08/08/2023 07:06,1
08/08/2023 07:21,2
08/08/2023 07:36,3
08/08/2023 07:50,7
08/08/2023 08:05,7
08/08/2023 08:20,14
08/08/2023 08:35,25
08/08/2023 08:50,40
08/08/2023 09:05,61
08/08/2023 09:19,85
08/08/2023 09:34,88
08/08/2023 09:40,89
08/08/2023 09:55,91
08/08/2023 10:10,115
08/08/2023 10:25,118
08/08/2023 10:39,139
08/08/2023 10:54,149
08/08/2023 11:09,141
08/08/2023 11:24,154
08/08/2023 11:39,157
08/08/2023 11:54,208
08/08/2023 12:08,312
08/08/2023 12:23,304
08/08/2023 12:38,319
08/08/2023 12:53,407
08/08/2023 13:08,440
08/08/2023 13:23,477
08/08/2023 13:37,571
08/08/2023 13:52,547
08/08/2023 14:07,485
08/08/2023 14:22,678
08/08/2023 14:37,768
08/08/2023 14:52,726
08/08/2023 15:06,719
08/08/2023 15:21,732
08/08/2023 15:36,728
08/08/2023 15:51,731
08/08/2023 16:06,735
08/08/2023 16:21,737
08/08/2023 16:35,731
08/08/2023 16:50,682
08/08/2023 17:05,507
08/08/2023 17:20,745
08/08/2023 17:35,419
08/08/2023 17:49,124
08/08/2023 18:04,177
08/08/2023 18:19,102
08/08/2023 18:34,76
08/08/2023 18:49,129
08/08/2023 19:04,88
08/08/2023 19:18,51
08/08/2023 19:33,34
08/08/2023 19:48,58
08/08/2023 20:03,78
08/08/2023 20:18,69
08/08/2023 20:33,87
08/08/2023 20:47,111
08/08/2023 21:02,140
08/08/2023 21:17,191
08/08/2023 21:32,237
08/08/2023 21:47,214
08/08/2023 22:02,189
08/08/2023 22:16,152
08/08/2023 22:31,125
08/08/2023 22:46,101
08/08/2023 23:01,56
08/08/2023 23:16,53
08/08/2023 23:31,18
08/08/2023 23:45,11
09/08/2023 00:00,6
09/08/2023 00:15,4
09/08/2023 00:30,1
09/08/2023 00:45,0
09/08/2023 01:00,0
09/08/2023 01:14,0
09/08/2023 01:29,0
09/08/2023 01:44,0
09/08/2023 01:59,0
09/08/2023 02:14,0
09/08/2023 02:29,0
09/08/2023 02:43,0
09/08/2023 02:58,0
09/08/2023 03:13,0
09/08/2023 03:28,0
09/08/2023 03:43,0
09/08/2023 03:58,0
09/08/2023 04:12,0
09/08/2023 04:27,0
09/08/2023 04:42,0
09/08/2023 04:57,0
09/08/2023 05:12,0
09/08/2023 05:27,0
09/08/2023 05:41,0
09/08/2023 05:56,0
09/08/2023 06:11,0
09/08/2023 06:26,0
09/08/2023 06:41,0
09/08/2023 06:55,1
09/08/2023 07:10,4
09/08/2023 07:25,7
09/08/2023 07:40,10
09/08/2023 07:55,13
09/08/2023 08:10,16
09/08/2023 08:24,19
09/08/2023 08:39,21
09/08/2023 08:54,22
09/08/2023 09:09,24
09/08/2023 09:24,25
09/08/2023 09:39,27
09/08/2023 09:53,28
09/08/2023 10:08,29
09/08/2023 10:23,30
09/08/2023 10:38,32
09/08/2023 10:53,33
09/08/2023 11:08,196
09/08/2023 11:22,352
09/08/2023 11:37,385
09/08/2023 11:52,417
09/08/2023 12:07,449
09/08/2023 12:22,479
09/08/2023 12:37,509
09/08/2023 12:51,536
09/08/2023 13:06,562
09/08/2023 13:21,587
09/08/2023 13:36,610
09/08/2023 14:06,656
09/08/2023 14:20,673
09/08/2023 14:23,764
09/08/2023 14:38,673
09/08/2023 14:53,742
09/08/2023 15:07,690
09/08/2023 15:22,707
09/08/2023 15:37,728
09/08/2023 15:52,703
09/08/2023 16:07,494
09/08/2023 16:22,492
09/08/2023 16:36,612
09/08/2023 16:51,522
09/08/2023 17:06,439
09/08/2023 17:21,342
09/08/2023 17:36,433
09/08/2023 17:51,338
09/08/2023 18:05,292
09/08/2023 18:20,242
09/08/2023 18:35,198
09/08/2023 18:50,186
09/08/2023 19:05,195
09/08/2023 19:20,195
09/08/2023 19:34,179
09/08/2023 19:49,205
09/08/2023 20:04,180
09/08/2023 20:19,156
09/08/2023 20:34,112
09/08/2023 20:49,167
09/08/2023 21:03,139
09/08/2023 21:18,124
09/08/2023 21:48,68
09/08/2023 22:03,57
09/08/2023 22:18,38
09/08/2023 22:32,46
09/08/2023 22:36,50
09/08/2023 22:51,34
09/08/2023 23:06,25
09/08/2023 23:21,18
09/08/2023 23:36,12
10/08/2023 00:02,4
10/08/2023 00:17,2
10/08/2023 00:31,0
10/08/2023 00:46,0
10/08/2023 01:01,0
10/08/2023 01:16,0
10/08/2023 01:31,0
10/08/2023 01:46,0
10/08/2023 02:00,0
10/08/2023 02:15,0
10/08/2023 02:30,0
10/08/2023 02:45,0
10/08/2023 03:00,0
10/08/2023 03:16,0
10/08/2023 03:31,0
10/08/2023 03:46,0
10/08/2023 04:01,0
10/08/2023 04:16,0
10/08/2023 04:31,0
10/08/2023 04:45,0
10/08/2023 05:15,0
10/08/2023 05:30,0
10/08/2023 05:45,0
10/08/2023 06:00,0
10/08/2023 06:14,0
10/08/2023 06:29,0
10/08/2023 06:44,0
10/08/2023 06:59,0
10/08/2023 07:14,1
10/08/2023 07:29,3
10/08/2023 07:43,9
10/08/2023 07:58,10
10/08/2023 08:02,11
10/08/2023 08:17,11
10/08/2023 08:31,12
10/08/2023 08:46,11
10/08/2023 09:01,26
10/08/2023 09:16,31
10/08/2023 09:31,53
10/08/2023 09:45,41
10/08/2023 10:00,58
10/08/2023 10:15,70
10/08/2023 10:30,96
10/08/2023 10:45,115
10/08/2023 11:00,97
10/08/2023 11:17,107
10/08/2023 11:32,76
10/08/2023 11:47,91
10/08/2023 12:02,109
10/08/2023 12:17,65
10/08/2023 12:31,89
10/08/2023 12:46,77
10/08/2023 13:01,79
10/08/2023 13:16,133
10/08/2023 13:31,218
10/08/2023 13:45,198
10/08/2023 14:00,169
10/08/2023 14:15,174
10/08/2023 14:30,175
10/08/2023 14:45,135
10/08/2023 15:00,160
10/08/2023 15:14,207
10/08/2023 15:29,216
10/08/2023 15:44,232
10/08/2023 15:59,270
10/08/2023 16:14,309
10/08/2023 16:29,315
10/08/2023 16:43,361
10/08/2023 16:58,288
10/08/2023 17:13,351
10/08/2023 17:28,348
10/08/2023 17:43,541
10/08/2023 17:58,722
10/08/2023 18:12,659
10/08/2023 18:27,551
10/08/2023 18:42,488
10/08/2023 18:57,283
10/08/2023 19:12,275
10/08/2023 19:27,307
10/08/2023 19:41,257
10/08/2023 19:56,297
10/08/2023 20:11,272
10/08/2023 20:26,222
10/08/2023 20:41,299
10/08/2023 20:56,253
10/08/2023 21:10,274
10/08/2023 21:25,243
10/08/2023 21:40,209
10/08/2023 21:55,178
10/08/2023 22:10,104
10/08/2023 22:25,85
10/08/2023 22:39,80
10/08/2023 22:54,27
10/08/2023 23:09,30
10/08/2023 23:24,19
10/08/2023 23:39,11
10/08/2023 23:54,6
11/08/2023 00:08,3
11/08/2023 00:23,1
11/08/2023 00:38,0
11/08/2023 00:53,0
11/08/2023 01:08,0
11/08/2023 01:23,0
11/08/2023 01:37,0
11/08/2023 01:52,0
11/08/2023 02:07,0
11/08/2023 02:22,0
11/08/2023 02:37,0
11/08/2023 02:52,0
11/08/2023 03:06,0
11/08/2023 03:21,0
11/08/2023 03:36,0
11/08/2023 03:51,0
11/08/2023 04:06,0
11/08/2023 04:20,0
11/08/2023 04:35,0
11/08/2023 04:50,0
11/08/2023 05:05,0
11/08/2023 05:20,0
11/08/2023 05:35,0
11/08/2023 05:49,0
11/08/2023 06:04,0
11/08/2023 06:19,0
11/08/2023 06:34,0
11/08/2023 06:49,0
11/08/2023 07:04,3
11/08/2023 07:18,6
11/08/2023 07:33,9
11/08/2023 07:48,12
11/08/2023 08:03,15
11/08/2023 08:18,21
11/08/2023 08:33,29
11/08/2023 08:47,41
11/08/2023 09:02,56
11/08/2023 09:17,59
11/08/2023 09:32,56
11/08/2023 09:47,31
11/08/2023 10:02,50
11/08/2023 10:16,32
11/08/2023 10:31,18
11/08/2023 10:49,28
11/08/2023 11:04,43
11/08/2023 11:18,70
11/08/2023 11:33,105
11/08/2023 11:48,73
11/08/2023 12:03,85
11/08/2023 12:18,125
11/08/2023 12:19,121
11/08/2023 12:34,93
11/08/2023 12:48,114
11/08/2023 13:03,86
11/08/2023 13:18,89
11/08/2023 13:33,117
11/08/2023 13:48,173
11/08/2023 14:03,135
11/08/2023 14:17,83
11/08/2023 14:32,135
11/08/2023 14:47,170
11/08/2023 15:02,165
11/08/2023 15:17,192
11/08/2023 15:32,235
11/08/2023 15:46,238
11/08/2023 16:01,262
11/08/2023 16:16,244
11/08/2023 16:31,277
11/08/2023 16:46,268
11/08/2023 17:01,275
11/08/2023 17:15,296
11/08/2023 17:30,294
11/08/2023 17:45,195
11/08/2023 18:00,223
11/08/2023 18:15,199
11/08/2023 18:30,189
11/08/2023 18:44,204
11/08/2023 18:59,200
11/08/2023 19:14,160
11/08/2023 19:29,130
11/08/2023 19:44,159
11/08/2023 19:59,167
11/08/2023 20:13,178
11/08/2023 20:28,158
11/08/2023 20:43,121
11/08/2023 20:58,97
11/08/2023 21:13,77
11/08/2023 21:28,102
11/08/2023 21:42,137
11/08/2023 21:57,113
11/08/2023 22:12,85
11/08/2023 22:27,63
11/08/2023 22:42,45
11/08/2023 22:57,37
11/08/2023 23:11,32
11/08/2023 23:26,26
11/08/2023 23:41,15
11/08/2023 23:56,4
12/08/2023 00:11,1
12/08/2023 00:25,0
12/08/2023 00:40,0
12/08/2023 00:55,0
12/08/2023 01:10,0
12/08/2023 01:25,0
12/08/2023 01:40,0
12/08/2023 01:54,0
12/08/2023 02:09,0
12/08/2023 02:24,0
12/08/2023 02:39,0
12/08/2023 02:54,0
12/08/2023 03:09,0
12/08/2023 03:23,0
12/08/2023 03:38,0
12/08/2023 03:53,0
12/08/2023 04:08,0
12/08/2023 04:23,0
12/08/2023 04:38,0
12/08/2023 04:52,0
12/08/2023 05:07,0
12/08/2023 05:22,0
12/08/2023 05:37,0
12/08/2023 05:52,0
12/08/2023 06:07,0
12/08/2023 06:21,0
12/08/2023 06:36,0
12/08/2023 06:51,0
12/08/2023 07:06,2
12/08/2023 07:21,4
12/08/2023 07:50,11
12/08/2023 08:05,14
12/08/2023 08:20,17
12/08/2023 08:35,20
12/08/2023 08:50,23
12/08/2023 09:05,25
12/08/2023 09:19,27
12/08/2023 09:34,28
12/08/2023 09:49,30
12/08/2023 10:04,31
12/08/2023 10:19,32
12/08/2023 10:34,34
12/08/2023 10:48,36
12/08/2023 11:03,76
12/08/2023 11:18,321
12/08/2023 11:33,353
12/08/2023 11:48,386
12/08/2023 12:03,418
12/08/2023 12:17,449
12/08/2023 12:32,479
12/08/2023 12:47,506
12/08/2023 13:02,533
12/08/2023 13:17,558
12/08/2023 13:31,581
12/08/2023 13:46,603
12/08/2023 14:01,623
12/08/2023 14:16,642
12/08/2023 14:46,657
12/08/2023 15:00,594
12/08/2023 15:15,511
12/08/2023 15:16,888
12/08/2023 15:31,361
12/08/2023 15:46,325
12/08/2023 16:01,324
12/08/2023 16:15,308
12/08/2023 16:30,300
12/08/2023 16:45,327
12/08/2023 17:00,264
12/08/2023 17:15,257
12/08/2023 17:30,232
12/08/2023 17:44,190
12/08/2023 17:59,143
12/08/2023 18:14,123
12/08/2023 18:29,114
12/08/2023 18:44,101
12/08/2023 18:59,93
12/08/2023 19:13,81
12/08/2023 19:28,76
12/08/2023 19:43,63
12/08/2023 19:58,56
12/08/2023 20:13,51
12/08/2023 20:28,59
12/08/2023 20:42,68
12/08/2023 21:12,65
12/08/2023 21:27,56
12/08/2023 21:42,42
12/08/2023 21:57,40
12/08/2023 22:11,18
24/08/2023 08:54,20
24/08/2023 09:08,29
24/08/2023 09:23,32
24/08/2023 09:38,48
24/08/2023 09:53,80
24/08/2023 10:08,64
24/08/2023 10:23,50
24/08/2023 10:37,67
24/08/2023 10:52,66
24/08/2023 10:59,79
24/08/2023 11:14,95
24/08/2023 11:28,97
24/08/2023 11:43,109
24/08/2023 11:58,170
24/08/2023 12:13,150
24/08/2023 12:28,161
24/08/2023 12:43,170
24/08/2023 12:44,210
24/08/2023 12:58,438
24/08/2023 13:13,274
24/08/2023 13:28,529
24/08/2023 13:43,549
24/08/2023 13:58,575
24/08/2023 14:13,560
24/08/2023 14:27,600
24/08/2023 14:29,609
24/08/2023 14:43,614
24/08/2023 14:58,624
24/08/2023 15:13,633
24/08/2023 15:28,637
24/08/2023 15:43,642
24/08/2023 15:58,643
24/08/2023 16:12,627
24/08/2023 16:27,630
24/08/2023 16:42,626
24/08/2023 16:57,622
24/08/2023 17:12,615
24/08/2023 17:27,601
24/08/2023 17:41,587
24/08/2023 17:56,571
24/08/2023 18:11,550
24/08/2023 18:26,533
24/08/2023 18:41,513
24/08/2023 18:56,487
24/08/2023 18:57,472
24/08/2023 19:12,458
24/08/2023 19:26,430
24/08/2023 19:41,400
24/08/2023 19:56,369
24/08/2023 20:11,337
24/08/2023 20:26,307
24/08/2023 20:41,275
24/08/2023 20:55,244
24/08/2023 21:10,212
24/08/2023 21:25,179
24/08/2023 21:40,140
24/08/2023 21:55,113
24/08/2023 22:10,91
24/08/2023 22:12,76
24/08/2023 22:27,59
